'Total R&D personnel (FTE)','R&D personnel - Female (FTE)','R&D personnel - Female (FTE) (\%)','Total R&D personnel (HC)','R&D personnel - Female (HC)','R&D personnel - Female (HC) (\%)','R&D personnel by sector of employment (FTE) - Business enterprise','R&D personnel by sector of employment (FTE) - Government','R&D personnel by sector of employment (FTE) - Higher education','R&D personnel by sector of employment (FTE) - Private non-profit','Total researchers (FTE)','Researchers - Female (FTE)','Researchers - Female (FTE) (\%)','Researchers per million inhabitants (FTE)','Total researchers (HC)','Researchers - Female (HC)','Researchers - Female (HC) (\%)','Researchers per million inhabitants (HC)','Researchers by sector of employment (FTE) - Business enterprise','Researchers by sector of employment (FTE) - Government','Researchers by sector of employment (FTE) - Higher education','Researchers by sector of employment (FTE) - Private non-profit','Total technicians (FTE)','Technicians - Female (FTE)','Technicians per million inhabitants (FTE)','Total technicians (HC)','Technicians - Female (HC)','Technicians per million inhabitants (HC)','Total other supporting staff (FTE)','Other supporting staff - Female (FTE)','Total other supporting staff (HC)','Other supporting staff - Female (HC)','Applications for patents (residents)','Applications for patents (non-residents)','Applications for patents (total)','Grants of patents (residents)','Grants of patents (non-residents)','Grants of patents (total)','High-technology exports (\% of manufactured exports)','Total gross domestic expenditure on R&D (GERD) 000 PPP$','GERD as \% of GDP','GERD per capita (in PPP$)','Source of Funds for R&D - Business Enterprise (\%)','Source of Funds for R&D - Government (\%)','Source of Funds for R&D - Higher education (\%)','Source of Funds for R&D - Private non-profit (\%)','Source of Funds for R&D - Funds from abroad (\%)','Source of Funds for R&D - Not distributed funds (\%)','R&D personnel per million inhabitants (FTE)','R&D personnel per million inhabitants (HC)','Sector employing the most R&D personnel','Sector employing the most researchers','Majority of applications for patents (residents - non-residents)','Applications for patents (residents) (\%)','Applications for patents (non-residents) (\%)','Applications for patents per researcher (FTE)','Applications for patents per researcher (HC)','Applications for patents per million inhabitants','Majority of grants of patents (residents - non-residents)','Grants of patents (residents) (\%)','Grants of patents (non-residents) (\%)','Grants of patents per researcher (FTE)','Grants of patents per researcher (HC)','Grants of patents per million inhabitants','Grants of patents per application for patent','GERD as \% of GNI','Sector investing the most in R&D','GNI per capita - class'
?,?,?,6558,3157,48.13968,?,?,?,?,?,?,?,?,4981,2261,45.39249,1680.78513,?,?,?,?,?,?,?,479,?,161.63342,?,?,672,?,141,51,142,115,8,124,1.848659,40037.71318,0.23853,13.5103,?,84.5208,0,?,11.6516,3.8276,?,2212.92689,N/A,N/A,residents,99.295775,35.915493,?,0.028508,47.91638,residents,92.741935,6.451613,?,0.024895,41.842473,0.873239,5331.253419,Government,middle
?,?,?,?,?,?,56532.3,?,69199.1,?,?,?,?,?,?,?,?,?,28313.4,?,60630.7,?,?,?,?,?,?,?,?,?,?,?,2409,9147,24887,1178,4500,14557,11.876593,20578063.49,2.38365,918.47952,?,?,?,?,?,?,?,?,Higher_education,Higher_education,non-residents,9.679752,36.754129,?,?,1127.879521,non-residents,8.092327,30.912963,?,?,659.723639,0.584924,547580.1887,N/A,high
58991.9,?,?,?,?,?,40036.5,2800.7,15740.1,414.8,36232.6,?,?,4312.41701,?,?,?,?,22576.6,1629.9,11771.7,254.3,?,?,?,?,?,?,?,?,?,?,4154,6908,2673,1622,2970,1130,11.905575,9449280.601,2.78775,1124.65676,44.7318,38.65066,0,0.54867,16.06883,?,7021.23704,?,Business_enterprise,Business_enterprise,non-residents,155.405911,258.436214,0.073773,?,318.60226,non-residents,143.539823,262.831858,0.031187,?,134.687824,0.422746,234706.4233,Business_enterprise,high
?,?,?,17924,9835,54.87056,?,?,?,?,?,?,?,?,11037,6101,55.2777,1213.56154,?,?,?,?,?,?,?,1819,?,200.0062,?,?,5068,?,275,181,271,127,24,126,1.083929,195299.3267,0.21848,21.47393,9.60829,88.19227,0.3116,1.86531,0,0,?,1970.81427,N/A,N/A,residents,101.476015,66.789668,?,0.024554,29.930424,residents,100.793651,19.047619,?,0.011416,13.915991,0.464945,21320.88719,Government,middle
?,?,?,31712,?,?,?,?,?,?,?,?,?,?,19879,8392,42.2154,2094.49514,?,?,?,?,?,?,?,2248,?,236.85422,?,?,9585,?,1871,1022,1933,1209,768,1222,3.040114,911642.3673,0.6935,96.05264,27.1022,58.71994,0,0.60256,13.5753,0,?,3341.24603,N/A,N/A,residents,96.79255,52.871185,?,0.097238,203.688093,residents,98.93617,62.847791,?,0.061472,128.767123,0.632178,67679.46305,Government,middle
58895.8,?,?,?,?,?,31151,4649.5,22500.7,594.6,38319.9,?,?,3502.32075,?,?,?,?,17024.9,2842.9,18165.8,286.3,?,?,?,?,?,?,?,?,?,?,2660,9144,760,1066,3965,532,10.468754,8264967.07,2.00497,755.39252,?,?,?,?,?,?,5382.89459,?,Business_enterprise,Higher_education,non-residents,350,1203.157895,0.019833,?,69.753017,non-residents,200.37594,745.300752,0.013883,?,48.827112,0.7,214953.6299,N/A,high
?,?,?,75,34,45.33333,?,?,?,?,?,?,?,?,16,6,37.5,246.33955,?,?,?,?,?,?,?,1,?,15.39622,?,?,6,?,0,222,?,0,38,?,?,?,0.22205,?,?,?,?,?,?,?,?,1154.71663,N/A,N/A,non-residents,?,?,?,?,?,non-residents,?,?,?,?,?,?,?,N/A,high
2496.6,?,?,3450,2123,61.53623,?,?,?,?,1645.975,?,?,162.05963,2153,1351,62.74965,211.98037,6,73,1369.725,197.25,257.5,?,25.35297,511,362,50.31211,593.125,?,786,410,0,5,?,?,?,?,8.397571,?,?,?,?,?,?,?,?,?,245.81058,339.68057,N/A,Higher_education,non-residents,?,?,?,?,?,N/A,?,?,?,?,?,?,?,N/A,middle
266709,?,?,469257,?,?,55436,14187,195614,1472,138653,?,?,710.27555,234797,?,?,1202.79092,35970,7667,94003,1013,128056,?,655.99047,234460,?,1201.06457,?,?,?,?,4228,1507,22686,314,491,3251,11.207632,25292076.43,1.16042,129.56332,45.43497,52.66235,1.90268,?,?,0,1366.26602,2403.85549,Higher_education,Higher_education,residents,18.637045,6.642863,0.163617,0.09662,116.213217,non-residents,9.658567,15.103045,0.023447,0.013846,16.653847,0.143304,2322504.723,Government,middle
16574,8867,53.49946,20823,10776,51.75047,2778,9346,4362,88,10979,5506,50.15029,1485.82217,14138,6870,48.59245,1913.33945,1538,5757,3608,76,3704,2189,501.27382,4482,2563,606.56298,1891,1172,2203,1343,252,139,260,124,89,251,7.913048,625845.8664,0.59794,84.69766,16.66319,43.16315,0.48409,0.09487,39.5947,0,2243.01089,2818.04126,Government,Government,residents,96.923077,53.461538,0.023682,0.01839,34.508897,residents,49.40239,35.458167,0.022862,0.017754,33.314358,0.965385,45682.18003,Government,middle
2049.47,538.054,26.25332,2548,637,25,?,?,?,?,742.445,160.43,21.60833,47.77551,1144,264,23.07692,73.61513,?,?,?,?,579.425,140.724,37.28535,608,149,39.12412,727.6,236.9,796,256,2,1,2,?,?,?,7.804008,?,?,?,?,?,?,?,?,?,131.88112,163.96097,N/A,N/A,residents,100,50,0.002694,0.001748,0.128698,N/A,?,?,?,?,?,?,?,N/A,low
?,?,?,744,?,?,?,?,?,?,?,?,?,?,374,56,14.97326,40.50796,?,?,?,?,?,?,?,117,?,12.67228,?,?,253,?,?,?,?,?,?,?,8.495675,6687.56474,0.13755,0.72433,?,?,?,?,?,?,?,80.58268,N/A,N/A,N/A,?,?,?,?,?,N/A,?,?,?,?,?,?,12860.70142,N/A,low
221360,?,?,?,?,?,136200,19880,63970,1300,149060,?,?,4367.89989,?,?,?,?,89270,9610,49780,390,49760,?,1458.11551,?,?,?,22530,?,?,?,4550,19659,35449,1906,8052,19120,14.046581,24663564.88,1.84955,722.71557,45.50719,36.0623,8.24348,3.55431,6.62606,?,6486.50423,?,Business_enterprise,Business_enterprise,non-residents,12.835341,55.457136,0.237817,?,1038.751445,non-residents,9.968619,42.112971,0.12827,?,560.267642,0.539366,642280.3354,Business_enterprise,high
11491,4202,36.56775,17910,6739,37.62702,3465,404,6133,1489,5440,1671,30.71691,317.18711,9453,3062,32.39183,551.17091,1298,292,3274,576,3909,1590,227.91993,5702,2420,332.4634,2142,941,2755,1257,328,215,1076,95,76,1020,5.483924,1155072.418,0.41962,67.34818,35.37265,37.26844,10.28357,1.34379,15.73155,0,669.99946,1044.26859,Higher_education,Higher_education,residents,30.483271,19.981413,0.197794,0.113826,62.737745,residents,9.313725,7.45098,0.1875,0.107902,59.472583,0.947955,66536.42959,Government,middle
2553828.8,?,?,3542244,894443,25.25075,1873913.2,390245.2,289670.4,?,1210840.8,?,?,890.44101,1747589,?,?,1285.16062,739890.7,231699.3,239250.8,?,?,?,?,?,?,?,?,?,?,?,293066,15252,391177,79767,5047,135110,27.512704,177746662,1.75899,130.71323,71.68975,24.01812,?,?,1.30467,?,1878.06184,2604.93314,Business_enterprise,Business_enterprise,residents,74.919026,3.899002,0.323062,0.223838,292.423965,residents,59.038561,3.735475,0.111584,0.077312,101.001342,0.345394,23794733.87,Business_enterprise,middle
24100,?,?,29717,?,?,10900,624,12576,?,20622,?,?,2925.30804,24470,?,?,3471.16127,8447,503,11672,?,2159,?,306.26225,2981,?,422.86603,1319,?,2266,?,133,1357,11702,93,574,5353,16.100109,2496583.012,0.74887,354.14966,47.64552,47.32402,0.10817,0,4.92304,0,3418.67539,4215.4679,Higher_education,Higher_education,non-residents,1.136558,11.596308,0.567452,0.478218,1665.954842,non-residents,1.737344,10.722959,0.259577,0.218758,762.079667,0.457443,51860.88518,Business_enterprise,high
638.55,280.6,43.95019,1028,433,42.12062,?,?,?,?,268.65,78.6,30.81749,502.50081,622,226,36.33441,1163.43014,?,?,?,?,340.2,?,636.33269,365,?,682.72026,29.7,?,41,?,4,19,62,0,2,156,0,18005.65221,0.05188,33.67897,0.06815,80.86556,15.12183,2.31726,0,1.62719,1194.38636,1922.83952,N/A,N/A,non-residents,6.451613,30.645161,0.230784,0.099678,115.96892,non-residents,0,1.282051,0.580681,0.250804,291.792767,2.516129,311.786186,Government,high
?,?,?,?,?,?,?,?,?,?,7160.25,2581.775,36.05705,154.16689,16123,5999,37.20772,347.14329,78.45,76.95,6399.075,586.275,?,?,?,?,?,?,?,?,?,?,133,107,1872,26,22,639,5.05632,842601.3527,0.19377,18.142,36.03498,36.63303,17.08534,6.60056,3.6461,0,?,?,N/A,Higher_education,residents,7.104701,5.715812,0.261443,0.116107,40.305913,residents,4.068858,3.442879,0.089243,0.039633,13.758268,0.341346,94568.05305,Government,middle
?,?,?,10383,2339,41.16508,?,?,?,?,5603,?,?,1199.8668,7796,1475,42.36071,1669.49163,3855,697,883,168,?,?,?,1326,388,283.9592,?,?,1261,476,8,25,1220,0,8,45,39.972342,260918.9175,0.48369,55.87506,20.70577,62.55048,?,0.35608,11.819,4.56867,?,2223.49045,N/A,Business_enterprise,non-residents,0.655738,2.04918,0.21774,0.156491,261.259593,non-residents,0,17.777778,0.008031,0.005772,9.636624,0.036885,23151.63421,Government,middle
10859,5533,50.95313,18459,9241,50.0623,2610,3622,4609,18,7104,3485,49.05687,1637.61083,12527,5879,46.93063,2887.71831,1281,2097,3716,10,2601,1280,599.58133,3973,2005,915.85414,1154,768,1959,1357,275,129,278,23,76,82,9.150102,618134.5877,0.74711,142.4921,38.8178,49.15592,1.96267,0.20038,9.86315,0,2503.21171,4255.16024,Higher_education,Higher_education,residents,98.920863,46.402878,0.039133,0.022192,62.927249,non-residents,28.04878,92.682927,0.011543,0.006546,18.561275,0.294964,34207.78017,Government,high
1302,527,40.47619,2628,1050,39.95434,299,275,589,140,905,337,37.23757,819.98034,1776,640,36.03604,1609.15479,200,102,527,76,216,89,195.70801,476,204,431.28248,181,101,376,206,39,227,8,23,123,19,36.896826,126072.7867,0.49355,114.22896,12.74972,68.34033,3.47688,0.46637,14.9667,0,1179.68442,2381.11418,Higher_education,Higher_education,non-residents,487.5,2837.5,0.00884,0.004505,7.248445,non-residents,121.052632,647.368421,0.020994,0.010698,17.215057,2.375,4160.818042,Government,high
52290.131,15938.564,30.48102,77902.99,25421.28,32.63197,26998.342,10926.427,14055.616,309.746,29227.879,7429.038,25.41764,2769.44353,43418.36,12197.97,28.09404,4114.04113,12661.046,6243.805,10114.54,208.488,15970.657,5140.534,1513.27549,23666.65,8194.08,2242.49768,7091.608,3369,10818.02,5029.51,1033,873,982,324,252,911,15.303136,4144565.046,1.55368,392.712,48.94027,39.8743,0.7649,0,10.40378,?,4954.67239,7381.58017,Business_enterprise,Business_enterprise,residents,105.193483,88.900204,0.033598,0.022617,93.347853,residents,35.565313,27.66191,0.031169,0.020982,86.59867,0.927699,177118.1644,Business_enterprise,high
57310,?,?,84440.5,?,?,37055,1507,18454,294,37601,?,?,6773.78449,54730.8,?,?,9859.70172,22967,1181,13258,195,12915,?,2326.625,18174.6,?,3274.13696,6794,?,11535.1,?,3469,7764,1768,627,3305,155,14.11161,6910432.634,3.069,1244.90789,60.69637,27.08224,0,3.48075,8.74064,?,10324.34215,15211.876,Business_enterprise,Business_enterprise,non-residents,196.210407,439.140272,0.04702,0.032304,318.691605,non-residents,404.516129,2132.258065,0.004122,0.002832,27.939592,0.08767,166356.1058,Business_enterprise,high
81286,?,?,134973,?,?,?,?,?,?,35583,14987,42.11843,455.74997,89270,37248,41.7251,1143.37744,?,?,?,?,20758,?,265.87016,20758,?,265.87016,24945,?,24945,?,605,79,2230,38,23,321,0.876451,1981686.165,0.39781,25.3816,?,?,?,?,?,?,1041.11772,1728.7452,N/A,N/A,residents,27.130045,3.542601,0.06267,0.02498,28.562022,residents,11.838006,7.165109,0.009021,0.003596,4.111394,0.143946,314553.3595,N/A,middle
?,?,?,?,?,?,?,?,?,?,?,?,?,?,516,190,36.82171,82.98228,?,?,?,?,?,?,?,?,?,?,?,?,?,?,0,4,?,0,1,?,5.792482,27557.74849,0.0672,4.43179,0.55556,70.13889,0.06944,0,8.33333,20.88889,?,?,N/A,N/A,non-residents,?,?,?,?,?,non-residents,?,?,?,?,?,?,4319.396315,Government,middle
5277,2303,43.64222,10074,4691,46.56542,1955,772,2465,85,4077,1688,41.40299,3139.69687,7491,3249,43.37205,5768.81758,1282,548,2179,68,907,404,698.48052,1790,860,1378.47864,293,211,793,582,111,193,97,34,50,120,9.26532,437596.5781,1.62511,336.99304,43.60328,44.14719,0.60792,0.19591,11.4457,0,4063.81663,7757.98536,Higher_education,Higher_education,non-residents,114.43299,198.969072,0.023792,0.012949,72.379363,non-residents,28.333333,41.666667,0.029433,0.016019,89.54148,1.237113,22983.01356,Government,high
8282,?,?,13095,1351,12.89984,256,5762,2264,?,3701,?,?,42.49369,7283,477,7.62224,83.62106,250,1583,1868,?,1441,?,16.5451,1881,52,21.59704,3140,?,3931,822,0,1,?,?,?,?,2.737154,208340.3845,0.24322,2.3921,10.77068,55.97725,1.08519,0,29.96047,2.16464,95.09126,150.35258,Government,Higher_education,non-residents,?,?,?,?,?,N/A,?,?,?,?,?,?,217021.2338,Government,low
55897.004,?,?,79979.37,27387.634,34.24337,30558.829,6835.8,17923.575,578.8,41425.036,?,?,7717.4749,57163.461,18246.722,31.92025,10649.53994,22903.88,4550.7,13547.656,422.8,?,?,?,?,?,?,?,?,?,?,3370,9676,1833,1401,5048,923,10.940575,7534479.968,3.89903,1403.67193,66.09809,25.68865,0.19727,1.14152,6.87447,?,10413.59929,14900.13866,Business_enterprise,Business_enterprise,non-residents,183.851609,527.877796,0.044249,0.032066,341.763882,non-residents,151.787649,546.912243,0.022281,0.016147,172.09387,0.503546,206141.7228,Business_enterprise,high
392875.284,93434.708,23.78228,515125.644,150206.465,29.15919,230734.96,50092.443,106389.021,5658.86,239612.896,45427.15,18.95856,3789.49256,319051.138,81629.352,25.58504,5045.8132,139885.258,26738.865,70189.362,2799.41,117350.29,?,1855.90199,?,?,?,35912.099,?,?,?,24278,41345,16580,13315,20091,9899,24.915279,49934337.1,2.23959,789.71458,53.50431,37.04139,1.03539,0.80998,7.60892,?,6213.34656,8146.74346,Business_enterprise,Business_enterprise,non-residents,146.429433,249.366707,0.069195,0.051967,254.954408,non-residents,134.508536,202.959895,0.041312,0.031026,152.219161,0.597045,1427919.277,Business_enterprise,high
548526.118,?,?,?,?,?,337211,90530.774,120784.343,?,327953.106,?,?,3950.41389,?,?,?,?,185815,51783.483,90354.623,?,113207.636,?,1363.66148,?,?,?,107365.376,?,?,?,74401,99131,59245,22183,48469,13678,15.25099,86279753.07,2.80217,1039.29717,65.58644,30.29507,?,0.23494,3.88355,?,6607.36293,?,Business_enterprise,Business_enterprise,non-residents,125.581906,167.323825,0.180651,?,724.470826,non-residents,162.180143,354.357362,0.041707,?,167.259886,0.230872,2243946.764,Business_enterprise,high
876,387,44.17808,1374,643,46.79767,?,321,555,?,363,145,39.9449,25.31103,592,263,44.42568,41.27859,?,112,251,?,273,?,19.03556,517,223,36.04904,240,?,265,157,7,6,381,0,3,104,5.683671,29789.51673,0.0435,2.07714,?,18.28847,30.91787,?,50.79365,0,61.08115,95.80537,Higher_education,Higher_education,residents,1.83727,1.574803,1.049587,0.643581,26.566118,non-residents,0,2.884615,0.286501,0.175676,7.251644,0.272966,6475.981898,Abroad,middle
31480,12023,38.1925,53991,22104,40.94016,14999,8225,8256,?,21342,6447,30.20804,2131.08159,35700,11418,31.98319,3564.78365,10274,5027,6041,?,5967,3230,595.82812,9329,5141,931.53688,4171,2346,8962,5545,752,882,696,58,517,65,24.009731,2404647.859,1.15977,240.11343,47.37328,39.33764,?,0.93562,12.35345,?,3143.40026,5391.21104,Business_enterprise,Business_enterprise,non-residents,108.045977,126.724138,0.032612,0.019496,69.59984,non-residents,89.230769,795.384615,0.003046,0.001821,6.499985,0.093391,121939.5466,Business_enterprise,high
16857,6357,37.71134,103172,42323,41.02179,?,2702,14155,?,12849,4380,34.08826,414.98748,38572,13197,34.21394,1245.76987,?,2128,10721,?,1927,?,62.23682,41320,?,1334.52273,1988,?,23156,?,0,2,?,?,?,?,?,71326.25723,0.06292,2.30364,?,100,?,?,?,0,544.43489,3332.17279,Higher_education,Higher_education,non-residents,?,?,?,?,?,N/A,?,?,?,?,?,?,19595.12561,Government,middle
19721,6586.18,33.39679,32533.35,11262.09,34.61706,12194,1027,6500,?,14175,4665.76,32.91541,3172.87218,21226.3,7000.45,32.98008,4751.20541,7884,562,5729,?,3052,884.36,683.1468,4947.28,1206.02,1107.37828,2494,1036.06,6359.77,3055.62,1248,2854,792,361,1304,243,21.229046,3133954.461,1.71323,701.49114,52.60243,29.50047,0.80075,0.57624,16.52011,?,4414.26541,7282.12777,Business_enterprise,Business_enterprise,non-residents,157.575758,360.353535,0.055873,0.037312,177.008714,non-residents,148.559671,536.625514,0.017143,0.011448,54.309492,0.306818,89978.59493,Business_enterprise,high
?,?,?,?,?,?,53200,?,9120,?,?,?,?,?,?,?,?,?,?,?,?,?,?,?,?,?,?,?,?,?,?,?,1450,9478,7306,343,3286,2293,14.663214,8962762.461,4.34654,1207.85956,?,?,?,?,?,?,?,?,Business_enterprise,N/A,non-residents,19.846701,129.72899,?,?,958.339892,non-residents,14.95857,143.305713,?,?,300.776536,0.313852,341178.6243,N/A,high
225631.6,77526.7,34.35986,348215,124231,35.67652,112211.7,34664.8,72298.6,6456.5,103424.3,35791.9,34.60686,1709.23892,149807,51646,34.47502,2475.78136,38296.8,17495.7,43470.2,4161.6,?,?,?,?,?,?,?,?,?,?,12965,14945,9723,16741,8118,16106,7.243133,24540528.1,1.26361,405.56838,44.66163,41.56403,0.88357,3.07059,9.82018,?,3728.89458,5754.76585,Business_enterprise,Higher_education,non-residents,133.343618,153.707703,0.094011,0.064904,160.754892,residents,103.94263,50.403576,0.155727,0.107512,266.288006,1.656485,768572.7561,Business_enterprise,high
877928,?,?,1159546,221929,19.1393,614772,61830,188324,13002,656032,?,?,5151.29491,894138,123181,13.77651,7020.951,490538,32422,125263,7809,74857,?,587.79219,88005,30404,691.03292,147039,?,177403,68344,290081,178239,344598,187237,99607,222693,17.96281,139626225.8,3.25806,1096.37314,75.93114,17.17263,5.6646,0.78493,0.44671,?,6893.66683,9104.98787,Business_enterprise,Business_enterprise,residents,84.179537,51.723748,0.525276,0.385397,2703.779984,residents,84.07853,44.728393,0.339454,0.249059,1747.290686,0.64624,4038942.023,Business_enterprise,high
?,?,?,?,?,?,?,?,?,?,?,?,?,?,?,?,?,?,?,?,?,?,?,?,?,?,?,?,?,?,?,?,45,20,474,12,17,64,2.861994,?,?,?,?,?,?,?,?,?,?,?,N/A,N/A,residents,9.493671,4.219409,?,?,78.398941,non-residents,18.75,26.5625,?,?,10.585511,0.135021,?,N/A,middle
?,?,?,17021,8638,50.74907,?,?,?,?,?,?,?,?,10870,5339,49.11684,682.74061,?,?,?,?,?,?,?,1078,?,67.70877,?,?,2754,?,1711,210,1964,1657,144,1868,30.573136,302790.8201,0.15341,19.01818,36.60284,36.72595,17.2075,8.88732,0.57639,0,?,1069.08261,N/A,N/A,residents,87.118126,10.692464,?,0.180681,120.318904,residents,88.704497,7.708779,?,0.171849,114.437736,0.95112,29002.95212,Government,middle
829,320,38.60072,829,320,38.60072,?,829,?,?,407,152,37.34644,136.04851,407,152,37.34644,136.04851,?,407,?,?,98,?,32.75861,98,?,32.75861,324,?,324,?,0,72,?,0,16,?,?,130185.1303,0.09413,43.51718,5.18519,94.80231,?,0,?,?,277.11109,277.11109,Government,Government,non-residents,?,?,?,?,?,non-residents,?,?,?,?,?,?,2725.248699,Government,high
?,?,?,3129,1428,45.63758,?,?,?,?,?,?,?,?,1974,876,44.3769,370.06327,?,?,?,?,?,?,?,261,?,48.92934,?,?,428,?,139,42,140,113,57,?,0.977566,19011.68322,0.15547,3.5641,?,?,?,?,?,?,?,586.58965,N/A,N/A,residents,99.285714,30,?,0.070922,25.697975,residents,?,?,?,?,?,?,9184.388029,N/A,low
5563,2663,47.86985,9174,4597,50.109,1260,1018,3285,?,3896,1823,46.79158,1863.65204,6517,3313,50.83627,3117.40769,632,635,2629,?,915,401,437.69035,1618,656,773.97048,752,439,1039,628,211,243,185,186,57,184,7.644312,215823.1576,0.60459,103.23903,38.83117,26.36364,1.42857,?,33.37662,?,2661.06168,4388.38394,Higher_education,Higher_education,non-residents,114.054054,131.351351,0.047485,0.028387,82.625877,residents,101.086957,30.978261,0.047228,0.028234,82.179251,0.994595,12823.71703,Business_enterprise,middle
12316,6490,52.69568,18913,10111,53.46058,2069,2555,7692,?,8600,4368,50.7907,2802.71159,14056,7203,51.24502,4580.80397,1242,1468,5890,?,1691,885,551.09131,2304,1207,750.86599,2025,1237,2553,1701,117,57,114,72,11,84,10.608376,477210.2486,0.80127,155.52124,32.39251,46.03007,1.46399,0.18465,19.92878,?,4013.74372,6163.68422,Higher_education,Higher_education,residents,102.631579,50,0.013256,0.00811,34.68398,residents,85.714286,13.095238,0.009767,0.005976,25.556617,0.736842,26006.0081,Government,middle
4988,?,?,?,?,?,3388,1006,594,?,2636,?,?,5190.15131,?,?,?,?,1460,658,518,?,1699,?,3345.24548,?,?,?,653,?,?,?,502,1388,100,190,737,87,8.365463,637049.4763,1.4825,1254.31835,44.30358,34.82082,0.08452,0.08452,20.70656,?,9821.12092,?,Business_enterprise,Business_enterprise,non-residents,502,1388,0.037936,?,197.256945,non-residents,218.390805,847.126437,0.033005,?,171.613542,0.87,11042.63263,Business_enterprise,high
1785,635,35.57423,3020,1085,35.92715,?,?,1785,?,1099,371,33.75796,52.13588,2334,821,35.17566,110.72352,?,?,1099,?,326,?,15.46524,326,?,15.46524,360,?,360,?,9,0,43,5,0,55,1.037519,22304.53743,0.11187,1.05811,?,100,?,?,?,?,84.6793,143.26694,Higher_education,Higher_education,residents,20.930233,0,0.039126,0.018423,2.039893,residents,9.090909,0,0.050045,0.023565,2.609166,1.27907,23983.37358,Government,low
50483.98,22770.85,45.1051,88314,41404,46.88271,9117.57,4114.96,37251.45,?,41253.37,19028.55,46.12605,1458.96204,67412,32890,48.78953,2384.08521,5477.62,2403,33372.75,?,3675.62,?,129.99156,7210,?,254.98805,5554.99,?,13692,?,1231,706,6383,200,316,2160,44.521243,4615920.011,1.07049,163.24611,59.58499,36.41886,3.54847,0,0.35602,0.09165,1785.41076,3123.30299,Higher_education,Higher_education,residents,19.285602,11.06063,0.154727,0.094686,225.74046,non-residents,9.259259,14.62963,0.052359,0.032042,76.390317,0.338399,314435.9681,Business_enterprise,middle
1121,279,24.88849,1836,547,29.79303,754,57,311,0,599,154,25.70952,1410.28116,1077,303,28.1337,2535.68082,341,34,224,0,341,36,802.84787,432,50,1017.0976,181,88,327,194,43,112,19,18,59,4,47.080113,75599.91065,0.68136,177.99187,53.8848,34.70248,0.22383,0.12382,11.06508,?,2639.27409,4322.6648,Business_enterprise,Business_enterprise,non-residents,226.31579,589.473684,0.03172,0.017642,45.673626,non-residents,450,1475,0.006678,0.003714,9.6155,0.210526,3099.627333,Business_enterprise,high
79601,?,?,79601.452,?,?,?,?,?,?,45044.722,?,?,382.10277,45044.722,?,?,382.10277,18696.328,8755.59,16365.041,1227.762,20990,?,178.05276,20990.322,?,178.05549,13566,?,13566.409,?,951,680,14576,229,195,9399,16.937809,8207513.286,0.47731,69.62222,58.45709,35.22944,4.80083,0.14992,1.36273,?,675.23478,675.23861,N/A,Business_enterprise,residents,6.524424,4.665203,0.32359,0.32359,123.644454,residents,2.436429,2.074689,0.208659,0.208659,79.729296,0.644827,562158.4442,Business_enterprise,middle
?,?,?,2517,1312,52.12555,?,?,?,?,?,?,?,?,1739,865,49.74123,641.04974,?,?,?,?,?,?,?,129,?,47.55343,?,?,649,?,110,1,179,50,0,96,?,31317.02125,0.28335,11.54443,7.24037,61.13485,1.49144,0,4.23945,25.8943,?,927.84486,N/A,N/A,residents,61.452514,0.558659,?,0.102933,65.984994,residents,52.083333,0,?,0.055204,35.3886,0.536313,8510.060122,Government,middle
28041,8587,32.13217,37446,10455,30.03188,1317,4794,21930,?,23280,7744,33.2646,735.72262,31369,9482,30.22729,991.36095,?,1350,21930,?,1697,?,53.63064,1697,?,53.63064,1747,?,1747,?,152,31,1034,5,23,808,7.692046,1115601.372,0.73354,35.25658,29.93796,23.06678,45.28365,?,1.7116,0,886.18548,1183.41363,Higher_education,Higher_education,residents,14.700193,2.998066,0.044416,0.032962,32.677714,non-residents,0.618812,2.846535,0.034708,0.025758,25.53539,0.781431,243581.0856,Higher_education,middle
2164.41,728.64,33.6646,3313,1110,33.50438,?,1273.46,755.03,135.91,912.34,294.15,32.24127,38.06609,1588,512,32.24181,66.25704,?,324.03,556.14,32.17,1092.87,?,45.59844,1390,?,57.99577,159.2,?,335,?,?,?,?,?,?,?,1.267976,99308.49982,0.46587,4.14351,?,18.84008,0,3.0199,78.14001,0,90.30692,138.23021,Government,Higher_education,N/A,?,?,?,?,?,N/A,?,?,?,?,?,?,112850.568,Abroad,low
?,?,?,41911,6803,16.23202,?,?,?,?,?,?,?,?,5123,399,7.78841,190.82906,?,?,?,?,?,?,?,12053,?,448.96792,?,?,21167,?,0,1,?,?,?,?,0.62207,108542.7305,0.30198,4.04316,?,?,?,?,?,?,?,1561.16274,N/A,N/A,non-residents,?,?,?,?,?,N/A,?,?,?,?,?,?,81002.03766,N/A,low
100544,?,?,127154,?,?,54139,11424,34981,0,53703,?,?,3232.15255,64829,?,?,3901.77863,26588,6959,20156,0,22128,?,1331.78913,27586,?,1660.28267,24714,?,34744,?,8484,24904,2767,3322,11012,1947,21.294116,12810065.7,1.85005,770.98275,?,?,?,?,?,?,6051.31084,7652.85226,Business_enterprise,Business_enterprise,non-residents,306.613661,900.03614,0.051524,0.042682,166.532313,non-residents,170.621469,565.588084,0.036255,0.030033,117.180489,0.70365,313204.5404,N/A,high
36121,?,?,63876,24667,38.61701,17821,6332,11968,?,26451,?,?,5407.81898,44774,15998,35.73056,9153.89539,12504,4479,9468,?,?,?,?,?,?,?,?,?,?,?,1633,3962,1813,614,1783,1631,16.150289,4720738.646,1.69462,965.13932,?,?,?,?,?,?,7384.81832,13059.23577,Business_enterprise,Business_enterprise,non-residents,90.071704,218.532819,0.068542,0.040492,370.813368,non-residents,37.645616,109.319436,0.061661,0.036427,333.58886,0.899614,81210.02315,N/A,high
?,?,?,?,?,?,?,?,?,?,?,?,?,?,?,?,?,?,?,?,?,?,?,?,?,?,?,?,?,?,?,?,114,22,1094,19,3,238,1.685224,?,?,?,?,?,?,?,?,?,?,?,N/A,N/A,residents,10.420475,2.010969,?,?,6.318247,residents,7.983193,1.260504,?,?,1.374536,0.21755,?,N/A,middle
553,?,?,1713.64,?,?,?,?,?,?,410,?,?,111.46975,501,?,?,136.21059,?,?,?,?,?,?,?,1066,?,289.82134,143,?,146.64,?,0,51,468,0,58,378,0.826046,95432.0762,0.19382,25.94583,2.31214,44.12331,3.08285,0.96339,49.5183,0,150.34822,465.90004,N/A,N/A,non-residents,0,10.897436,1.141463,0.934132,127.238639,non-residents,0,15.343915,0.921951,0.754491,102.76967,0.807692,6850.831027,Abroad,middle
81842.5,?,?,129792,53633,41.32227,18424.3,20180.2,43110.5,127.5,64511.1,24745,38.35774,1688.82734,100934,39383,39.01857,2642.3375,11729.5,13552.6,39169.8,59.2,10938.6,?,286.36013,17074,7162,446.97793,6392.8,?,11784,7088,3408,653,3430,1430,158,3004,6.685216,5625295.106,0.7354,147.26384,24.41485,60.93489,2.51723,0.31489,11.81813,?,2142.54371,3397.80716,Higher_education,Higher_education,residents,99.358601,19.037901,0.053169,0.033983,89.828946,residents,47.603196,5.259654,0.046566,0.029762,78.672348,0.875802,292679.2459,Government,high
52348.443,23096.733,44.12115,107892,48005,44.49357,14036.26,3328.253,29824.158,5159.771,46255.903,20721.633,44.79781,4367.97087,96234,43785,45.49847,9087.43061,10571.83,2440.013,28590.998,4653.061,4004.14,1481.39,378.11319,7318,2659,691.04285,2088.4,893.71,4340,1561,580,479,545,150,156,140,3.412607,4321080.505,1.59181,408.04206,44.08664,44.93147,3.16942,4.61191,3.2006,?,4943.29284,10188.30209,Higher_education,Higher_education,residents,106.422018,87.889908,0.011782,0.005663,51.234584,non-residents,107.142857,111.428571,0.003027,0.001455,13.161178,0.256881,175155.2698,Government,high
335228.358,?,?,500124,110784,22.15131,230221.43,26938.643,73510.94,4557.345,264117.936,?,?,5450.90833,345912,57662,16.66956,7138.98734,202078.603,19753.373,39264.75,3021.21,47556.569,?,981.4801,103618,32399,2138.4849,23553.853,?,50594,20723,131805,46839,170101,51404,24596,68843,29.465932,52843720.32,3.73781,1090.59718,71.80422,26.7468,0.85204,0.38035,0.21659,?,6918.49662,10321.63933,Business_enterprise,Business_enterprise,residents,77.486317,27.535993,0.644034,0.491746,3442.64319,residents,74.668449,35.72767,0.260652,0.199019,1393.300951,0.404718,1844457.952,Business_enterprise,high
4316,2233,51.73772,5114,2670,52.20962,?,?,?,?,2709,1258,46.4378,758.18131,3267,1530,46.83196,914.35154,?,?,?,?,287,?,80.32412,369,?,103.27387,1320,?,1478,?,148,83,150,129,34,132,8.259889,48482.8962,0.43987,13.56915,?,?,?,?,7.36875,92.63125,1207.94039,1431.28062,N/A,N/A,residents,98.666667,55.333333,0.055371,0.045914,42.110441,residents,97.727273,25.757576,0.048726,0.040404,37.057188,0.88,14559.42829,N/A,middle
26171,11916,45.53131,39065,17639,45.15295,8271,8704,9054,142,19780,8797,44.47422,904.78795,30707,13519,44.02579,1404.61696,5853,5590,8245,92,3139,1695,143.58591,3414,1850,156.16512,3252,1424,4944,2270,1396,105,1418,423,46,447,10.946779,1463227.765,0.46185,66.93179,32.26955,54.39788,2.16854,0,11.12574,?,1197.12868,1786.93333,Higher_education,Higher_education,residents,98.448519,7.404795,0.071689,0.046178,66.144227,residents,94.630872,10.290828,0.022599,0.014557,20.850825,0.315233,95886.48528,Government,middle
839992,?,?,736540,?,?,444111,280506,113353,2022,442071,?,?,3078.10489,368915,153863,41.7069,2568.72553,211214,145056,84359,1442,68042,?,473.77098,59276,?,412.73403,329879,?,308349,?,29022,3813,42500,21783,1850,30322,9.277568,33425302.28,1.15861,232.7377,25.50722,70.34922,0.46555,0.13038,3.54763,?,5848.79687,5128.4689,Business_enterprise,Business_enterprise,residents,68.287059,8.971765,0.096138,0.115203,298.478113,residents,71.838929,6.101181,0.068591,0.082192,212.951843,0.713459,1662123.435,Government,middle
17273.9,8798.74,50.93662,19341,9815,50.74712,995.86,5238.67,11035.37,4,10984.95,5370.14,48.88634,1138.67792,12637,6169,48.81697,1309.92611,251.86,2634.67,8098.42,?,2428.1,?,251.69198,2578,?,267.23032,3860.85,?,4126,?,290,100,329,98,17,427,?,636529.3322,0.76436,65.98136,8.6205,59.40217,28.35749,0,3.57619,0,1790.57788,2004.84933,Higher_education,Higher_education,residents,88.145897,30.395137,0.02995,0.026035,45.121427,residents,22.95082,3.981265,0.038871,0.03379,58.561853,1.297872,58774.63824,Government,middle
37012.955,?,?,43164,14368,33.287,19168.725,2967.14,14877.09,?,32030.565,?,?,6306.50925,36561,10712,29.29898,7198.5082,16507.625,1757.2,13765.74,?,2341.53,?,461.02467,3101,1234,610.55699,2640.86,?,3502,2422,895,3334,9773,369,1480,4442,49.908655,6140515.291,2.09299,1209.00822,53.1235,40.2225,1.7844,?,4.8696,?,7287.49378,8498.5752,Business_enterprise,Business_enterprise,non-residents,9.157884,34.114397,0.305115,0.267307,1925.069435,non-residents,8.307069,33.318325,0.13868,0.121496,874.97784,0.454518,107201.7334,Business_enterprise,high
18187.5,8011.5,44.04948,28128,12303,43.73933,3230.2,4359.3,10535,63,15182.8,6376.2,41.99621,2794.32705,24049,10192,42.38014,4426.11187,1927.7,2998.6,10203.4,53.1,2087.1,1045.9,384.12151,2841,1318,522.87346,917.6,589.4,1238,793,258,113,282,69,70,376,6.767771,796080.4915,0.63332,146.51509,35.06001,49.57117,0.42294,0.2798,14.66584,?,3347.32877,5176.83374,Higher_education,Higher_education,residents,91.489362,40.070922,0.018574,0.011726,51.932755,non-residents,18.351064,18.617021,0.024765,0.015635,69.243673,1.333333,36567.77637,Government,high
12940,4696,36.29057,17972,6856,38.14823,7056,3141,2727,16,7703,2668,34.63586,3749.81988,11056,4018,36.34226,5382.06006,3389,2036,2262,16,3928,1386,1912.15014,5143,1944,2503.61206,1309,642,1773,894,577,466,453,274,283,250,5.723364,1143814.327,2.10624,556.80874,58.37585,35.26776,0.28394,0.06153,6.01092,?,6299.19113,8748.7684,Business_enterprise,Business_enterprise,residents,127.373068,102.869757,0.058808,0.040973,221.128458,non-residents,109.6,113.2,0.032455,0.022612,122.035573,0.551876,43790.74761,Business_enterprise,high
222021.7,88869.9,40.02757,360229,143333,39.78941,92221.3,46007.7,83299.9,492.8,134653,51830.5,38.4919,2915.70069,224000,86053,38.41652,4850.37061,45377.3,24377.2,64589.8,308.7,60696.6,24051.7,1314.2902,86268,32758,1867.99898,26672.2,12987.7,49960,24523,5002,5731,3779,2892,1873,2773,6.357351,20232481.35,1.39086,438.10283,42.99036,46.64136,3.94841,0.68494,5.73493,?,4807.53361,7800.19712,Business_enterprise,Higher_education,non-residents,132.363059,151.653877,0.028065,0.016871,82.025621,residents,104.291381,67.544176,0.020594,0.012379,60.189745,0.733792,651190.2591,Government,high
5714,2258,39.51698,14069,4455,31.66536,1729,3115,843,27,2140,842,39.34579,103.08891,5162,1906,36.92367,248.66588,678,878,579,5,1851,?,89.16709,3907,?,188.20953,1723,?,5000,?,225,18,460,220,3,504,1.025951,164875.8259,0.15664,7.94246,40.92634,55.90192,0.1866,0,2.72415,0.25746,275.25704,677.73736,Government,Government,residents,48.913043,3.913043,0.214953,0.089113,22.272793,residents,43.650794,0.595238,0.235514,0.097637,24.403234,1.095652,32975.16519,Government,middle
77418,?,?,?,?,?,54797,3110,19471,40,49312,?,?,5255.85579,?,?,?,?,30440,1892,16959,21,?,?,?,?,?,?,?,?,?,?,5756,16687,2549,2583,8002,1380,13.696251,12485646.92,3.39194,1330.76654,?,?,?,?,?,?,8251.49747,?,Business_enterprise,Business_enterprise,non-residents,225.814045,654.648882,0.051691,?,271.802703,non-residents,187.173913,579.855073,0.027985,?,147.150934,0.541389,311130.0006,N/A,high
?,?,?,?,?,?,?,718.6,24719.3,?,?,?,?,?,?,?,?,?,?,471.1,16810.3,?,?,?,?,?,?,?,?,?,?,?,8364,31029,2155,2850,13692,741,24.844806,?,?,?,?,?,?,?,?,?,?,?,Higher_education,Higher_education,non-residents,388.12065,1439.860789,?,?,275.402564,non-residents,384.615385,1847.773279,?,?,94.697587,0.343852,?,N/A,high
?,?,?,2827,?,?,?,?,?,?,?,?,?,?,1802,?,?,236.2558,?,?,?,?,?,?,?,329,?,43.13438,?,?,696,?,9,16,10,3,8,3,?,13167.13498,0.08915,1.72631,1.90654,76.20981,0.39865,?,?,19.65429,?,370.64103,N/A,N/A,non-residents,90,160,?,0.005549,1.311075,non-residents,100,266.666667,?,0.001665,0.393323,0.3,6966.738085,Government,low
?,?,?,1351,614,45.44782,?,?,?,?,?,?,?,?,951,462,48.58044,716.06323,?,?,?,?,?,?,?,400,152,301.18327,?,?,?,?,0,23,?,0,6,?,0.10011,17455.15919,0.05069,13.143,?,?,?,?,?,?,?,1017.24651,N/A,N/A,non-residents,?,?,?,?,?,non-residents,?,?,?,?,?,?,714.20455,N/A,high
81791.542,24347.915,29.76826,147417,48755,33.07285,37521.699,11357.241,32912.602,?,64340.964,21056.333,32.72617,891.92061,124796,44671,35.79522,1729.9729,25341.719,6086.644,32912.602,?,10351.792,1740.965,143.50075,13322,2144,184.67498,7098.787,1550.618,9299,1940,3464,747,3357,89,298,?,1.934102,9713370.399,0.84343,134.65069,45.12429,30.82088,19.55972,3.66729,0.82782,?,1133.82762,2043.55441,Business_enterprise,Higher_education,residents,103.18737,22.252011,0.052175,0.0269,46.536099,non-residents,?,?,?,?,?,?,614381.4294,Business_enterprise,middle
116320.9,?,?,141086,?,?,?,?,?,?,60811.5,?,?,1320.54744,73413,33159,45.16775,1594.19434,?,?,?,?,13052.8,?,283.44707,16151,?,350.72579,21592.6,?,26032,?,2556,482,5312,2034,351,3874,4.336272,2545635.442,0.83098,55.27955,26.20983,46.67768,0.19194,0.11146,25.74356,1.06553,2525.95753,3063.74215,N/A,N/A,residents,48.11747,9.073795,0.087352,0.072358,115.80377,residents,52.503872,9.060403,0.063705,0.05277,84.454783,0.729292,389240.8933,Government,middle
350766.363,?,?,524333.093,194417.335,37.07897,154870.282,18745.38,170446.4,6704.3,256584.957,?,?,4134.04296,394755.033,151280.089,38.32252,6360.21021,84074.007,8619.85,159941.4,3949.7,59290.127,?,955.27008,90714.579,28178.231,1461.57425,34891.279,?,38863.481,14959.014,20892,29973,21929,4180,12524,5594,21.019422,39505812.51,1.79753,636.50936,44.04911,32.27832,1.23532,4.8125,17.62477,?,5651.474,8447.94471,Higher_education,Higher_education,non-residents,95.271102,136.682019,0.085465,0.055551,352.153292,non-residents,74.722917,223.882732,0.021802,0.014171,89.832893,0.255096,1096774.362,Business_enterprise,high
?,?,?,?,?,?,?,?,?,?,?,?,?,?,?,?,?,?,?,?,?,?,?,?,?,?,?,?,?,?,?,?,241977,190934,490226,107792,83050,219614,19.934386,408657000,2.83408,1308.76149,60.97583,32.47051,2.934,3.61991,0,?,?,?,N/A,N/A,residents,49.360295,38.948159,?,?,1584.818746,residents,49.082481,37.816351,?,?,709.975367,0.447985,8360413.257,Business_enterprise,high
?,?,?,?,?,?,?,?,?,?,1935,?,?,573.84648,3169,1625,51.27801,939.80336,20,220,1329,47,?,?,?,?,?,?,?,?,?,?,23,52,784,4,15,29,?,189787.1365,0.40376,56.28356,47.14286,22.9386,26.60401,0.87719,1.67293,0.76441,?,?,N/A,Higher_education,non-residents,2.933673,6.632653,0.405168,0.247397,232.504207,non-residents,13.793103,51.724138,0.014987,0.009151,8.600283,0.03699,14280.44669,Business_enterprise,middle
?,?,?,36358,15493,42.61235,?,?,?,?,?,?,?,?,30343,12487,41.15282,1092.68267,?,?,?,?,?,?,?,1900,?,68.42096,?,?,1978,?,370,4,632,111,2,192,?,?,?,?,?,?,?,?,?,?,?,1309.28901,N/A,N/A,residents,58.544304,0.632911,?,0.020829,22.126992,residents,57.8125,1.041667,?,0.006328,6.722124,0.303797,?,N/A,middle
