R&D personnel - Female (FTE) (%),R&D personnel - Female (HC) (%),Sector employing the most R&D personnel,R&D personnel by sector of employment (FTE) - Business enterprise (%),R&D personnel by sector of employment (FTE) - Government (%),Researchers - Female (FTE) (%),Researchers per million inhabitants (FTE),Researchers - Female (HC) (%),Researchers per million inhabitants (HC),Sector employing the most researchers,Researchers by sector of employment (FTE) - Business enterprise (%),Researchers by sector of employment (FTE) - Government (%),Technicians per million inhabitants (FTE),Technicians per million inhabitants (HC),Majority of applications for patents (residents - non-residents),Applications for patents per researcher (HC),Applications for patents per capita,Majority of grants of patents (residents - non-residents),Grants of patents per researcher (HC),Grants of patents per capita,High-technology exports (% of manufactured exports),GERD as % of GNI,GERD as % of GDP,GERD per capita (PPP$),Source of Funds for R&D - Business Enterprise (%),Source of Funds for R&D - Funds from abroad (%),Sector investing the most in R&D,GNI per capita - class
?,?,N/A,?,?,?,?,?,?,N/A,?,?,?,?,N/A,?,?,N/A,?,?,0.9,?,?,?,?,?,N/A,middle
33.4,34,Higher_education,?,16.71,37,170,35,420,Higher_education,?,13.05,35,62,non-residents,0.01,0.000004,non-residents,0.0074,0.000003,0.61,0.24,0.23,12.6,?,?,N/A,middle
?,?,N/A,?,?,?,?,?,?,N/A,?,?,?,?,residents,?,0,N/A,?,?,?,?,?,?,?,?,N/A,low
?,?,N/A,?,?,?,688,49,1085,Higher_education,11.86,36.76,316,316,non-residents,0.1596,0.000173,non-residents,0.0392,0.000043,8.96,0.44,0.43,51.9,22.5,1.2,Government,middle
?,46,Government,?,83.17,?,?,43,1660,Government,?,97.96,?,135,residents,0.0305,0.000051,residents,0.0364,0.00006,4.5,0.27,0.28,7.6,?,1.4,Government,low
?,?,N/A,?,?,?,?,?,?,N/A,?,?,?,?,residents,?,0.00001,non-residents,?,0.00003,1.31,?,?,?,?,?,N/A,high
?,?,Higher_education,33.52,17.29,?,3750,?,?,Higher_education,27.95,10.98,?,?,non-residents,?,0.001534,non-residents,?,0.000706,15.45,1.7,1.66,473.8,50.7,3.6,Business_enterprise,high
22,28,Business_enterprise,68.72,5.3,16,2960,21,4867,Business_enterprise,66.33,4.14,1254,2056,residents,0.0531,0.000261,residents,0.035,0.000172,13.65,2.09,2.04,599.2,41.8,19.7,Business_enterprise,high
?,52,Government,16.63,76.51,?,?,50,1237,Government,18.59,72.03,?,189,residents,0.0283,0.000035,residents,0.008,0.00001,8.85,0.38,0.35,9.8,25.8,0,Government,low
?,?,N/A,?,?,?,?,?,?,N/A,?,?,?,?,non-residents,?,0.000045,non-residents,?,0.000038,0.01,?,?,?,?,?,N/A,middle
?,13,N/A,?,?,?,?,14,46,Government,?,69.76,?,32,residents,0.0057,0,residents,0.0025,0,0.2,?,?,?,?,?,N/A,low
?,?,N/A,?,?,?,?,?,?,N/A,?,?,?,?,non-residents,?,0.000255,non-residents,?,0.000011,22.1,?,?,?,?,?,N/A,middle
?,?,Business_enterprise,48.58,41.83,?,?,45,1918,Government,44.45,44.53,?,234,residents,0.0598,0.000115,residents,0.0276,0.000053,3.95,0.71,0.71,36.6,24.3,9,Government,middle
28,32,Business_enterprise,63.43,6.57,26,3120,28,4261,Business_enterprise,55.81,6.02,1456,1964,residents,0.0189,0.000081,residents,0.019,0.000082,10.18,2.04,2.08,591.1,63.4,12.1,Business_enterprise,high
?,?,N/A,?,?,?,?,?,?,N/A,?,?,?,?,non-residents,?,0.000027,non-residents,?,0.000004,0.02,?,?,?,?,?,N/A,middle
?,?,N/A,?,?,?,?,?,?,N/A,?,?,?,?,N/A,?,?,N/A,?,?,0.14,?,?,?,?,?,N/A,low
?,43,N/A,?,?,?,124,40,147,Higher_education,11.33,17.52,6,29,non-residents,0.0984,0.000014,non-residents,0.0376,0.000006,13.5,0.31,0.3,7.2,18,11,Higher_education,middle
?,28,Higher_education,17.57,39.95,?,?,31,979,Higher_education,8.51,40.39,?,233,N/A,?,?,N/A,?,?,0.25,0.55,0.54,48.3,?,?,N/A,middle
?,?,N/A,?,?,?,384,45,661,Higher_education,30.5,6.86,308,545,non-residents,0.1715,0.000113,non-residents,0.0308,0.00002,19.12,1.09,1.05,77,39.1,?,Government,middle
?,?,Higher_education,12.14,42.14,?,283,27,841,Higher_education,16.16,24.24,?,?,non-residents,0.2993,0.000258,N/A,?,?,4.31,?,?,3,?,?,N/A,high
53,52,Government,12.59,69.75,46,1161,46,1315,Government,11.74,65.99,477,521,non-residents,0.1022,0.000135,non-residents,0.0407,0.000054,2.74,0.45,0.45,29.4,27.1,5.7,Government,middle
18,18,Government,?,100,14,20,14,20,Government,?,100,21,21,N/A,?,?,N/A,?,?,6.98,0.19,0.19,2,?,?,Government,low
?,?,N/A,?,?,?,?,?,?,N/A,?,?,?,?,non-residents,?,0.000001,non-residents,?,0.000001,2.41,?,?,?,?,?,N/A,low
23,22,Government,17.21,50.4,22,17,21,56,Government,15.7,50.67,13,41,N/A,?,?,N/A,?,?,0.07,0.06,0.05,1,0,28.4,Private_non-profit,low
?,?,N/A,?,?,19,28,19,28,Government,?,100,?,?,N/A,?,?,N/A,?,?,1.05,?,?,?,?,?,N/A,low
?,?,Business_enterprise,64.28,9.45,?,3709,?,?,Business_enterprise,63.77,6.25,1303,?,non-residents,?,0.001278,non-residents,?,0.000387,16.57,2.19,2.13,603.8,50.3,12.6,Business_enterprise,high
?,43,N/A,?,?,?,98,52,171,N/A,?,?,30,35,N/A,?,?,N/A,?,?,0.93,?,?,?,?,?,N/A,middle
?,?,N/A,?,?,?,413,33,499,Higher_education,14.19,7.45,303,389,residents,0.3536,0.000176,non-residents,0.0522,0.000026,3.23,0.56,0.54,51.9,24.9,4.1,Government,middle
?,?,Business_enterprise,55.63,26.48,?,579,?,?,Business_enterprise,52.31,25.12,?,?,non-residents,?,0.00005,non-residents,?,0.000013,20.57,1.06,1.05,45.4,57.6,2.7,Business_enterprise,middle
?,42,N/A,?,?,?,73,38,153,Higher_education,6.89,7.72,29,79,non-residents,0.0757,0.000012,non-residents,0.0555,0.000009,7.14,0.18,0.17,10.5,46.9,?,Business_enterprise,middle
?,?,N/A,?,?,13,30,?,?,N/A,?,?,32,?,non-residents,?,0.000008,non-residents,?,0.000004,?,?,?,?,?,?,N/A,low
?,?,N/A,?,?,?,?,41,280,Higher_education,24.09,11.4,?,?,non-residents,0.1025,0.00003,residents,0.0051,0.000001,36.37,0.39,0.37,31.6,?,?,N/A,middle
?,?,N/A,?,?,?,?,?,?,N/A,?,?,?,?,N/A,?,?,N/A,?,?,2.61,?,?,?,?,?,N/A,low
52,49,Higher_education,19.19,23.37,45,1480,42,2148,Higher_education,14.62,23.59,373,521,non-residents,0.0995,0.000216,non-residents,0.0229,0.00005,10.23,1.1,1.07,105.5,43.1,1.1,Government,middle
?,52,N/A,?,?,?,?,?,524,N/A,?,?,?,2408,non-residents,0.0487,0.000026,residents,0.012,0.000006,29.12,?,?,?,36.2,6.2,Government,middle
37,38,Government,20.87,51.3,32,472,29,1247,Higher_education,25,28.61,264,611,non-residents,0.1091,0.000137,non-residents,0.1273,0.00016,7.31,0.27,0.26,52.1,15.3,12.6,Government,high
33,37,Business_enterprise,46.12,29.77,26,1461,29,2849,Business_enterprise,38.39,32.27,791,1501,non-residents,0.1627,0.000465,non-residents,0.0588,0.000168,9.63,1.24,1.2,195.7,52.5,2.2,Business_enterprise,middle
?,?,Higher_education,?,18.92,?,?,?,126,Higher_education,?,8.42,?,26,non-residents,0.003,0.000001,non-residents,0.0014,0,?,0.57,0.52,2.8,?,?,Government,low
36,36,Business_enterprise,64.8,13.76,29,3629,28,5558,Business_enterprise,49.61,18.05,?,?,residents,0.0653,0.000363,non-residents,0.0124,0.000069,20.05,2.47,2.44,723.5,61.4,7.8,Business_enterprise,high
?,?,N/A,?,?,?,?,?,?,N/A,?,?,?,?,N/A,?,?,N/A,?,?,?,?,?,?,?,?,N/A,middle
?,?,N/A,?,?,?,?,?,?,N/A,?,?,?,?,non-residents,?,0.000028,N/A,?,?,6.55,?,?,?,?,?,N/A,middle
?,?,N/A,?,?,?,?,?,?,N/A,?,?,?,?,non-residents,?,0.000017,non-residents,?,0.000014,1.3,?,?,?,?,?,N/A,middle
?,?,N/A,?,?,?,41,24,52,N/A,?,?,73,41,non-residents,0.1759,0.000009,non-residents,0.0324,0.000002,4.58,0.06,0.06,2,?,8.9,Government,middle
?,?,N/A,?,?,?,?,?,?,N/A,?,?,?,?,non-residents,?,0.00002,non-residents,?,0.000006,0.89,0.18,0.18,6.8,?,?,N/A,middle
?,?,N/A,?,?,?,47,31,38,Government,?,43.01,?,?,non-residents,0.2659,0.00001,non-residents,0.2421,0.00001,7.46,0.63,0.62,30.7,1.2,23.4,Government,middle
?,?,N/A,?,?,?,?,?,?,N/A,?,?,?,?,N/A,?,?,N/A,?,?,?,?,?,?,?,?,N/A,low
48,50,Higher_education,16.72,20.03,42,1976,43,3540,Higher_education,15.33,17.64,348,666,non-residents,0.1493,0.000526,non-residents,0.0535,0.000188,19.34,0.75,0.72,74.4,32.9,12.5,Government,middle
16,14,Government,?,95.52,7,21,6,28,Government,?,88,10,11,non-residents,0.0032,0,non-residents,0.0005,0,0.13,0.26,0.26,1.9,?,30.8,Government,low
?,?,N/A,?,?,?,?,?,?,N/A,?,?,?,?,non-residents,?,0.000021,non-residents,?,0.000015,2.47,?,?,?,?,?,N/A,middle
?,32,Business_enterprise,56.32,13.64,?,7107,29,9158,Business_enterprise,56.91,12.35,?,?,residents,0.056,0.000513,residents,0.0431,0.000395,24.33,3.26,3.24,873.6,70.8,2.5,Business_enterprise,high
?,32,Business_enterprise,55.61,14.81,?,2980,27,3649,Business_enterprise,49.88,12.94,?,?,residents,0.0788,0.000289,residents,0.052,0.000191,22.71,2.06,2.08,587.1,54.2,7.2,Business_enterprise,high
4,4,Higher_education,?,?,0,29,0,29,Higher_education,?,?,18,18,N/A,?,?,N/A,?,?,6.96,?,?,?,?,?,N/A,low
?,?,Government,?,59.13,?,?,52,2658,Government,?,58.87,?,253,residents,0.0406,0.000108,residents,0.022,0.000059,37.77,0.26,0.26,5.1,?,?,N/A,low
25,?,Business_enterprise,63.93,14.96,16,3208,19,4809,Business_enterprise,59.7,14.6,1089,1431,residents,0.1523,0.000735,residents,0.0361,0.000174,17.69,2.55,2.53,674.9,65.7,2.5,Business_enterprise,high
?,?,N/A,?,?,?,?,?,?,N/A,?,?,?,?,non-residents,?,0.000002,non-residents,?,0.000001,2.6,?,?,?,?,?,N/A,low
36,39,Higher_education,36.96,15.6,33,1305,35,2391,Higher_education,26.42,13.78,875,1445,residents,0.0246,0.000059,residents,0.0095,0.000023,9.86,0.62,0.61,115.8,33.1,18.4,Government,high
35,36,N/A,?,?,34,536,34,1136,N/A,?,?,89,195,N/A,?,?,N/A,?,?,6.53,?,?,?,?,?,N/A,high
?,?,N/A,?,?,?,?,?,?,N/A,?,?,?,?,N/A,?,?,N/A,?,?,25.13,?,?,?,?,?,N/A,middle
?,?,N/A,?,?,?,?,?,?,N/A,?,?,?,?,non-residents,?,0.000023,non-residents,?,0.000001,7.56,?,?,?,?,?,N/A,middle
?,18,Higher_education,?,45.22,?,?,6,251,Government,?,51.77,?,91,N/A,?,?,N/A,?,?,0.33,?,?,?,?,?,N/A,low
?,?,N/A,?,?,?,?,?,?,N/A,?,?,?,?,non-residents,?,0.000008,non-residents,?,0.000004,2.25,?,?,?,?,?,N/A,middle
?,37,N/A,?,?,?,?,31,80,Higher_education,12.19,32.38,?,264,non-residents,0.3086,0.000025,non-residents,0.4533,0.000036,0.13,0.05,0.05,1.4,?,?,N/A,middle
?,?,Higher_education,35.38,2.8,?,1361,?,1540,Higher_education,29.53,1.99,173,259,non-residents,0.8611,0.001326,non-residents,0.1107,0.00017,25.56,0.53,0.54,145,31.4,1.2,Government,high
?,45,Higher_education,29.55,33.85,?,1438,33,2779,Higher_education,27.76,31.75,466,794,non-residents,0.1922,0.000535,non-residents,0.051,0.000142,24.09,0.93,0.88,121.8,34.8,9.2,Government,middle
39,40,Business_enterprise,45.97,25.03,34,6547,35,11377,Business_enterprise,45.86,22.8,2067,4113,non-residents,0.2358,0.002674,non-residents,0.013,0.000147,3.22,3.15,3.05,930.4,46.2,18.3,Business_enterprise,high
14,?,Government,21.03,72.28,12,115,?,?,Government,29.76,51.44,90,?,non-residents,?,0.00001,non-residents,?,0.000002,5.39,0.72,0.71,17.7,18,?,Government,low
?,?,Higher_education,2.54,43.29,?,202,?,438,Higher_education,0.59,38.23,?,?,residents,0.0423,0.000019,non-residents,0.0068,0.000003,13.96,0.05,0.05,1.4,14.7,?,Government,low
?,23,Higher_education,13.64,42.12,?,?,20,754,Higher_education,12.27,34.15,?,322,residents,0.0133,0.000011,residents,0.0102,0.000008,1.02,0.55,0.55,32.3,18.5,?,Government,middle
28,32,Business_enterprise,67.62,9.63,28,2317,30,3944,Business_enterprise,66.72,5.64,608,1119,residents,0.0754,0.000302,residents,0.0355,0.000143,?,1.4,1.18,369.2,66.8,6,Business_enterprise,high
?,?,Business_enterprise,80.55,?,?,?,?,1613,Business_enterprise,100,?,?,532,non-residents,1.0779,0.001534,non-residents,0.2001,0.000285,24.51,4.58,4.42,1017.1,66.5,2.9,Business_enterprise,high
33,34,Business_enterprise,41.71,19.02,29,1154,28,1738,Higher_education,39.8,19.5,1347,2029,residents,0.0923,0.000163,residents,0.0526,0.000093,9.38,1.09,1.08,288.7,43,6.2,Government,high
?,?,N/A,?,?,?,?,?,?,N/A,?,?,?,?,non-residents,?,0.000026,non-residents,?,0.000026,0.4,0.06,0.06,2.3,?,?,N/A,middle
?,16,Business_enterprise,62.97,7.04,?,5310,11,6227,Business_enterprise,63.72,4.99,540,670,residents,0.5554,0.003462,residents,0.1536,0.000957,26.25,3.04,3.09,813.7,73.1,0.4,Business_enterprise,high
?,18,Business_enterprise,57.81,16.79,18,1927,21,2936,Business_enterprise,84.69,4.32,709,3570,non-residents,0.0045,0.000015,residents,0.0028,0.000009,8.94,0.35,0.36,14.8,?,?,N/A,middle
50,?,Government,14.76,63.22,50,617,?,916,Government,13.9,61.34,76,76,residents,0.124,0.000115,residents,0.093,0.000086,9.62,0.25,0.23,11.7,35.2,2.8,Government,middle
?,?,N/A,?,?,?,?,?,?,N/A,?,?,?,?,non-residents,?,0.000002,non-residents,?,0.000001,4.93,?,?,?,?,?,N/A,low
?,17,Business_enterprise,70.61,8.93,?,2898,11,3804,Business_enterprise,73.47,8.83,453,1334,residents,0.5846,0.002209,residents,0.1938,0.000732,29.55,2.73,2.73,464.7,72.5,0.5,Business_enterprise,high
44,33,N/A,?,?,23,68,23,68,N/A,?,?,79,130,N/A,?,?,N/A,?,?,0.96,0.13,0.15,29,20.1,?,Government,high
?,49,Government,29.33,64.03,?,?,48,418,Government,26.46,65.95,?,49,residents,0.0467,0.00002,residents,0.0286,0.000012,16.26,0.18,0.18,2.8,40.6,17.2,Government,low
?,?,N/A,?,?,?,?,?,?,N/A,?,?,?,?,N/A,?,?,N/A,?,?,?,?,?,?,?,?,N/A,low
57,55,Higher_education,24.73,19.92,55,1484,53,2455,Higher_education,19.53,16.33,343,488,residents,0.0311,0.000076,residents,0.0313,0.000077,3.67,0.42,0.42,37.1,18.3,31.7,Government,middle
?,?,N/A,?,?,?,?,?,?,N/A,?,?,?,?,N/A,?,?,N/A,?,?,2.81,?,?,?,?,?,N/A,middle
?,62,Government,?,64.8,?,?,76,45,Higher_education,?,41.98,?,803,residents,0.0123,0.000001,residents,0.0123,0.000001,?,0.04,0.05,1.3,?,?,N/A,low
?,?,N/A,?,?,?,?,?,?,N/A,?,?,?,?,non-residents,?,0.000011,non-residents,?,0.000009,?,?,?,?,?,?,N/A,low
?,?,N/A,?,?,?,?,?,?,N/A,?,?,?,?,non-residents,?,0.000006,N/A,?,?,?,?,?,?,?,?,N/A,middle
53,54,Higher_education,5.39,39.1,47,2320,47,2934,Higher_education,5.16,30.12,496,589,residents,0.012,0.000035,residents,0.0125,0.000037,4.86,0.73,0.69,65.7,37.1,6.6,Government,middle
?,23,Business_enterprise,87.28,11.87,17,3781,17,4465,Business_enterprise,84.99,13.67,3844,3770,non-residents,0.0598,0.000275,residents,0.0484,0.000223,18.87,1.67,1.48,791,90.7,1.7,Business_enterprise,high
23,23,Higher_education,?,?,17,255,19,364,Higher_education,?,?,165,181,non-residents,0.0429,0.000016,non-residents,0.0552,0.00002,1.47,0.07,0.07,14.3,?,?,N/A,high
50,49,Government,9.07,47.07,48,615,46,1269,Higher_education,8.81,41.24,99,171,residents,0.0489,0.000062,non-residents,0.0242,0.000031,1.08,0.35,0.35,20.2,10,9.4,Government,middle
32,32,Higher_education,?,?,31,49,32,85,Higher_education,?,?,15,15,non-residents,0.0239,0.000002,non-residents,0.0358,0.000003,0.93,0.22,0.22,1.9,?,26.1,Higher_education,low
?,?,N/A,?,?,?,?,?,?,N/A,?,?,?,?,non-residents,?,0.000027,non-residents,?,0.000005,4.04,?,?,?,?,?,N/A,low
33,34,Business_enterprise,39.76,24.71,34,299,36,742,Higher_education,38.66,16.81,58,129,non-residents,0.3626,0.000275,non-residents,0.0442,0.000033,58.09,0.79,0.73,61.9,51.5,11.5,Business_enterprise,middle
?,?,N/A,?,?,?,?,?,?,N/A,?,?,?,?,N/A,?,?,N/A,?,?,6.6,?,?,?,?,?,N/A,low
27,28,Higher_education,15.79,28.42,25,687,24,1740,Higher_education,17.28,8.09,114,210,non-residents,0.1489,0.000338,non-residents,0.1086,0.000247,60.09,0.28,0.28,49.7,18.6,21.6,Government,high
?,?,N/A,?,?,?,?,?,?,N/A,?,?,?,?,N/A,?,?,N/A,?,?,?,?,?,?,?,?,N/A,middle
?,?,N/A,?,?,?,?,?,?,N/A,?,?,?,?,N/A,?,?,N/A,?,?,?,?,?,?,?,?,N/A,low
?,?,N/A,?,?,?,?,20,201,N/A,?,?,?,126,non-residents,0.0649,0.000013,non-residents,0.013,0.000003,1.18,0.39,0.39,40.3,?,?,Government,middle
?,?,Government,27.78,40.31,?,230,32,472,Higher_education,16.19,34.47,91,?,non-residents,0.3039,0.000137,non-residents,0.1228,0.000055,22,0.39,0.38,35.2,29.8,1.3,Government,middle
?,49,N/A,?,?,?,?,30,203,N/A,?,?,?,244,residents,0.6152,0.000111,residents,0.3062,0.000055,3.05,0.72,0.76,10.8,51.4,0.6,Business_enterprise,low
?,50,Government,?,100,?,?,44,273,Government,?,100,?,182,non-residents,2.2222,0.000619,residents,2.1111,0.000588,?,?,?,?,?,?,N/A,high
?,45,Government,2.06,90.1,?,?,43,827,Government,1.73,89.2,?,85,residents,0.0872,0.000075,non-residents,0.0843,0.000073,0.08,0.26,0.26,4.1,?,?,Government,low
?,?,N/A,?,?,?,?,27,833,Higher_education,?,?,?,?,residents,0.0042,0.000004,N/A,?,?,9.49,0.72,0.7,25.8,21.6,?,Higher_education,middle
?,?,N/A,?,?,?,?,?,25,N/A,?,?,?,107,N/A,?,?,N/A,?,?,2.55,0.62,0.57,5.1,?,65.3,Abroad,low
?,?,Business_enterprise,97.95,?,?,12,88,66,N/A,?,?,78,?,N/A,?,?,N/A,?,?,?,?,?,?,?,?,N/A,low
?,?,N/A,?,?,?,?,?,?,N/A,?,?,?,?,non-residents,?,0.000069,non-residents,?,0.000053,0.81,?,?,?,?,?,N/A,middle
?,15,N/A,?,?,?,59,15,118,N/A,?,?,137,235,non-residents,0.0027,0,residents,0.0003,0,0.12,?,?,?,?,?,N/A,low
?,24,Business_enterprise,54.22,14.42,?,2848,17,2909,Business_enterprise,49.24,14.94,1393,2169,residents,0.0568,0.000165,residents,0.0637,0.000185,32.34,1.72,1.74,536.6,51.9,11,Business_enterprise,high
?,43,Higher_education,23.37,21.67,?,3405,39,5715,Higher_education,18.96,15.14,722,1089,non-residents,0.33,0.001875,non-residents,0.1605,0.000912,12.24,1.21,1.14,246.1,37.8,6.7,Government,high
?,?,N/A,?,?,?,73,43,50,N/A,?,?,?,39,non-residents,0.5586,0.000029,non-residents,0.5313,0.000027,3.25,0.05,0.05,1.5,?,?,N/A,middle
?,?,N/A,?,?,?,9,?,11,N/A,?,?,10,11,N/A,?,?,N/A,?,?,7.74,?,?,?,?,?,N/A,low
?,24,Higher_education,?,?,?,?,19,157,Higher_education,?,?,?,66,non-residents,0.0137,0.000002,non-residents,0.009,0.000001,0.37,?,?,?,?,?,N/A,low
?,33,Business_enterprise,54.76,17.59,?,4428,28,7700,Business_enterprise,56.34,15.37,?,?,non-residents,0.1841,0.001423,non-residents,0.0702,0.000542,18.93,1.64,1.62,581.7,51.7,7.1,Business_enterprise,high
?,?,N/A,?,?,?,?,?,?,N/A,?,?,?,?,N/A,?,?,N/A,?,?,3.1,?,?,?,?,?,N/A,middle
6,11,Government,?,75.83,16,80,18,86,Higher_education,?,41.8,41,55,residents,0.0045,0,residents,0.0009,0,0.36,0.21,0.21,4,?,?,Government,low
?,?,N/A,?,?,?,?,?,?,N/A,?,?,?,?,N/A,?,?,N/A,?,?,?,?,?,?,?,?,N/A,middle
?,35,N/A,?,?,?,92,35,280,Government,?,67.75,206,229,non-residents,0.1902,0.000053,non-residents,0.0178,0.000005,2.65,0.39,0.37,23.6,10.2,55.1,Abroad,middle
?,56,N/A,?,?,?,86,50,105,Higher_education,?,28.48,119,138,non-residents,0.1721,0.000019,non-residents,0.0443,0.000005,4.12,0.09,0.09,4,0,32.7,Government,middle
?,?,N/A,?,?,?,226,?,180,Business_enterprise,45.84,13.86,?,64,non-residents,0.2034,0.000038,non-residents,0.1082,0.00002,3.37,0.11,0.11,5.1,?,?,N/A,middle
?,51,Business_enterprise,39.64,25.39,?,?,54,92,Higher_education,27.39,28.84,?,12,residents,0.0214,0.000002,non-residents,0.0786,0.000007,71.86,0.14,0.15,6.3,68.6,5.5,Business_enterprise,middle
?,43,Higher_education,22.37,22.67,38,1453,38,2319,Higher_education,17.17,18.94,320,473,non-residents,0.0729,0.000171,non-residents,0.0226,0.000053,3.1,0.6,0.6,66.4,28,2.4,Government,middle
44,44,Higher_education,16.87,25.99,45,1725,44,3031,Higher_education,15.36,20.57,280,434,residents,0.0052,0.000016,non-residents,0.0062,0.000019,7.9,0.79,0.77,152.4,31.5,5.1,Government,high
47,46,Business_enterprise,60.68,25.64,43,896,43,1071,Business_enterprise,57.24,28.38,270,283,residents,0.0595,0.000063,residents,0.0378,0.00004,5.75,0.38,0.38,24.3,47.6,8.2,Business_enterprise,middle
?,?,Business_enterprise,61.86,27.6,?,3465,44,2892,Business_enterprise,56.09,28.61,575,517,residents,0.0807,0.000234,residents,0.0386,0.000112,14.32,1.19,1.18,89.9,33.6,8.6,Government,middle
?,?,N/A,?,?,?,?,?,?,N/A,?,?,?,?,non-residents,?,0,non-residents,?,0,1.44,?,?,?,?,?,N/A,low
?,?,N/A,?,?,?,?,?,?,N/A,?,?,?,?,N/A,?,?,N/A,?,?,0.51,?,?,?,?,?,N/A,middle
?,39,N/A,?,?,?,?,33,483,N/A,?,?,?,1547,non-residents,0.0946,0,non-residents,0.0946,0,1.31,0.39,0.36,21.1,?,?,N/A,middle
?,?,N/A,?,?,?,?,?,172,N/A,?,?,?,935,non-residents,0.1,0,non-residents,0.1,0,5.19,0.06,0.05,2.9,?,?,N/A,middle
?,?,N/A,?,?,?,?,?,?,N/A,?,?,?,?,non-residents,?,0.000001,non-residents,?,0.000001,?,?,?,?,?,?,N/A,middle
?,27,N/A,?,?,?,?,18,56,N/A,?,?,?,68,non-residents,0.5884,0.008978,non-residents,0.0081,0.000123,4.99,?,?,?,?,?,N/A,middle
?,?,Higher_education,0.67,5.88,?,?,?,201,Higher_education,1.19,7.45,?,1501,N/A,?,?,N/A,?,?,31.08,0.13,0.12,1.7,?,?,Government,low
?,48,Higher_education,5.62,35.38,?,?,42,1211,Higher_education,3.41,20.72,?,543,non-residents,0.1464,0.000357,residents,0.0042,0.00001,60.66,?,?,?,?,?,N/A,middle
35,38,Government,?,88.33,31,157,36,169,Government,?,61.54,640,772,non-residents,0.4286,0.000001,non-residents,0.4286,0.000001,4.18,0.44,0.43,71.9,?,1.7,Government,middle
?,?,N/A,?,?,?,?,?,?,N/A,?,?,?,?,non-residents,?,0.000003,non-residents,?,0.000003,5.09,?,?,?,?,?,N/A,low
?,31,Business_enterprise,45.81,7.26,?,4086,26,5039,Business_enterprise,50.9,6.31,350,579,non-residents,0.4193,0.000193,non-residents,0.3497,0.000161,5.6,2.13,2.13,488.4,54.2,6.6,Business_enterprise,high
45,43,Higher_education,32.97,27.64,40,1774,40,2948,Higher_education,23.54,25.44,615,760,non-residents,0.122,0.000048,non-residents,0.0655,0.000026,7.52,0.67,0.66,79.2,56.1,1.9,Business_enterprise,middle
39,40,Business_enterprise,49.37,27.74,34,2287,35,3427,Business_enterprise,33.57,32.28,1600,2133,residents,0.0552,0.000187,residents,0.0418,0.000142,2.3,1.55,1.55,276.3,54.7,7.2,Business_enterprise,high
37,37,Higher_education,29.3,24.4,36,307,36,583,Higher_education,20.82,15.05,73,111,non-residents,0.1475,0.000089,non-residents,0.2515,0.000151,0.15,0.76,0.73,64.6,53.3,6.1,Business_enterprise,middle
34,36,Higher_education,36.95,18.66,35,1948,35,3415,Higher_education,23.68,16.66,692,896,residents,0.0213,0.000074,residents,0.016,0.000055,4.5,0.88,0.87,200,47.2,7.7,Business_enterprise,high
33,27,Government,13.77,55.14,32,128,25,393,Higher_education,10.04,31.39,72,78,non-residents,0.0364,0.000015,non-residents,0.0169,0.000007,4.85,0.15,0.14,4.8,7.7,4.5,Government,middle
?,13,Higher_education,0.91,17.65,?,?,21,234,Higher_education,0.54,12.51,?,94,non-residents,0.0033,0.000001,non-residents,0.0033,0.000001,2.53,0.49,0.44,7.1,?,?,N/A,low
?,?,N/A,?,?,?,?,?,?,N/A,?,?,?,?,N/A,?,?,N/A,?,?,0.21,?,?,?,?,?,N/A,middle
?,?,N/A,?,?,?,?,?,?,N/A,?,?,?,?,non-residents,?,0.000044,non-residents,?,0.000044,0.85,?,?,?,?,?,N/A,middle
29,36,Business_enterprise,68.48,3.9,16,5168,?,6981,Business_enterprise,60.62,4.91,?,?,residents,0.0639,0.000445,residents,0.0344,0.000239,17.12,3.98,3.95,1082.5,71.6,3.4,Business_enterprise,high
?,28,Business_enterprise,69.22,1.71,?,3642,20,6171,Business_enterprise,60.84,1.61,2313,2832,residents,0.0555,0.000339,residents,0.0288,0.000176,20.37,2.33,2.46,803.9,69.1,4.3,Business_enterprise,high
?,?,N/A,?,?,?,?,?,?,N/A,?,?,?,?,residents,?,0.000014,residents,?,0.000002,0.41,?,?,?,?,?,N/A,middle
?,?,Government,?,89.95,?,?,49,296,Government,?,85.4,?,63,residents,0.0217,0.000006,non-residents,0.0244,0.000007,?,0.09,0.09,0.8,0.6,0.2,Government,low
?,?,N/A,?,?,?,?,?,?,N/A,?,?,?,?,non-residents,?,0.000001,N/A,?,?,1.59,?,?,?,?,?,N/A,low
?,49,Government,29.14,41.96,?,286,46,499,Higher_education,33.4,24.7,115,350,non-residents,0.1723,0.000086,non-residents,0.0257,0.000013,31.44,0.25,0.24,16.1,36.8,?,Business_enterprise,middle
?,?,N/A,?,?,?,?,?,?,N/A,?,?,?,?,N/A,?,?,N/A,?,?,?,?,?,?,?,?,N/A,middle
?,38,N/A,?,?,?,?,38,395,Higher_education,5.11,34.18,?,889,non-residents,0.4695,0.000185,non-residents,0.0334,0.000013,3.22,0.1,0.09,9.1,?,?,N/A,middle
46,43,Higher_education,?,23.04,49,880,45,1588,Higher_education,?,10.62,30,40,non-residents,0.0116,0.000018,non-residents,0.0095,0.000015,3.31,0.56,0.53,35.4,6.9,4.9,Government,middle
34,33,Higher_education,20.24,19.11,38,328,35,970,Higher_education,14.94,11.07,37,56,non-residents,0.0479,0.000047,non-residents,0.0318,0.000031,3.91,0.72,0.71,43,44.9,0.8,Government,middle
?,37,Government,10.41,50.39,?,?,38,23,Government,8.27,52.99,?,15,non-residents,0.0194,0,non-residents,0.0194,0,12.19,0.87,0.85,10.8,2.2,90.3,Abroad,low
?,?,Government,45.1,47.73,?,?,42,1778,Government,38.76,51.57,?,555,residents,0.1021,0.000181,residents,0.1351,0.00024,4.55,1.23,1.2,54.5,32,22.8,Government,low
?,?,N/A,?,?,?,?,?,?,N/A,?,?,?,?,N/A,?,?,N/A,?,?,10.18,?,?,?,?,?,N/A,high
?,?,Business_enterprise,83.82,12.74,?,2706,?,?,Business_enterprise,86.92,9.53,?,?,residents,?,0.000539,non-residents,?,0.000127,31.02,1.68,1.69,475.2,45.6,19.8,Business_enterprise,high
?,?,N/A,?,?,?,4600,?,?,Business_enterprise,95.65,4.35,?,?,residents,?,0.001144,residents,?,0.000582,34.26,2.66,2.69,952.6,67.8,?,Business_enterprise,high
?,45,N/A,?,?,?,366,47,1132,Higher_education,6.18,6.18,52,212,non-residents,0.1605,0.000186,non-residents,0.0143,0.000017,2.13,0.24,0.24,20.5,46.7,4.7,Business_enterprise,middle
?,?,N/A,?,?,?,?,?,?,N/A,?,?,?,?,residents,?,0.00005,residents,?,0.000019,?,?,?,?,?,?,N/A,low
?,?,N/A,?,?,?,?,?,?,N/A,?,?,?,?,N/A,?,?,N/A,?,?,?,?,?,?,?,?,N/A,middle
?,?,N/A,?,?,?,?,42,191,N/A,?,?,?,?,non-residents,0.4937,0.000095,non-residents,0.159,0.000031,3.34,0.47,0.47,28,27.3,?,Government,middle
?,?,Government,8.6,63.86,?,115,43,508,Government,10.38,56.52,?,?,non-residents,0.0303,0.000016,non-residents,0.0177,0.000009,8.33,0.21,0.21,19.5,18.1,6.3,Government,low
23,23,Higher_education,?,?,18,55,18,55,Higher_education,?,?,137,137,N/A,?,?,N/A,?,?,?,?,?,?,?,?,Government,high
?,?,N/A,?,?,?,?,?,?,N/A,?,?,?,?,N/A,?,?,N/A,?,?,?,?,?,?,?,?,N/A,middle
?,?,N/A,?,?,?,?,?,?,N/A,?,?,?,?,N/A,?,?,N/A,?,?,0.92,?,?,?,?,?,N/A,low
?,17,Government,0.12,79.06,14,51,12,24,Government,0.51,71.34,16,25,non-residents,0.1157,0.000003,non-residents,0.1082,0.000003,9.04,0.01,0.01,0.1,?,?,N/A,low
?,?,N/A,?,?,?,?,?,?,N/A,?,?,?,?,non-residents,?,0.000012,non-residents,?,0.000002,0.8,?,?,?,?,?,N/A,low
