'Total R&D personnel (FTE)','R&D personnel - Female (FTE)','R&D personnel - Female (FTE) (\%)','Total R&D personnel (HC)','R&D personnel - Female (HC)','R&D personnel - Female (HC) (\%)','R&D personnel by sector of employment (FTE) - Business enterprise','R&D personnel by sector of employment (FTE) - Government','R&D personnel by sector of employment (FTE) - Higher education','R&D personnel by sector of employment (FTE) - Private non-profit','Total researchers (FTE)','Researchers - Female (FTE)','Researchers - Female (FTE) (\%)','Researchers per million inhabitants (FTE)','Total researchers (HC)','Researchers - Female (HC)','Researchers - Female (HC) (\%)','Researchers per million inhabitants (HC)','Researchers by sector of employment (FTE) - Business enterprise','Researchers by sector of employment (FTE) - Government','Researchers by sector of employment (FTE) - Higher education','Researchers by sector of employment (FTE) - Private non-profit','Total technicians (FTE)','Technicians - Female (FTE)','Technicians per million inhabitants (FTE)','Total technicians (HC)','Technicians - Female (HC)','Technicians per million inhabitants (HC)','Total other supporting staff (FTE)','Other supporting staff - Female (FTE)','Total other supporting staff (HC)','Other supporting staff - Female (HC)','Applications for patents (residents)','Applications for patents (non-residents)','Applications for patents (total)','Grants of patents (residents)','Grants of patents (non-residents)','Grants of patents (total)','High-technology exports (\% of manufactured exports)','Total gross domestic expenditure on R&D (GERD) 000 PPP$','GERD as \% of GDP','GERD per capita (in PPP$)','Source of Funds for R&D - Business Enterprise (\%)','Source of Funds for R&D - Government (\%)','Source of Funds for R&D - Higher education (\%)','Source of Funds for R&D - Private non-profit (\%)','Source of Funds for R&D - Funds from abroad (\%)','Source of Funds for R&D - Not distributed funds (\%)','R&D personnel per million inhabitants (FTE)','R&D personnel per million inhabitants (HC)','Sector employing the most R&D personnel','Sector employing the most researchers','Majority of applications for patents (residents - non-residents)','Applications for patents (residents) (\%)','Applications for patents (non-residents) (\%)','Applications for patents per researcher (FTE)','Applications for patents per researcher (HC)','Applications for patents per million inhabitants','Majority of grants of patents (residents - non-residents)','Grants of patents (residents) (\%)','Grants of patents (non-residents) (\%)','Grants of patents per researcher (FTE)','Grants of patents per researcher (HC)','Grants of patents per million inhabitants','Grants of patents per application for patent','GERD as \% of GNI','Sector investing the most in R&D','GNI per capita - class'
?,?,?,?,?,?,?,?,?,?,?,?,?,?,?,?,?,?,?,?,?,?,?,?,?,?,?,?,?,?,?,?,?,?,?,?,?,?,1,?,?,?,?,?,?,?,?,?,?,?,N/A,N/A,N/A,?,?,?,?,?,N/A,?,?,?,?,?,?,?,N/A,middle
7331,2449,33.4,16895,5721,34,?,1225,6106,?,5593,2043,37,170,13805,4808,35,420,?,730,4863,?,1134,?,35,2046,?,62,604,?,1044,?,52,86,138,8,94,102,1,389526,0.23,12.6,0,0,0,0,0,100,237.14,546.51,Higher_education,Higher_education,non-residents,37.68,62.32,0.0247,0.01,4.46,non-residents,7.84,92.16,0.0182,0.0074,3.3,0.7391,0.24,N/A,middle
?,?,?,?,?,?,?,?,?,?,?,?,?,?,?,?,?,?,?,?,?,?,?,?,?,?,?,?,?,?,?,?,4,2,6,?,?,?,?,?,?,?,?,?,?,?,?,?,?,?,N/A,N/A,residents,66.67,33.33,?,?,0.42,N/A,?,?,?,?,?,?,?,N/A,low
37444,?,?,52243,?,?,?,?,?,?,25656,?,?,688,40455,19945,49,1085,3043,9432,12690,491,11788,?,316,11788,?,316,?,?,?,?,899,5558,6457,145,1442,1587,9,1878432,0.43,51.9,22.5,41.8,32.2,2.2,1.2,0,1004.55,1401.58,N/A,Higher_education,non-residents,13.92,86.08,0.2517,0.1596,173.23,non-residents,9.14,90.86,0.0619,0.0392,42.58,0.2458,0.44,Government,middle
?,?,?,6965,3065,46,?,5732,1160,?,?,?,?,?,5087,2175,43,1660,?,4185,87,?,?,?,?,415,321,135,?,?,1463,?,140,15,155,155,30,185,?,23607,0.28,7.6,0,54.6,0,0,1.4,43.9,?,2272.63,Government,Government,residents,90.32,9.68,?,0.0305,50.58,residents,83.78,16.22,?,0.0364,60.36,1.1935,0.27,Government,low
?,?,?,?,?,?,?,?,?,?,?,?,?,?,?,?,?,?,?,?,?,?,?,?,?,?,?,?,?,?,?,?,1,0,1,0,3,3,1,?,?,?,?,?,?,?,?,?,?,?,N/A,N/A,residents,100,0,?,?,10.1,non-residents,0,100,?,?,30.3,3,?,N/A,high
107209,?,?,?,?,?,35939,18541,49612,3117,73173,?,?,3750,?,?,?,?,20451,8036,42780,1906,?,?,?,?,?,?,?,?,?,?,8339,21449,29788,1070,12633,13703,15,9245349,1.66,473.8,50.7,41.2,1.9,0,3.6,2.7,5522.54,?,Higher_education,Higher_education,non-residents,27.99,72.01,0.4071,?,1534.44,non-residents,7.81,92.19,0.1873,?,705.87,0.46,1.7,Business_enterprise,high
38893,8561,22,65725,18542,28,26728,2060,9879,227,24124,3811,16,2960,39557,8192,21,4867,16001,999,6977,148,10194,2683,1254,16712,5336,2056,4575,2068,9456,5014,1815,284,2099,1075,310,1385,14,4812876,2.04,599.2,41.8,38.3,0.3,0,19.7,0,4835.62,8171.69,Business_enterprise,Business_enterprise,residents,86.47,13.53,0.087,0.0531,260.97,residents,77.62,22.38,0.0574,0.035,172.2,0.6598,2.09,Business_enterprise,high
?,?,?,15929,8335,52,2664,12256,1099,?,?,?,?,?,10139,5069,50,1237,1895,7343,957,?,?,?,?,1552,?,189,?,?,4238,?,281,6,287,79,2,81,9,79346,0.35,9.8,25.8,68.8,0,5.3,0,0,?,1963.84,Government,Government,residents,97.91,2.09,?,0.0283,35.38,residents,97.53,2.47,?,0.008,9.99,0.2822,0.38,Government,low
?,?,?,?,?,?,?,?,?,?,?,?,?,?,?,?,?,?,?,?,?,?,?,?,?,?,?,?,?,?,?,?,0,31,31,0,26,26,0,?,?,?,?,?,?,?,?,?,?,?,N/A,N/A,non-residents,0,100,?,?,45.26,non-residents,0,100,?,?,37.96,0.8387,?,N/A,middle
?,?,?,15364,1264,13,?,?,?,?,?,?,?,?,5569,723,14,46,?,3885,1684,?,?,?,?,3825,?,32,?,?,5970,?,32,0,32,14,0,14,0,?,?,?,?,?,?,?,?,?,?,116.87,N/A,Government,residents,100,0,?,0.0057,0.24,residents,100,0,?,0.0025,0.11,0.4375,?,N/A,low
?,?,?,?,?,?,?,?,?,?,?,?,?,?,?,?,?,?,?,?,?,?,?,?,?,?,?,?,?,?,?,?,0,68,68,0,3,3,21,?,?,?,?,?,?,?,?,?,?,?,N/A,N/A,non-residents,0,100,?,?,254.86,non-residents,0,100,?,?,11.24,0.0441,?,N/A,middle
?,?,?,28186,?,?,13053,11240,2578,?,?,?,?,?,19133,8648,45,1918,8249,8263,2045,?,?,?,?,2332,?,234,?,?,6721,?,930,214,1144,374,155,529,4,364839,0.71,36.6,24.3,65.6,1.1,0,9,0,?,2827.01,Business_enterprise,Government,residents,81.29,18.71,?,0.0598,114.74,residents,70.7,29.3,?,0.0276,53.06,0.4624,0.71,Government,middle
55949,15556,28,73187,23260,32,35490,3678,16234,547,32237,8254,26,3120,44133,12221,28,4261,17991,1941,12034,271,15038,4497,1456,20335,6652,1964,8675,2804,8179,4387,571,264,835,577,262,839,11,6080378,2.08,591.1,63.4,22,2.2,0.4,12.1,0,5438.81,7114.51,Business_enterprise,Business_enterprise,residents,68.38,31.62,0.0259,0.0189,81.17,residents,68.77,31.23,0.026,0.019,81.56,1.0048,2.04,Business_enterprise,high
?,?,?,?,?,?,?,?,?,?,?,?,?,?,?,?,?,?,?,?,?,?,?,?,?,?,?,?,?,?,?,?,0,7,7,0,1,1,0,?,?,?,?,?,?,?,?,?,?,?,N/A,N/A,non-residents,0,100,?,?,27.21,non-residents,0,100,?,?,3.89,0.1429,?,N/A,middle
?,?,?,?,?,?,?,?,?,?,?,?,?,?,?,?,?,?,?,?,?,?,?,?,?,?,?,?,?,?,?,?,?,?,?,?,?,?,0,?,?,?,?,?,?,?,?,?,?,?,N/A,N/A,N/A,?,?,?,?,?,N/A,?,?,?,?,?,?,?,N/A,low
1200,?,?,1650,717,43,?,?,?,?,1050,?,?,124,1250,495,40,147,119,184,704,43,50,?,6,250,150,29,100,?,150,72,17,106,123,8,39,47,14,62058,0.3,7.2,18,21,33,17,11,0,141.37,194.39,N/A,Higher_education,non-residents,13.82,86.18,0.1171,0.0984,14.49,non-residents,17.02,82.98,0.0448,0.0376,5.54,0.3821,0.31,Higher_education,middle
?,?,?,2140,606,28,376,855,870,39,?,?,?,?,1728,529,31,979,147,698,859,24,?,?,?,412,?,233,?,?,?,?,?,?,?,?,?,?,0,85238,0.54,48.3,0,0,0,0,0,100,?,1212.07,Higher_education,Higher_education,N/A,?,?,?,?,?,N/A,?,?,?,?,?,?,0.55,N/A,middle
122044,?,?,212636,?,?,?,?,?,?,67785,?,?,384,116539,52326,45,661,20674,4652,41876,583,54295,?,308,96097,?,545,?,?,?,?,3298,16694,19992,685,2904,3589,19,13584336,1.05,77,39.1,59.4,1.4,0,0,0,691.95,1205.58,N/A,Higher_education,non-residents,16.5,83.5,0.2949,0.1715,113.35,non-residents,19.09,80.91,0.0529,0.0308,20.35,0.1795,1.09,Government,middle
140,?,?,?,?,?,17,59,64,?,99,?,?,283,294,79,27,841,16,24,59,?,?,?,?,?,?,?,?,?,?,?,0,88,88,?,?,?,0,1191,?,3,0,0,0,0,0,100,410.07,?,Higher_education,Higher_education,non-residents,0,100,0.8889,0.2993,257.76,N/A,?,?,?,?,?,?,?,N/A,high
14949,7907,53,16671,8698,52,1882,10427,2563,77,9217,4247,46,1161,10446,4758,46,1315,1082,6082,1987,66,3786,2355,477,4135,2547,521,1946,1305,2090,1393,283,785,1068,132,293,425,3,235951,0.45,29.4,27.1,66.2,0.7,0.3,5.7,0,1889.89,2107.59,Government,Government,non-residents,26.5,73.5,0.1159,0.1022,135.02,non-residents,31.06,68.94,0.0461,0.0407,53.73,0.3979,0.45,Government,middle
820,150,18,820,150,18,?,820,?,?,232,34,14,20,232,34,14,20,?,232,?,?,242,16,21,242,?,21,346,?,346,?,?,?,?,?,?,?,7,23007,0.19,2,0,100,0,0,0,0,70.42,70.42,Government,Government,N/A,?,?,?,?,?,N/A,?,?,?,?,?,?,0.19,Government,low
?,?,?,?,?,?,?,?,?,?,?,?,?,?,?,?,?,?,?,?,?,?,?,?,?,?,?,?,?,?,?,?,1,4,5,1,4,5,2,?,?,?,?,?,?,?,?,?,?,?,N/A,N/A,non-residents,20,80,?,?,0.75,non-residents,20,80,?,?,0.75,1,?,N/A,low
494,112,23,1625,350,22,85,249,50,110,223,50,22,17,744,154,21,56,35,113,28,47,170,?,13,541,?,41,102,?,340,?,?,?,?,?,?,?,?,13094,0.05,1,0,17.9,0,43,28.4,10.6,37.98,124.93,Government,Government,N/A,?,?,?,?,?,N/A,?,?,?,?,?,?,0.06,Private_non-profit,low
?,?,?,?,?,?,?,?,?,?,462,88,19,28,462,88,19,28,?,462,?,?,?,?,?,?,?,?,?,?,?,?,?,?,?,?,?,?,1,?,?,?,?,?,?,?,?,?,?,?,N/A,Government,N/A,?,?,?,?,?,N/A,?,?,?,?,?,?,?,N/A,low
178980,?,?,?,?,?,115050,16920,46300,710,114957,?,?,3709,?,?,?,?,73307,7190,34200,260,40371,?,1303,?,?,?,23652,?,?,?,3963,35753,39716,1210,10809,12019,17,18766628,2.13,603.8,50.3,22.2,12.6,2.3,12.6,0,5758.34,?,Business_enterprise,Business_enterprise,non-residents,9.98,90.02,0.3455,?,1277.79,non-residents,10.07,89.93,0.1046,?,386.69,0.3026,2.19,Business_enterprise,high
130,?,?,178,88,43,?,?,?,?,45,?,?,98,79,56,52,171,?,?,?,?,14,?,30,16,?,35,71,?,83,?,?,?,?,?,?,?,1,?,?,?,?,?,?,?,?,?,281.79,385.84,N/A,N/A,N/A,?,?,?,?,?,N/A,?,?,?,?,?,?,?,N/A,middle
11173,?,?,13838,?,?,?,?,?,?,6446,?,?,413,7778,2785,33,499,964,506,4911,413,4727,?,303,6060,?,389,3059,?,3735,?,2504,246,2750,22,384,406,3,799218,0.54,51.9,24.9,68.9,0,2.1,4.1,0,716.39,887.26,N/A,Higher_education,residents,91.05,8.95,0.4266,0.3536,176.32,non-residents,5.42,94.58,0.063,0.0522,26.03,0.1476,0.56,Government,middle
956482,?,?,?,?,?,532114,253242,171126,?,742726,?,?,579,?,?,?,?,388521,186589,167616,?,?,?,?,?,?,?,?,?,?,?,30038,33412,63450,5395,10901,16296,21,57727864,1.05,45.4,57.6,33.4,0,0,2.7,6.3,752.04,?,Business_enterprise,Business_enterprise,non-residents,47.34,52.66,0.0854,?,49.89,non-residents,33.11,66.89,0.0219,?,12.81,0.2568,1.06,Business_enterprise,middle
4383,?,?,9931,4130,42,?,?,?,?,3136,?,?,73,6542,2473,38,153,216,242,2564,114,1247,?,29,3389,1657,79,?,?,?,?,63,432,495,13,350,363,7,450758,0.17,10.5,46.9,13.2,38.3,1.7,0,0,103.48,234.47,N/A,Higher_education,non-residents,12.73,87.27,0.1578,0.0757,11.69,non-residents,3.58,96.42,0.1158,0.0555,8.57,0.7333,0.18,Business_enterprise,middle
217,?,?,?,?,?,?,?,?,?,102,13,13,30,?,?,?,?,?,?,?,?,111,22,32,?,?,?,4,?,?,?,0,27,27,0,13,13,?,?,?,?,?,?,?,?,?,?,61.18,?,N/A,N/A,non-residents,0,100,0.2647,?,7.61,non-residents,0,100,0.1275,?,3.67,0.4815,?,N/A,low
?,?,?,?,?,?,?,?,?,?,?,?,?,?,1171,480,41,280,450,213,1130,75,?,?,?,?,?,?,?,?,?,?,29,91,120,5,1,6,36,124309,0.37,31.6,0,0,0,0,0,100,?,?,N/A,Higher_education,non-residents,24.17,75.83,?,0.1025,29.89,residents,83.33,16.67,?,0.0051,1.49,0.05,0.39,N/A,middle
?,?,?,?,?,?,?,?,?,?,?,?,?,?,?,?,?,?,?,?,?,?,?,?,?,?,?,?,?,?,?,?,?,?,?,?,?,?,3,?,?,?,?,?,?,?,?,?,?,?,N/A,N/A,N/A,?,?,?,?,?,N/A,?,?,?,?,?,?,?,N/A,low
10043,5223,52,14117,8146,49,2487,3029,7444,?,6656,2964,45,1480,9660,4641,42,2148,1253,2022,5297,?,1676,1086,373,2342,1449,521,1711,1744,2115,2056,362,599,961,49,172,221,10,470816,1.07,105.5,43.1,55.8,0,0,1.1,0,2261.53,3178.93,Higher_education,Higher_education,non-residents,37.67,62.33,0.1444,0.0995,216.4,non-residents,22.17,77.83,0.0332,0.0229,49.77,0.23,1.1,Government,middle
?,?,?,32721,16999,52,?,?,?,?,?,?,?,?,5849,?,?,524,?,?,?,?,?,?,?,26872,?,2408,?,?,?,?,105,180,285,45,25,70,29,?,?,?,36.2,57.6,0,0,6.2,0,?,2931.65,N/A,N/A,non-residents,36.84,63.16,?,0.0487,25.53,residents,64.29,35.71,?,0.012,6.27,0.2456,?,Government,middle
690,258,37,1733,656,38,144,354,144,48,333,105,32,472,880,258,29,1247,83,95,138,16,186,65,264,431,162,611,169,87,422,236,12,84,96,1,111,112,7,36783,0.26,52.1,15.3,65.5,3,3.6,12.6,0,983.61,2470.42,Government,Higher_education,non-residents,12.5,87.5,0.2883,0.1091,136.85,non-residents,0.89,99.11,0.3363,0.1273,159.66,1.1667,0.27,Government,high
26107,8699,33,51939,19027,37,12040,7773,6046,248,14987,3853,26,1461,29216,8409,29,2849,5753,4837,4249,148,8109,3447,791,15389,6835,1501,3011,1399,7334,3783,568,4184,4752,241,1478,1719,10,2001066,1.2,195.7,52.5,43.6,0.7,1,2.2,0,2553.5,5080.11,Business_enterprise,Business_enterprise,non-residents,11.95,88.05,0.3171,0.1627,464.79,non-residents,14.02,85.98,0.1147,0.0588,168.13,0.3617,1.24,Business_enterprise,middle
?,?,?,31923,?,?,?,6334,27144,?,?,?,?,?,9072,?,?,126,?,877,9534,?,?,?,?,1444,?,26,?,?,21407,?,0,27,27,0,13,13,?,158461,0.52,2.8,0,100,0,0,0,0,?,622.18,Higher_education,Higher_education,non-residents,0,100,?,0.003,0.53,non-residents,0,100,?,0.0014,0.25,0.4815,0.57,Government,low
39893,14312,36,59811,21410,36,25849,5488,8272,283,19453,5559,29,3629,29791,8355,28,5558,9651,3511,6105,186,?,?,?,?,?,?,?,?,?,?,1757,188,1945,152,218,370,20,3877477,2.44,723.5,61.4,28.2,2.6,0,7.8,0,7449.56,11169.02,Business_enterprise,Business_enterprise,residents,90.33,9.67,0.1,0.0653,363.21,non-residents,41.08,58.92,0.019,0.0124,69.09,0.1902,2.47,Business_enterprise,high
?,?,?,?,?,?,?,?,?,?,?,?,?,?,?,?,?,?,?,?,?,?,?,?,?,?,?,?,?,?,?,?,?,?,?,?,?,?,?,?,?,?,?,?,?,?,?,?,?,?,N/A,N/A,N/A,?,?,?,?,?,N/A,?,?,?,?,?,?,?,N/A,middle
?,?,?,?,?,?,?,?,?,?,?,?,?,?,?,?,?,?,?,?,?,?,?,?,?,?,?,?,?,?,?,?,0,2,2,?,?,?,6,?,?,?,?,?,?,?,?,?,?,?,N/A,N/A,non-residents,0,100,?,?,28.14,N/A,?,?,?,?,?,?,?,N/A,middle
?,?,?,?,?,?,?,?,?,?,?,?,?,?,?,?,?,?,?,?,?,?,?,?,?,?,?,?,?,?,?,?,14,135,149,14,111,125,1,?,?,?,?,?,?,?,?,?,?,?,N/A,N/A,non-residents,9.4,90.6,?,?,16.76,non-residents,11.2,88.8,?,?,14.06,0.8389,?,N/A,middle
1888,?,?,1164,?,?,?,?,?,?,514,?,?,41,648,157,24,52,?,?,?,?,874,?,73,516,?,41,?,?,?,?,13,101,114,6,15,21,5,25414,0.06,2,0,90.6,0,0.5,8.9,0,151.21,93.23,N/A,N/A,non-residents,11.4,88.6,0.2218,0.1759,9.13,non-residents,28.57,71.43,0.0409,0.0324,1.68,0.1842,0.06,Government,middle
?,?,?,?,?,?,?,?,?,?,?,?,?,?,?,?,?,?,?,?,?,?,?,?,?,?,?,?,?,?,?,?,464,923,1387,57,373,430,1,456604,0.18,6.8,0,0,0,0,0,100,?,?,N/A,N/A,non-residents,33.45,66.55,?,?,20.22,non-residents,13.26,86.74,?,?,6.27,0.31,0.18,N/A,middle
?,?,?,?,?,?,?,?,?,?,293,?,?,47,252,78,31,38,?,83,81,29,?,?,?,?,?,?,?,?,?,?,3,64,67,1,60,61,7,185319,0.62,30.7,1.2,51.9,13.2,10.4,23.4,0,?,?,N/A,Government,non-residents,4.48,95.52,0.2287,0.2659,10.46,non-residents,1.64,98.36,0.2082,0.2421,9.53,0.9104,0.63,Government,middle
?,?,?,?,?,?,?,?,?,?,?,?,?,?,?,?,?,?,?,?,?,?,?,?,?,?,?,?,?,?,?,?,?,?,?,?,?,?,?,?,?,?,?,?,?,?,?,?,?,?,N/A,N/A,N/A,?,?,?,?,?,N/A,?,?,?,?,?,?,?,N/A,low
3745,1811,48,6818,3383,50,626,750,2319,50,2681,1125,42,1976,4803,2078,43,3540,411,473,1764,33,472,296,348,904,549,666,592,390,1111,756,18,699,717,14,243,257,19,101417,0.72,74.4,32.9,52,2,0.5,12.5,0,2745.4,4998.17,Higher_education,Higher_education,non-residents,2.51,97.49,0.2674,0.1493,525.62,non-residents,5.45,94.55,0.0959,0.0535,188.4,0.3584,0.75,Government,middle
5112,443,16,5799,494,14,?,4883,224,5,1608,111,7,21,2187,138,6,28,?,1415,193,?,779,?,10,848,?,11,2725,?,2764,?,3,4,7,0,1,1,0,149423,0.26,1.9,0,69.2,0,0.1,30.8,0,77.72,88.16,Government,Government,non-residents,42.86,57.14,0.0044,0.0032,0.11,non-residents,0,100,0.0006,0.0005,0.02,0.1429,0.26,Government,low
?,?,?,?,?,?,?,?,?,?,?,?,?,?,?,?,?,?,?,?,?,?,?,?,?,?,?,?,?,?,?,?,0,17,17,0,12,12,2,?,?,?,?,?,?,?,?,?,?,?,N/A,N/A,non-residents,0,100,?,?,20.77,non-residents,0,100,?,?,14.66,0.7059,?,N/A,middle
53424,?,?,69788,22580,32,30090,7288,15596,450,36889,?,?,7107,47534,13814,29,9158,20994,4554,11008,333,?,?,?,?,?,?,?,?,?,?,2390,270,2660,1092,955,2047,24,4532228,3.24,873.6,70.8,25.5,1.2,0,2.5,0,10297.62,13451.82,Business_enterprise,Business_enterprise,residents,89.85,10.15,0.0721,0.056,512.72,residents,53.35,46.65,0.0555,0.0431,394.56,0.7695,3.26,Business_enterprise,high
333518,?,?,390631,124321,32,185468,49380,91944,6726,177372,?,?,2980,217173,59630,27,3649,88479,22945,62427,3521,?,?,?,?,?,?,?,?,?,?,13499,3605,17104,9080,2209,11289,23,34748522,2.08,587.1,54.2,36.9,0.8,0.9,7.2,0,5634.47,6599.34,Business_enterprise,Business_enterprise,residents,78.92,21.08,0.0964,0.0788,288.96,residents,80.43,19.57,0.0636,0.052,190.72,0.66,2.06,Business_enterprise,high
77,3,4,77,3,4,?,?,84,?,40,0,0,29,40,0,0,29,?,?,46,?,25,0,18,25,0,18,12,0,12,0,?,?,?,?,?,?,7,?,?,?,?,?,?,?,?,?,56.76,56.76,Higher_education,Higher_education,N/A,?,?,?,?,?,N/A,?,?,?,?,?,?,?,N/A,low
?,?,?,15100,?,?,?,8928,6172,?,?,?,?,?,12400,6400,52,2658,?,7300,5100,?,?,?,?,1180,?,253,?,?,1520,?,254,249,503,160,113,273,38,26467,0.26,5.1,0,0,0,0,0,100,?,3236.15,Government,Government,residents,50.5,49.5,?,0.0406,107.8,residents,58.61,41.39,?,0.022,58.51,0.5427,0.26,N/A,low
480606,121132,25,664731,185842,?,307257,71906,101443,?,264385,42588,16,3208,397130,76245,19,4809,157836,38587,67962,?,89957,78836,1089,118148,?,1431,113634,?,149453,?,49989,10486,60475,11483,2868,14351,18,55564762,2.53,674.9,65.7,31.4,0.4,0,2.5,0,5837.34,8073.69,Business_enterprise,Business_enterprise,residents,82.66,17.34,0.2287,0.1523,734.52,residents,80.02,19.98,0.0543,0.0361,174.3,0.2373,2.55,Business_enterprise,high
?,?,?,?,?,?,?,?,?,?,?,?,?,?,?,?,?,?,?,?,?,?,?,?,?,?,?,?,?,?,?,?,0,39,39,0,11,11,3,?,?,?,?,?,?,?,?,?,?,?,N/A,N/A,non-residents,0,100,?,?,1.92,non-residents,0,100,?,?,0.54,0.2821,?,N/A,low
30226,10971,36,55626,21662,39,11171,4715,14241,99,14371,4710,33,1305,26340,9295,35,2391,3797,1980,8544,50,9636,2661,875,15921,5796,1445,6219,3223,13365,6571,554,95,649,225,24,249,10,1226070,0.61,115.8,33.1,46.6,1.6,0.4,18.4,0,2760.38,5080.02,Higher_education,Higher_education,residents,85.36,14.64,0.0452,0.0246,59.27,residents,90.36,9.64,0.0173,0.0095,22.74,0.3837,0.62,Government,high
35,12,35,75,27,36,?,?,?,?,30,10,34,536,64,22,34,1136,?,?,?,?,5,?,89,11,?,195,?,?,?,?,?,?,?,?,?,?,7,?,?,?,0,0,0,0,0,100,621.12,1330.97,N/A,N/A,N/A,?,?,?,?,?,N/A,?,?,?,?,?,?,?,N/A,high
?,?,?,?,?,?,?,?,?,?,?,?,?,?,?,?,?,?,?,?,?,?,?,?,?,?,?,?,?,?,?,?,?,?,?,?,?,?,28,?,?,?,?,?,?,?,?,?,?,?,N/A,N/A,N/A,?,?,?,?,?,N/A,?,?,?,?,?,?,?,N/A,middle
?,?,?,?,?,?,?,?,?,?,?,?,?,?,?,?,?,?,?,?,?,?,?,?,?,?,?,?,?,?,?,?,5,260,265,3,3,6,8,?,?,?,?,?,?,?,?,?,?,?,N/A,N/A,non-residents,1.89,98.11,?,?,23.18,non-residents,50,50,?,?,0.52,0.0226,?,N/A,middle
?,?,?,3711,661,18,?,1226,1485,?,?,?,?,?,2117,122,6,251,?,1096,1021,?,?,?,?,768,?,91,?,?,826,?,?,?,?,?,?,?,0,?,?,?,?,?,?,?,?,?,?,443.98,Higher_education,Government,N/A,?,?,?,?,?,N/A,?,?,?,?,?,?,?,N/A,low
?,?,?,?,?,?,?,?,?,?,?,?,?,?,?,?,?,?,?,?,?,?,?,?,?,?,?,?,?,?,?,?,0,6,6,0,3,3,2,?,?,?,?,?,?,?,?,?,?,?,N/A,N/A,non-residents,0,100,?,?,8.05,non-residents,0,100,?,?,4.02,0.5,?,N/A,middle
?,?,?,2262,841,37,?,?,?,?,?,?,?,?,525,164,31,80,64,170,207,84,?,?,?,1737,677,264,?,?,?,?,7,155,162,9,229,238,0,8887,0.05,1.4,0,0,0,0,0,100,?,343.67,N/A,Higher_education,non-residents,4.32,95.68,?,0.3086,24.61,non-residents,3.78,96.22,?,0.4533,36.16,1.4691,0.05,N/A,middle
11041,?,?,13254,?,?,4560,361,7969,?,9149,?,?,1361,10352,?,?,1540,3142,212,7285,?,1162,?,173,1740,?,259,730,?,1162,?,74,8840,8914,17,1129,1146,20,975006,0.54,145,31.4,67.4,0.1,0,1.2,0,1641.81,1970.88,Higher_education,Higher_education,non-residents,0.83,99.17,0.9743,0.8611,1325.52,non-residents,1.48,98.52,0.1253,0.1107,170.41,0.1286,0.53,Government,high
22942,?,?,45676,20554,45,6779,7766,8397,?,14666,?,?,1438,28351,9363,33,2779,4071,4657,5938,?,4752,?,466,8098,4896,794,3524,?,9227,6295,919,4529,5448,182,1263,1445,24,1241219,0.88,121.8,34.8,53.6,0.4,0,9.2,1.9,2251.96,4483.5,Higher_education,Higher_education,non-residents,16.87,83.13,0.3715,0.1922,534.77,non-residents,12.6,87.4,0.0985,0.051,141.84,0.2652,0.93,Government,middle
2901,1141,39,5218,2077,40,1333,726,742,99,1859,641,34,6547,3231,1122,35,11377,853,424,515,68,587,269,2067,1168,530,4113,463,230,819,425,49,713,762,5,37,42,3,262371,3.05,930.4,46.2,34,1.6,0,18.3,0,10178.95,18308.77,Business_enterprise,Business_enterprise,non-residents,6.43,93.57,0.4099,0.2358,2673.68,non-residents,11.9,88.1,0.0226,0.013,147.37,0.0551,3.15,Business_enterprise,high
318443,44264,14,?,?,?,69502,238890,22100,?,115936,13912,12,115,?,?,?,?,34973,60455,22100,?,90045,9121,90,?,?,?,112462,?,?,?,4241,6351,10592,529,1020,1549,5,18378955,0.71,17.7,18,77.9,4,0,0,0,308.43,?,Government,Government,non-residents,40.04,59.96,0.0914,?,10.26,non-residents,34.15,65.85,0.0134,?,1.5,0.1462,0.72,Government,low
51544,?,?,?,?,?,1310,22315,27919,?,42722,?,?,202,92817,?,?,438,253,16331,26138,?,?,?,?,?,?,?,?,?,?,?,3109,813,3922,16,615,631,14,296117,0.05,1.4,14.7,84.5,0.2,0,0,0.7,246.61,?,Higher_education,Higher_education,residents,79.27,20.73,0.0918,0.0423,18.76,non-residents,2.54,97.46,0.0148,0.0068,3.02,0.1609,0.05,Government,low
?,?,?,91584,21014,23,12491,38572,40521,?,?,?,?,?,51899,10300,20,754,6369,17722,27808,?,?,?,?,22186,?,322,?,?,17499,?,691,0,691,529,0,529,1,2156219,0.55,32.3,18.5,74,7.5,0,0,0,?,1419.29,Higher_education,Higher_education,residents,100,0,?,0.0133,10.71,residents,100,0,?,0.0102,8.2,0.7656,0.55,Government,middle
13317,3860,28,24486,7874,32,9126,1300,2891,180,8949,2602,28,2317,15512,4686,30,3944,5971,505,2473,?,2347,586,608,4400,1078,1119,2021,672,4574,2110,1019,150,1169,377,174,551,47,1427014,1.18,369.2,66.8,25.5,1.7,0,6,0,3444.24,6332.94,Business_enterprise,Business_enterprise,residents,87.17,12.83,0.1306,0.0754,302.34,residents,68.42,31.58,0.0616,0.0355,142.51,0.4713,1.4,Business_enterprise,high
?,?,?,13100,?,?,39136,?,9451,?,?,?,?,?,9161,?,?,1613,26900,?,?,?,?,?,?,3023,?,532,?,?,926,?,1248,8627,9875,349,1484,1833,25,6548951,4.42,1017.1,66.5,22.4,8.2,0,2.9,0,?,2034.48,Business_enterprise,Business_enterprise,non-residents,12.64,87.36,?,1.0779,1533.62,non-residents,19.04,80.96,?,0.2001,284.67,0.1856,4.58,Business_enterprise,high
153905,53440,33,236077,81251,34,65271,29765,58869,2586,66702,20105,29,1154,100442,28176,28,1738,26550,13006,27146,?,77620,?,1347,116983,?,2029,19053,?,?,?,7877,1396,9273,4108,1177,5285,9,16661326,1.08,288.7,43,50.8,0,0,6.2,0,2701,4143.1,Business_enterprise,Higher_education,residents,84.95,15.05,0.139,0.0923,162.74,residents,77.73,22.27,0.0792,0.0526,92.75,0.5699,1.09,Government,high
?,?,?,?,?,?,?,?,?,?,?,?,?,?,?,?,?,?,?,?,?,?,?,?,?,?,?,?,?,?,?,?,3,66,69,2,67,69,0,5949,0.06,2.3,0,0,0,0,0,100,?,?,N/A,N/A,non-residents,4.35,95.65,?,?,26.49,non-residents,2.9,97.1,?,?,26.49,1,0.06,N/A,middle
892057,?,?,1050414,169370,16,561735,62768,250216,17338,675898,?,?,5310,792699,85207,11,6227,430688,33750,200272,11188,68754,?,540,85257,22433,670,147405,?,172458,61731,382815,57433,440248,109375,12367,121742,26,103367693,3.09,813.7,73.1,19,6.8,1.2,0.4,0,7015.84,8261.28,Business_enterprise,Business_enterprise,residents,86.95,13.05,0.6514,0.5554,3462.46,residents,89.84,10.16,0.1801,0.1536,957.48,0.2765,3.04,Business_enterprise,high
23946,?,?,42153,7559,18,24369,7078,10066,640,9090,1629,18,1927,15891,3385,21,2936,56653,2892,6918,428,3345,737,709,19322,2073,3570,11511,?,6940,2101,11,61,72,44,0,44,7,78016,0.36,14.8,0,0,0,0,0,100,4869.55,8572.04,Business_enterprise,Business_enterprise,non-residents,15.28,84.72,0.0079,0.0045,14.64,residents,100,0,0.0048,0.0028,8.95,0.6111,0.35,N/A,middle
15339,6466,50,17583,?,?,1894,8110,2632,193,9223,4624,50,617,13763,?,?,916,1252,5526,2140,91,1140,?,76,1140,?,76,4976,?,4976,?,1607,99,1706,1111,169,1280,10,174890,0.23,11.7,35.2,39,0,0,2.8,23.1,1032.35,1183.38,Government,Government,residents,94.2,5.8,0.185,0.124,114.82,residents,86.8,13.2,0.1388,0.093,86.15,0.7503,0.25,Government,middle
?,?,?,?,?,?,?,?,?,?,?,?,?,?,?,?,?,?,?,?,?,?,?,?,?,?,?,?,?,?,?,?,25,30,55,3,14,17,5,?,?,?,?,?,?,?,?,?,?,?,N/A,N/A,non-residents,45.45,54.55,?,?,1.75,non-residents,17.65,82.35,?,?,0.54,0.3091,?,N/A,low
165715,?,?,261802,49616,17,117018,14799,32442,1456,136337,?,?,2898,178937,19930,11,3804,100169,12040,23083,1045,21314,?,453,62738,18158,1334,8064,?,20127,8845,73714,30898,104612,21833,12842,34675,30,21998699,2.73,464.7,72.5,25,2.1,0,0.5,0,3499.53,5528.67,Business_enterprise,Business_enterprise,residents,70.46,29.54,0.7673,0.5846,2209.17,residents,62.96,37.04,0.2543,0.1938,732.26,0.3315,2.73,Business_enterprise,high
403,176,44,555,244,33,?,?,?,?,160,37,23,68,160,37,23,68,?,?,?,?,184,?,79,304,?,130,59,?,91,?,?,?,?,?,?,?,1,65932,0.15,29,20.1,79.9,0,0,0,0,177.14,243.96,N/A,N/A,N/A,?,?,?,?,?,N/A,?,?,?,?,?,?,0.13,Government,high
?,?,?,2958,1446,49,857,1871,194,?,?,?,?,?,2099,1001,48,418,544,1356,156,?,?,?,?,248,?,49,?,?,611,?,84,14,98,43,17,60,16,13940,0.18,2.8,40.6,41.6,0.7,0,17.2,0,?,597,Government,Government,residents,85.71,14.29,?,0.0467,19.78,residents,71.67,28.33,?,0.0286,12.11,0.6122,0.18,Government,low
?,?,?,?,?,?,?,?,?,?,?,?,?,?,?,?,?,?,?,?,?,?,?,?,?,?,?,?,?,?,?,?,?,?,?,?,?,?,?,?,?,?,?,?,?,?,?,?,?,?,N/A,N/A,N/A,?,?,?,?,?,N/A,?,?,?,?,?,?,?,N/A,low
5476,3102,57,8415,4587,55,1354,1091,3030,1,3497,1927,55,1484,5785,3050,53,2455,683,571,2242,1,809,536,343,1151,752,488,1170,639,1479,785,117,63,180,97,84,181,4,87469,0.42,37.1,18.3,50,0,0,31.7,0,2321.32,3567.19,Higher_education,Higher_education,residents,65,35,0.0515,0.0311,76.3,residents,53.59,46.41,0.0518,0.0313,76.73,1.0056,0.42,Government,middle
?,?,?,?,?,?,?,?,?,?,?,?,?,?,?,?,?,?,?,?,?,?,?,?,?,?,?,?,?,?,?,?,?,?,?,?,?,?,3,?,?,?,?,?,?,?,?,?,?,?,N/A,N/A,N/A,?,?,?,?,?,N/A,?,?,?,?,?,?,?,N/A,middle
?,?,?,196,64,62,?,127,50,19,?,?,?,?,81,31,76,45,?,34,35,12,?,?,?,47,?,803,?,?,68,?,1,0,1,1,0,1,?,2394,0.05,1.3,0,0,0,0,0,100,?,109.14,Government,Higher_education,residents,100,0,?,0.0123,0.56,residents,100,0,?,0.0123,0.56,1,0.04,N/A,low
?,?,?,?,?,?,?,?,?,?,?,?,?,?,?,?,?,?,?,?,?,?,?,?,?,?,?,?,?,?,?,?,14,21,35,9,21,30,?,?,?,?,?,?,?,?,?,?,?,?,N/A,N/A,non-residents,40,60,?,?,11.07,non-residents,30,70,?,?,9.49,0.8571,?,N/A,low
?,?,?,?,?,?,?,?,?,?,?,?,?,?,?,?,?,?,?,?,?,?,?,?,?,?,?,?,?,?,?,?,12,23,35,?,?,?,?,?,?,?,?,?,?,?,?,?,?,?,N/A,N/A,non-residents,34.29,65.71,?,?,6.47,N/A,?,?,?,?,?,?,?,N/A,middle
11949,6386,53,14980,8054,54,646,4688,6615,40,8075,3766,47,2320,10213,4801,47,2934,417,2432,5226,?,1725,1215,496,2052,1448,589,2149,1405,2715,1805,68,55,123,74,54,128,5,228820,0.69,65.7,37.1,56.2,0,0,6.6,0,3432.34,4303,Higher_education,Higher_education,residents,55.28,44.72,0.0152,0.012,35.33,residents,57.81,42.19,0.0159,0.0125,36.77,1.0407,0.73,Government,middle
3663,?,?,4135,948,23,3500,476,34,?,1646,233,17,3781,2023,353,17,4465,1399,225,22,?,1673,?,3844,1708,?,3770,?,376,?,404,51,70,121,61,37,98,19,344261,1.48,791,90.7,7.7,0,0,1.7,0,8334.47,9408.42,Business_enterprise,Business_enterprise,non-residents,42.15,57.85,0.0735,0.0598,275.31,residents,62.24,37.76,0.0595,0.0484,222.98,0.8099,1.67,Business_enterprise,high
196,44,23,252,59,23,?,?,388,21,114,20,17,255,163,31,19,364,?,?,280,18,74,?,165,81,?,181,8,?,8,?,0,7,7,0,9,9,1,6395,0.07,14.3,0,0,0,0,0,100,437.77,562.84,Higher_education,Higher_education,non-residents,0,100,0.0614,0.0429,15.63,non-residents,0,100,0.0789,0.0552,20.1,1.2857,0.07,N/A,high
1630,816,50,3299,1601,49,130,675,629,?,1240,596,48,615,2558,1175,46,1269,98,459,556,?,199,?,99,344,?,171,191,?,397,?,66,59,125,26,36,62,1,41118,0.35,20.2,10,70.3,6.9,3.3,9.4,0,808.49,1636.32,Government,Higher_education,residents,52.8,47.2,0.1008,0.0489,62,non-residents,41.94,58.06,0.05,0.0242,30.75,0.496,0.35,Government,middle
1741,557,32,2342,753,32,?,?,1741,?,822,253,31,49,1423,449,32,85,?,?,822,?,243,?,15,243,?,15,676,?,676,?,0,34,34,3,48,51,1,32353,0.22,1.9,0,0,73.9,0,26.1,0,104.46,140.52,Higher_education,Higher_education,non-residents,0,100,0.0414,0.0239,2.04,non-residents,5.88,94.12,0.062,0.0358,3.06,1.5,0.22,Higher_education,low
?,?,?,?,?,?,?,?,?,?,?,?,?,?,?,?,?,?,?,?,?,?,?,?,?,?,?,?,?,?,?,?,0,313,313,0,62,62,3,?,?,?,?,?,?,?,?,?,?,?,N/A,N/A,non-residents,0,100,?,?,26.53,non-residents,0,100,?,?,5.26,0.1981,?,N/A,low
10731,3561,33,24937,10544,34,4267,2652,3812,?,7157,2451,34,299,17790,8275,36,742,2767,1203,3187,?,1379,146,58,3090,?,129,2195,?,4057,?,179,6272,6451,52,734,786,58,1483645,0.73,61.9,51.5,32.1,4.9,0,11.5,0,456.79,1061.51,Business_enterprise,Higher_education,non-residents,2.77,97.23,0.9014,0.3626,274.6,non-residents,6.62,93.38,0.1098,0.0442,33.46,0.1218,0.79,Business_enterprise,middle
?,?,?,?,?,?,?,?,?,?,?,?,?,?,?,?,?,?,?,?,?,?,?,?,?,?,?,?,?,?,?,?,?,?,?,?,?,?,8,?,?,?,?,?,?,?,?,?,?,?,N/A,N/A,N/A,?,?,?,?,?,N/A,?,?,?,?,?,?,?,N/A,low
475,190,27,1121,369,28,75,135,265,?,272,109,25,687,893,211,24,1740,47,22,203,?,45,17,114,83,19,210,158,64,349,139,26,107,133,19,78,97,62,19679,0.28,49.7,18.6,59.8,0,0,21.6,0,1208.65,2852.42,Higher_education,Higher_education,non-residents,19.55,80.45,0.489,0.1489,338.42,non-residents,19.59,80.41,0.3566,0.1086,246.82,0.7293,0.28,Government,high
?,?,?,?,?,?,?,?,?,?,?,?,?,?,?,?,?,?,?,?,?,?,?,?,?,?,?,?,?,?,?,?,?,?,?,?,?,?,?,?,?,?,?,?,?,?,?,?,?,?,N/A,N/A,N/A,?,?,?,?,?,N/A,?,?,?,?,?,?,?,N/A,middle
?,?,?,?,?,?,?,?,?,?,?,?,?,?,?,?,?,?,?,?,?,?,?,?,?,?,?,?,?,?,?,?,?,?,?,?,?,?,?,?,?,?,?,?,?,?,?,?,?,?,N/A,N/A,N/A,?,?,?,?,?,N/A,?,?,?,?,?,?,?,N/A,low
?,?,?,871,?,?,?,?,?,?,?,?,?,?,231,46,20,201,?,?,?,?,?,?,?,145,37,126,?,?,495,?,3,12,15,0,3,3,1,48295,0.39,40.3,0,100,0,0,0,0,?,725.91,N/A,N/A,non-residents,20,80,?,0.0649,12.5,non-residents,0,100,?,0.013,2.5,0.2,0.39,Government,middle
43455,?,?,?,?,?,12071,17515,13508,361,23390,?,?,230,44577,14073,32,472,3540,7540,10640,151,9268,?,91,?,?,?,8735,?,?,?,533,13012,13545,118,5358,5476,22,3494824,0.38,35.2,29.8,59.1,9.1,0.8,1.3,0,438.97,?,Government,Higher_education,non-residents,3.94,96.06,0.5791,0.3039,136.83,non-residents,2.15,97.85,0.2341,0.1228,55.32,0.4043,0.39,Government,middle
?,?,?,2262,1112,49,?,?,?,?,?,?,?,?,738,222,30,203,?,?,?,?,?,?,?,888,?,244,?,?,636,?,437,17,454,195,31,226,3,46764,0.76,10.8,51.4,47.8,0.2,0,0.6,0,?,553.16,N/A,N/A,residents,96.26,3.74,?,0.6152,111.02,residents,86.28,13.72,?,0.3062,55.27,0.4978,0.72,Business_enterprise,low
?,?,?,18,9,50,?,18,?,?,?,?,?,?,9,4,44,273,?,10,?,?,?,?,?,6,?,182,?,?,3,?,6,14,20,11,8,19,?,?,?,?,0,0,0,0,0,100,?,557.28,Government,Government,non-residents,30,70,?,2.2222,619.2,residents,57.89,42.11,?,2.1111,588.24,0.95,?,N/A,high
?,?,?,2752,1232,45,47,2057,179,?,?,?,?,?,2087,901,43,827,30,1544,157,?,?,?,?,215,150,85,?,?,450,?,106,76,182,86,90,176,0,9931,0.26,4.1,0,100,0,0,0,0,?,1136.55,Government,Government,residents,58.24,41.76,?,0.0872,75.16,non-residents,48.86,51.14,?,0.0843,72.69,0.967,0.26,Government,low
?,?,?,?,?,?,?,?,?,?,?,?,?,?,24719,5061,27,833,?,?,23559,?,?,?,?,?,?,?,?,?,?,?,104,0,104,?,?,?,9,765903,0.7,25.8,21.6,37.1,41.2,0,0,0,?,?,N/A,Higher_education,residents,100,0,?,0.0042,3.61,N/A,?,?,?,?,?,?,0.72,Higher_education,middle
?,?,?,2476,?,?,?,?,?,?,?,?,?,?,468,?,?,25,?,?,?,?,?,?,?,1999,?,107,?,?,?,?,?,?,?,?,?,?,3,94466,0.57,5.1,0,34.7,0,0,65.3,0,?,135.33,N/A,N/A,N/A,?,?,?,?,?,N/A,?,?,?,?,?,?,0.62,Abroad,low
4373,?,?,?,?,?,574,?,?,12,574,?,?,12,3166,2793,88,66,?,?,?,?,3754,?,78,?,?,?,46,?,?,?,?,?,?,?,?,?,?,?,?,?,0,0,0,0,0,100,90.5,?,Business_enterprise,N/A,N/A,?,?,?,?,?,N/A,?,?,?,?,?,?,?,N/A,low
?,?,?,?,?,?,?,?,?,?,?,?,?,?,?,?,?,?,?,?,?,?,?,?,?,?,?,?,?,?,?,?,13,120,133,3,99,102,1,?,?,?,?,?,?,?,?,?,?,?,N/A,N/A,non-residents,9.77,90.23,?,?,68.91,non-residents,2.94,97.06,?,?,52.85,0.7669,?,N/A,middle
6500,?,?,13500,2000,15,?,?,?,?,1500,?,?,59,3000,450,15,118,?,?,?,?,3500,?,137,6000,?,235,1500,?,4500,?,3,5,8,1,0,1,0,?,?,?,?,?,?,?,?,?,260.26,540.54,N/A,N/A,non-residents,37.5,62.5,0.0053,0.0027,0.32,residents,100,0,0.0007,0.0003,0.04,0.125,?,N/A,low
89206,?,?,109224,25212,24,48366,12860,26987,993,45517,?,?,2848,46730,7852,17,2909,22414,6799,15750,554,22264,?,1393,34840,7767,2169,21428,?,27653,9593,2110,543,2653,2205,770,2975,32,8606686,1.74,536.6,51.9,35.8,0.1,1.2,11,0,5559.36,6806.89,Business_enterprise,Business_enterprise,residents,79.53,20.47,0.0583,0.0568,165.34,residents,74.12,25.88,0.0654,0.0637,185.4,1.1214,1.72,Business_enterprise,high
17768,?,?,30183,13063,43,4152,3850,9766,?,13133,?,?,3405,22045,8657,39,5715,2490,1988,8655,?,2784,?,722,4200,1617,1089,1851,?,3938,2789,1768,5507,7275,258,3281,3539,10,954960,1.14,246.1,37.8,47.1,10,0,6.7,0,4578.79,7778.12,Higher_education,Higher_education,non-residents,24.3,75.7,0.5539,0.33,1874.76,non-residents,7.29,92.71,0.2695,0.1605,912,0.4865,1.21,Government,high
493,?,?,456,?,?,?,?,?,?,340,?,?,73,256,96,43,50,?,?,?,?,?,?,?,200,15,39,?,?,?,?,14,129,143,7,129,136,3,7555,0.05,1.5,0,0,0,0,0,100,98.77,91.36,N/A,N/A,non-residents,9.79,90.21,0.4206,0.5586,28.65,non-residents,5.15,94.85,0.4,0.5313,27.25,0.951,0.05,N/A,middle
611,?,?,684,?,?,?,?,?,?,109,?,?,9,133,?,?,11,?,?,?,?,122,?,10,137,?,11,380,?,414,?,?,?,?,?,?,?,8,?,?,?,?,?,?,?,?,?,50.11,56.1,N/A,N/A,N/A,?,?,?,?,?,N/A,?,?,?,?,?,?,?,N/A,low
?,?,?,45096,10684,24,?,?,45096,?,?,?,?,?,18867,3578,19,157,?,?,18876,?,?,?,?,7889,?,66,?,?,18340,?,12,246,258,10,160,170,0,?,?,?,?,?,?,?,?,?,?,352.21,Higher_education,Higher_education,non-residents,4.65,95.35,?,0.0137,2.02,non-residents,5.88,94.12,?,0.009,1.33,0.6589,?,N/A,low
27068,?,?,48691,17026,33,14822,4762,7484,?,20048,?,?,4428,34864,9883,28,7700,11296,3082,5670,?,?,?,?,?,?,?,?,?,?,?,1277,5143,6420,500,1948,2448,19,2625414,1.62,581.7,51.7,39.8,0.5,0.9,7.1,0,5997.78,10789.05,Business_enterprise,Business_enterprise,non-residents,19.89,80.11,0.3202,0.1841,1422.56,non-residents,20.42,79.58,0.1221,0.0702,542.43,0.3813,1.64,Business_enterprise,high
?,?,?,?,?,?,?,?,?,?,?,?,?,?,?,?,?,?,?,?,?,?,?,?,?,?,?,?,?,?,?,?,?,?,?,?,?,?,3,?,?,?,?,?,?,?,?,?,?,?,N/A,N/A,N/A,?,?,?,?,?,N/A,?,?,?,?,?,?,?,N/A,middle
53139,3102,6,101789,11309,11,?,40318,12849,?,12689,2053,16,80,12820,1332,18,86,?,5359,7461,?,6471,27,41,8659,?,55,33999,?,62148,?,58,0,58,12,0,12,0,567528,0.21,4,0,100,0,0,0,0,375.67,719.61,Government,Higher_education,residents,100,0,0.0046,0.0045,0.41,residents,100,0,0.0009,0.0009,0.08,0.2069,0.21,Government,low
?,?,?,?,?,?,?,?,?,?,?,?,?,?,?,?,?,?,?,?,?,?,?,?,?,?,?,?,?,?,?,?,?,?,?,?,?,?,?,?,?,?,?,?,?,?,?,?,?,?,N/A,N/A,N/A,?,?,?,?,?,N/A,?,?,?,?,?,?,?,N/A,middle
894,?,?,1530,528,35,?,?,?,?,276,?,?,92,841,297,35,280,?,187,50,39,618,?,206,689,231,229,?,?,630,245,7,153,160,0,15,15,1,68432,0.37,23.6,10.2,32.8,0.6,1.2,55.1,0,297.36,508.91,N/A,Government,non-residents,4.38,95.63,0.5797,0.1902,53.22,non-residents,0,100,0.0543,0.0178,4.99,0.0938,0.39,Abroad,middle
1149,?,?,1358,765,56,?,?,?,?,481,?,?,86,587,294,50,105,?,137,222,122,669,?,119,771,471,138,?,?,?,?,30,71,101,0,26,26,4,21401,0.09,4,0,43.2,20.6,3.4,32.7,0,210.58,248.88,N/A,Higher_education,non-residents,29.7,70.3,0.21,0.1721,18.51,non-residents,0,100,0.0541,0.0443,4.77,0.2574,0.09,Government,middle
?,?,?,8434,?,?,?,?,?,?,5576,?,?,226,4965,?,?,180,2276,688,1996,5,?,?,?,1757,?,64,?,?,1712,?,36,974,1010,14,523,537,3,135257,0.11,5.1,0,0,0,0,0,100,?,319.95,N/A,Business_enterprise,non-residents,3.56,96.44,0.1811,0.2034,38.31,non-residents,2.61,97.39,0.0963,0.1082,20.37,0.5317,0.11,N/A,middle
?,?,?,9325,4737,51,5347,3425,4423,293,?,?,?,?,7203,3893,54,92,2428,2557,3712,169,?,?,?,956,?,12,?,?,1166,?,154,0,154,8,558,566,72,492295,0.15,6.3,68.6,19.1,5.9,0.2,5.5,0.7,?,120.73,Business_enterprise,Higher_education,residents,100,0,?,0.0214,1.99,non-residents,1.41,98.59,?,0.0786,7.33,3.6753,0.14,Business_enterprise,middle
77232,?,?,123840,54326,43,17277,17508,42386,62,56148,21947,38,1453,89596,33572,38,2319,9643,10637,35827,41,12364,?,320,18279,10578,473,8720,?,15965,10176,2202,4328,6530,851,1171,2022,3,2565819,0.6,66.4,28,67.5,1.6,0.4,2.4,0,2019.08,3237.56,Higher_education,Higher_education,non-residents,33.72,66.28,0.1163,0.0729,170.71,non-residents,42.09,57.91,0.036,0.0226,52.86,0.3096,0.6,Government,middle
22970,10045,44,39163,19562,44,3875,5971,10173,2951,17725,7940,45,1725,31146,13572,44,3031,2722,3646,8942,2415,2874,1056,280,4464,1881,434,2371,1048,3553,1786,107,56,163,44,150,194,8,1548302,0.77,152.4,31.5,61,0.8,1.6,5.1,0,2231.63,3804.84,Higher_education,Higher_education,residents,65.64,34.36,0.0092,0.0052,15.84,non-residents,22.68,77.32,0.0109,0.0062,18.85,1.1902,0.79,Government,high
32639,15497,47,37696,17511,46,19930,8421,4288,203,19726,8551,43,896,23597,10107,43,1071,11292,5599,2835,?,5952,3447,270,6243,3565,283,6961,3499,7856,3839,1128,277,1405,665,228,893,6,543589,0.38,24.3,47.6,43,1.2,0,8.2,0,1474.74,1703.24,Business_enterprise,Business_enterprise,residents,80.28,19.72,0.0712,0.0595,63.48,residents,74.47,25.53,0.0453,0.0378,40.35,0.6356,0.38,Business_enterprise,middle
1008091,?,?,885568,?,?,623613,278251,103194,3033,505778,?,?,3465,422176,185609,44,2892,283716,144716,74930,2416,83914,?,575,75416,?,517,418399,?,387976,?,24777,9313,34090,13779,2513,16292,14,13019714,1.18,89.9,33.6,57.2,0.3,0.2,8.6,0,6907.12,6067.63,Business_enterprise,Business_enterprise,residents,72.68,27.32,0.0674,0.0807,233.57,residents,84.58,15.42,0.0322,0.0386,111.63,0.4779,1.19,Government,middle
?,?,?,?,?,?,?,?,?,?,?,?,?,?,?,?,?,?,?,?,?,?,?,?,?,?,?,?,?,?,?,?,0,4,4,0,4,4,1,?,?,?,?,?,?,?,?,?,?,?,N/A,N/A,non-residents,0,100,?,?,0.48,non-residents,0,100,?,?,0.48,1,?,N/A,low
?,?,?,?,?,?,?,?,?,?,?,?,?,?,?,?,?,?,?,?,?,?,?,?,?,?,?,?,?,?,?,?,?,?,?,?,?,?,0,?,?,?,?,?,?,?,?,?,?,?,N/A,N/A,N/A,?,?,?,?,?,N/A,?,?,?,?,?,?,?,N/A,middle
?,?,?,311,57,39,?,?,?,?,?,?,?,?,74,10,33,483,?,?,?,?,?,?,?,237,?,1547,?,?,?,?,0,7,7,0,7,7,5,3234,0.36,21.1,0,0,0,0,0,100,?,14.72,N/A,N/A,non-residents,0,100,?,0.0946,0.33,non-residents,0,100,?,0.0946,0.33,1,0.39,N/A,middle
?,?,?,129,?,?,?,?,?,?,?,?,?,?,20,?,?,172,?,?,?,?,?,?,?,109,?,935,?,?,?,?,0,2,2,0,2,2,0,333,0.05,2.9,0,0,0,0,0,100,?,12.17,N/A,N/A,non-residents,0,100,?,0.1,0.19,non-residents,0,100,?,0.1,0.19,1,0.06,N/A,middle
?,?,?,?,?,?,?,?,?,?,?,?,?,?,?,?,?,?,?,?,?,?,?,?,?,?,?,?,?,?,?,?,0,7,7,0,7,7,1,?,?,?,?,?,?,?,?,?,?,?,N/A,N/A,non-residents,0,100,?,?,0.86,non-residents,0,100,?,?,0.86,1,?,N/A,middle
?,?,?,3708,739,27,?,?,?,?,?,?,?,?,1239,225,18,56,?,?,?,?,?,?,?,1498,?,68,?,?,971,?,46,683,729,0,10,10,0,?,?,?,?,?,?,?,?,?,?,45663.9,N/A,N/A,non-residents,6.31,93.69,?,0.5884,8977.61,non-residents,0,100,?,0.0081,123.15,0.0137,?,N/A,middle
?,?,?,4200,?,?,28,247,2902,1023,?,?,?,?,2349,?,?,201,28,175,1630,516,?,?,?,1751,?,1501,?,?,100,?,?,?,?,?,?,?,5,19662,0.12,1.7,0,100,0,0,0,0,?,896.93,Higher_education,Higher_education,N/A,?,?,?,?,?,N/A,?,?,?,?,?,?,0.13,Government,low
?,?,?,19415,9300,48,1197,7532,12562,?,?,?,?,?,10071,4246,42,1211,370,2249,8236,?,?,?,?,4518,?,543,?,?,4826,?,362,1112,1474,31,11,42,?,?,?,?,0,0,0,0,0,100,?,4699.6,Higher_education,Higher_education,non-residents,24.56,75.44,?,0.1464,356.8,residents,73.81,26.19,?,0.0042,10.17,0.0285,?,N/A,middle
180,30,35,199,40,38,?,159,?,21,13,4,31,157,14,5,36,169,?,8,5,?,53,?,640,64,?,772,114,?,121,?,0,6,6,0,6,6,5,5836,0.43,71.9,0,98.3,0,0,1.7,0,33.46,37,Government,Government,non-residents,0,100,0.4615,0.4286,1.12,non-residents,0,100,0.4615,0.4286,1.12,1,0.44,Government,middle
?,?,?,?,?,?,?,?,?,?,?,?,?,?,?,?,?,?,?,?,?,?,?,?,?,?,?,?,?,?,?,?,0,5,5,0,5,5,31,?,?,?,?,?,?,?,?,?,?,?,N/A,N/A,non-residents,0,100,?,?,2.51,non-residents,0,100,?,?,2.51,1,?,N/A,low
19453,?,?,25162,8171,31,9930,1573,7949,2223,16741,?,?,4086,20645,5517,26,5039,8521,1056,7163,0,1435,?,350,2371,?,579,1277,?,2146,?,523,8133,8656,170,7050,7220,61,2017589,2.13,488.4,54.2,38.1,0.8,0.3,6.6,0,434.1,561.5,Business_enterprise,Business_enterprise,non-residents,6.04,93.96,0.5171,0.4193,193.16,non-residents,2.35,97.65,0.4313,0.3497,161.12,0.8341,2.13,Business_enterprise,high
14422,6534,45,21997,9099,43,4756,3987,5679,3,9585,3817,40,1774,15923,6086,40,2948,2256,2438,4891,0,3323,1798,615,4108,1965,760,1514,920,1966,1048,246,1696,1942,86,957,1043,4,425991,0.66,79.2,56.1,41.3,0.7,0,1.9,0,354.17,540.2,Higher_education,Higher_education,non-residents,12.67,87.33,0.2026,0.122,47.69,non-residents,8.25,91.75,0.1088,0.0655,25.61,0.5371,0.67,Business_enterprise,middle
8608,3346,39,12349,4971,40,4250,2388,1783,187,4498,1547,34,2287,6740,2383,35,3427,1510,1452,1379,157,3146,1256,1600,4195,1755,2133,964,543,1414,833,264,108,372,165,117,282,5,546210,1.55,276.3,54.7,37.1,0.7,0.4,7.2,0,4321.29,6199.3,Business_enterprise,Business_enterprise,residents,70.97,29.03,0.0827,0.0552,186.75,residents,58.51,41.49,0.0627,0.0418,141.57,0.7581,1.55,Business_enterprise,high
21195,7831,37,40008,14782,37,6210,5171,9517,298,14182,5112,36,307,26913,9700,36,583,2952,2134,8899,197,3374,?,73,5139,?,111,3639,?,7956,?,0,3971,3971,2748,4020,6768,6,2978532,0.73,64.6,53.3,35.2,0,5.4,6.1,0,472.97,892.79,Higher_education,Higher_education,non-residents,0,100,0.28,0.1475,88.61,non-residents,40.6,59.4,0.4772,0.2515,151.03,1.7044,0.76,Business_enterprise,middle
125750,42424,34,209011,74892,36,46465,23468,54623,1195,80081,28208,35,1948,140407,49664,35,3415,18959,13345,46964,812,28460,7437,692,36856,10667,896,17209,6779,31748,14561,2528,467,2995,1701,541,2242,8,8147976,0.87,200,47.2,39.9,4.4,0.8,7.7,0.1,3088.13,5132.83,Higher_education,Higher_education,residents,84.41,15.59,0.0374,0.0213,73.55,residents,75.87,24.13,0.028,0.016,55.06,0.7486,0.88,Business_enterprise,high
5475,1820,33,168451,3826,27,754,3019,1702,?,2537,861,32,128,7807,1294,25,393,269,841,1569,?,1474,?,72,1551,?,78,1322,?,7493,?,95,189,284,63,69,132,2,95894,0.14,4.8,7.7,51.7,18.5,0,4.5,17.5,292.28,8992.69,Government,Higher_education,non-residents,33.45,66.55,0.1119,0.0364,15.16,non-residents,47.73,52.27,0.052,0.0169,7.05,0.4648,0.15,Government,middle
?,?,?,16050,2092,13,180,3490,16102,?,?,?,?,?,7850,1664,21,234,50,1168,8122,?,?,?,?,3170,?,94,?,?,5030,?,0,26,26,0,26,26,13,237437,0.44,7.1,0,0,0,0,0,100,?,478.13,Higher_education,Higher_education,non-residents,0,100,?,0.0033,0.77,non-residents,0,100,?,0.0033,0.77,1,0.49,N/A,low
?,?,?,?,?,?,?,?,?,?,?,?,?,?,?,?,?,?,?,?,?,?,?,?,?,?,?,?,?,?,?,?,?,?,?,?,?,?,0,?,?,?,?,?,?,?,?,?,?,?,N/A,N/A,N/A,?,?,?,?,?,N/A,?,?,?,?,?,?,?,N/A,middle
?,?,?,?,?,?,?,?,?,?,?,?,?,?,?,?,?,?,?,?,?,?,?,?,?,?,?,?,?,?,?,?,0,47,47,0,47,47,1,?,?,?,?,?,?,?,?,?,?,?,N/A,N/A,non-residents,0,100,?,?,44.01,non-residents,0,100,?,?,44.01,1,?,N/A,middle
72190,20915,29,110291,40163,36,49433,2817,19837,103,45995,7841,16,5168,61884,?,?,6981,27884,2260,15851,?,?,?,?,?,?,?,?,?,?,?,3360,597,3957,1745,381,2126,17,9627331,3.95,1082.5,71.6,21.3,3.8,0,3.4,0.1,8116.71,12400.61,Business_enterprise,Business_enterprise,residents,84.91,15.09,0.086,0.0639,444.91,residents,82.08,17.92,0.0462,0.0344,239.04,0.5373,3.98,Business_enterprise,high
52285,?,?,86990,24105,28,36190,895,15200,?,26105,?,?,3642,44230,8985,20,6171,15275,405,9425,?,16580,?,2313,20300,3885,2832,9600,?,22460,11235,1859,594,2453,789,487,1276,20,5761860,2.46,803.9,69.1,23.2,2.1,1.4,4.3,0,7231.87,12032.13,Business_enterprise,Business_enterprise,residents,75.78,24.22,0.094,0.0555,339.29,residents,61.83,38.17,0.0489,0.0288,176.49,0.5202,2.33,Business_enterprise,high
?,?,?,?,?,?,?,?,?,?,?,?,?,?,?,?,?,?,?,?,?,?,?,?,?,?,?,?,?,?,?,?,249,0,249,28,0,28,0,?,?,?,?,?,?,?,?,?,?,?,N/A,N/A,residents,100,0,?,?,14.44,residents,100,0,?,?,1.62,0.1124,?,N/A,middle
?,?,?,2799,?,?,?,2237,250,?,?,?,?,?,1845,908,49,296,?,1322,226,?,?,?,?,391,?,63,?,?,563,?,40,0,40,17,28,45,?,5035,0.09,0.8,0.6,97.3,0,0,0.2,1.9,?,448.13,Government,Government,residents,100,0,?,0.0217,6.4,non-residents,37.78,62.22,?,0.0244,7.2,1.125,0.09,Government,low
?,?,?,?,?,?,?,?,?,?,?,?,?,?,?,?,?,?,?,?,?,?,?,?,?,?,?,?,?,?,?,?,0,23,23,?,?,?,2,?,?,?,?,?,?,?,?,?,?,?,N/A,N/A,non-residents,0,100,?,?,0.66,N/A,?,?,?,?,?,?,?,N/A,low
32011,?,?,65859,37630,49,19193,27632,18850,184,17710,?,?,286,30941,13607,46,499,10335,7643,12827,136,7110,?,115,21713,2129,350,7191,?,13205,3231,534,4798,5332,58,738,796,31,987581,0.24,16.1,36.8,0,0,0,0,63.2,516.17,1061.95,Government,Higher_education,non-residents,10.02,89.98,0.3011,0.1723,85.98,non-residents,7.29,92.71,0.0449,0.0257,12.84,0.1493,0.25,Business_enterprise,middle
?,?,?,?,?,?,?,?,?,?,?,?,?,?,?,?,?,?,?,?,?,?,?,?,?,?,?,?,?,?,?,?,?,?,?,?,?,?,?,?,?,?,?,?,?,?,?,?,?,?,N/A,N/A,N/A,?,?,?,?,?,N/A,?,?,?,?,?,?,?,N/A,middle
?,?,?,1589,598,38,?,?,?,?,?,?,?,?,509,192,38,395,26,174,309,?,?,?,?,1142,445,889,?,?,?,?,0,239,239,0,17,17,3,11806,0.09,9.1,0,0,0,0,0,100,?,1232.77,N/A,Higher_education,non-residents,0,100,?,0.4695,185.42,non-residents,0,100,?,0.0334,13.19,0.0711,0.1,N/A,middle
10090,7416,46,17706,11973,43,?,2652,8858,?,8515,5471,49,880,15363,8998,45,1588,?,1052,8858,?,294,?,30,385,?,40,1281,?,1958,?,22,156,178,31,115,146,3,342340,0.53,35.4,6.9,53.6,34.6,0,4.9,0,1043.04,1830.34,Higher_education,Higher_education,non-residents,12.36,87.64,0.0209,0.0116,18.4,non-residents,21.23,78.77,0.0171,0.0095,15.09,0.8202,0.56,Government,middle
27698,9471,34,75960,25377,33,5607,5293,16798,?,22702,8527,38,328,67190,23663,35,970,3392,2512,16798,?,2560,434,37,3851,688,56,2436,510,4919,1026,338,2880,3218,61,2075,2136,4,2943560,0.71,43,44.9,48,0,6.3,0.8,0,404.18,1108.44,Higher_education,Higher_education,non-residents,10.5,89.5,0.1417,0.0479,46.96,non-residents,2.86,97.14,0.0941,0.0318,31.17,0.6638,0.72,Government,middle
?,?,?,1278,345,37,133,644,464,37,?,?,?,?,568,213,38,23,47,301,202,18,?,?,?,366,34,15,?,?,344,?,0,11,11,0,11,11,12,259438,0.85,10.8,2.2,6.6,0.6,0.3,90.3,0,?,50.89,Government,Government,non-residents,0,100,?,0.0194,0.44,non-residents,0,100,?,0.0194,0.44,1,0.87,Abroad,low
?,?,?,147116,?,?,62902,66570,9998,?,?,?,?,?,86366,36164,42,1778,32515,43264,8111,?,?,?,?,26975,?,555,?,?,33775,?,7208,1610,8818,10412,1258,11670,5,2674899,1.2,54.5,32,40.1,0.3,0.4,22.8,4.2,?,3021.86,Government,Government,residents,81.74,18.26,?,0.1021,181.13,residents,89.22,10.78,?,0.1351,239.71,1.3234,1.23,Government,low
?,?,?,?,?,?,?,?,?,?,?,?,?,?,?,?,?,?,?,?,?,?,?,?,?,?,?,?,?,?,?,?,?,?,?,?,?,?,2,?,?,?,?,?,?,?,?,?,?,?,N/A,N/A,N/A,?,?,?,?,?,N/A,?,?,?,?,?,?,?,N/A,high
?,?,?,?,?,?,154047,23421,?,6316,157662,?,?,2706,?,?,?,?,91145,9998,?,3721,?,?,?,?,?,?,?,?,?,?,21423,10658,32081,2807,4748,7555,33,28060436,1.69,475.2,45.6,28.8,1,4.9,19.8,0,?,?,Business_enterprise,Business_enterprise,residents,66.78,33.22,0.2035,?,539.17,non-residents,37.15,62.85,0.0479,?,126.97,0.2355,1.68,Business_enterprise,high
?,?,?,?,?,?,?,?,?,?,1320096,?,?,4600,?,?,?,?,1060000,48187,?,?,?,?,?,?,?,?,?,?,?,?,177513,148958,326471,87606,78432,166038,32,271808040,2.69,952.6,67.8,27.3,2.5,2.5,0,0,?,?,N/A,Business_enterprise,residents,54.37,45.63,0.2473,?,1144.24,residents,52.76,47.24,0.1258,?,581.94,0.5086,2.66,Business_enterprise,high
1412,?,?,4323,1927,45,?,?,?,?,1242,?,?,366,3839,1813,47,1132,46,46,652,?,175,?,52,710,261,212,?,?,?,?,44,572,616,4,51,55,2,69346,0.24,20.5,46.7,17.1,31.4,0.1,4.7,0,426.8,1306.69,N/A,Higher_education,non-residents,7.14,92.86,0.496,0.1605,186.2,non-residents,7.27,92.73,0.0443,0.0143,16.62,0.0893,0.24,Business_enterprise,middle
?,?,?,?,?,?,?,?,?,?,?,?,?,?,?,?,?,?,?,?,?,?,?,?,?,?,?,?,?,?,?,?,803,443,1246,455,30,485,?,?,?,?,?,?,?,?,?,?,?,?,N/A,N/A,residents,64.45,35.55,?,?,49.91,residents,93.81,6.19,?,?,19.43,0.3892,?,N/A,low
?,?,?,?,?,?,?,?,?,?,?,?,?,?,?,?,?,?,?,?,?,?,?,?,?,?,?,?,?,?,?,?,?,?,?,?,?,?,?,?,?,?,?,?,?,?,?,?,?,?,N/A,N/A,N/A,?,?,?,?,?,N/A,?,?,?,?,?,?,?,N/A,middle
?,?,?,?,?,?,?,?,?,?,?,?,?,?,4756,1998,42,191,?,?,?,?,?,?,?,?,?,?,?,?,?,?,56,2292,2348,14,742,756,3,689681,0.47,28,27.3,55.5,17.2,0,0,0,?,?,N/A,N/A,non-residents,2.39,97.61,?,0.4937,94.81,non-residents,1.85,98.15,?,0.159,30.53,0.322,0.47,Government,middle
11356,?,?,?,?,?,977,7252,3044,83,9328,?,?,115,41117,17585,43,508,968,5272,3020,68,?,?,?,?,?,?,?,?,?,?,34,1210,1244,12,715,727,1,363960,0.21,19.5,18.1,74.1,0.7,0,6.3,0.8,144.32,?,Government,Government,non-residents,2.73,97.27,0.1334,0.0303,15.81,non-residents,1.65,98.35,0.0779,0.0177,9.24,0.5844,0.21,Government,low
39,9,23,39,9,23,?,?,39,?,6,2,18,55,6,2,18,55,?,?,8,?,15,?,137,15,?,137,15,?,15,?,?,?,?,?,?,?,?,?,?,?,0,75.7,24.3,0,0,0,358.62,358.62,Higher_education,Higher_education,N/A,?,?,?,?,?,N/A,?,?,?,?,?,?,?,Government,high
?,?,?,?,?,?,?,?,?,?,?,?,?,?,?,?,?,?,?,?,?,?,?,?,?,?,?,?,?,?,?,?,?,?,?,?,?,?,?,?,?,?,?,?,?,?,?,?,?,?,N/A,N/A,N/A,?,?,?,?,?,N/A,?,?,?,?,?,?,?,N/A,middle
?,?,?,?,?,?,?,?,?,?,?,?,?,?,?,?,?,?,?,?,?,?,?,?,?,?,?,?,?,?,?,?,?,?,?,?,?,?,1,?,?,?,?,?,?,?,?,?,?,?,N/A,N/A,N/A,?,?,?,?,?,N/A,?,?,?,?,?,?,?,N/A,low
2098,?,?,1084,172,17,4,2590,345,337,536,76,14,51,268,31,12,24,4,565,146,77,163,7,16,276,?,25,1399,?,540,?,6,25,31,0,29,29,9,585,0.01,0.1,0,0,0,0,0,100,192.36,99.39,Government,Government,non-residents,19.35,80.65,0.0578,0.1157,2.84,non-residents,0,100,0.0541,0.1082,2.66,0.9355,0.01,N/A,low
?,?,?,?,?,?,?,?,?,?,?,?,?,?,?,?,?,?,?,?,?,?,?,?,?,?,?,?,?,?,?,?,28,122,150,0,29,29,1,?,?,?,?,?,?,?,?,?,?,?,N/A,N/A,non-residents,18.67,81.33,?,?,11.81,non-residents,0,100,?,?,2.28,0.1933,?,N/A,low
