GER-Total + GOER,GER-Total + PE-GNI,GER-Total + CE-GNI,Gross enrolment ratio. ISCED 5 and 6. Total,Distribution of students (%). ISCED Level 5A,Distribution of students (%). ISCED Level 5B,Distribution of students (%). ISCED Level 6,Theoretical/practical orientation of the majority of students,Gross completion rate-ISCED 5A. Total,Inbound mobility rate. Total,Outbound mobility ratio (%),Gross outbound enrolment ratio,Popularity of the country for mobile students,Percentage of tertiary graduates in education,Percentage of tertiary graduates in humanities and arts,Percentage of tertiary graduates in social sciences-business and law,Percentage of tertiary graduates in science,Percentage of tertiary graduates in engineering-manufacturing and construction,Percentage of tertiary graduates in agriculture,Percentage of tertiary graduates in health and welfare,Percentage of tertiary graduates in services,Percentage of tertiary graduates in unspecified programmes,Field of study completed by the most students,Field of study completed by the least students,Pupil-teacher ratio. Tertiary,Tertiary students per 100 000 inhabitants,Public expenditure per pupil as a % of GDP per capita. Tertiary,Educational expenditure by nature of spending as a % of total educational expenditure on public institutions. Tertiary. Salaries,Educational expenditure by nature of spending as a % of total educational expenditure on public institutions. Tertiary. Other current expenditure,Educational expenditure by nature of spending as a % of total educational expenditure on public institutions. Tertiary. Total current expenditure,Educational expenditure by nature of spending as a % of total educational expenditure on public institutions. Tertiary. Capital,Total expenditure on educational institutions and administration as a % of GDP. All sources. Tertiary,Total expenditure on educational institutions and administration as a % of GDP. Public sources. Tertiary,Total expenditure on educational institutions and administration as a % of GDP. Private sources. Tertiary,The main source of investment in tertiary education,Percentage distribution of public current expenditure on education by level. Tertiary,Educational expenditure in tertiary as % of total educational expenditure,Public expenditure on education as % of GNI,Public expenditure on education as % of GDP,Public expenditure per pupil as a % of GDP per capita,The level of education in which country invests the most,Public expenditure on education as % of total government expenditure,Public current expenditure on education as % of total current government expenditure,Current expenditure on education as % of GNI,Public current expenditure on education as % of total public education expenditure,Total expenditure on educational institutions and administration as a % of GDP. All sources,Total expenditure on educational institutions and administration as a % of GDP. Public sources,Total expenditure on educational institutions and administration as a % of GDP. Private sources,Total expenditure on educational institutions and administration as a % of GDP. International sources,GNI per capita - class
18.32,18.31,?,15.52,98.88,1.12,0,theoretical,8.71,1.58,17.5,2.8,unpopular,35.53,13.79,29.34,1.71,3.85,1.67,12.75,1.34,0,education,services,24,1334,36.6,?,?,?,?,?,0.5,?,?,?,17.49,2.79,2.87,11.88,tertiary,8.43,?,?,?,?,2.87,?,?,middle
16.05,21.41,?,16.05,77.16,18.62,4.22,theoretical,?,0.65,2.79,0,unpopular,1.56,15.84,51.29,11.99,11.81,1.37,4.76,0.79,0.58,social_sciences-business-law,unspecified,29,1802,?,?,?,?,?,?,?,?,?,?,?,5.36,5.1,?,?,22.05,?,?,88.1,?,?,?,?,middle
0.85,4.01,3.81,0.85,100,0,0,theoretical,0,?,42.47,0,?,34.3,0,36.63,9.88,8.72,0,7.56,0,2.91,social_sciences-business-law,unspecified,10,86,?,?,?,?,?,?,?,?,?,?,?,3.16,2.61,?,?,6.35,8.87,2.96,93.69,?,2.61,?,?,low
57.61,62.59,62.53,57.61,74.59,25.09,0,theoretical,8.97,0,0,0,?,3.03,2.8,20.87,3.8,4.47,1.8,8.17,0.61,54.45,unspecified,services,15,5148,16.09,89.08,10.1,99.18,0.82,1.21,0.83,0.39,public,17.3,17.13,4.98,4.83,15.33,secondary,13.53,?,4.92,98.81,6.22,4.8,0.8,0,middle
25.8,28.01,27.97,24.92,98.02,0,1.98,theoretical,19.32,2.67,3.31,0.88,unpopular,10.91,7.19,11.39,1.78,10.57,3.55,7.8,1.74,45.07,unspecified,services,6,2229,42.38,?,?,100,0,1.67,0.95,0.72,public,30.27,29.85,3.09,3.18,13.88,tertiary,?,?,3.05,98.59,4.07,3.18,0.86,0,low
31.8,34.35,?,29.88,25.86,74.14,0,practical,5.81,5.44,5.95,1.92,unpopular,14.58,0,40.97,0,25.69,0,18.75,0,0,social_sciences-business-law,education,10,1788,33.6,88.89,8.41,97.3,2.7,0.5,0.58,?,?,13.69,12.16,4.47,4.79,17.45,tertiary,17.16,19.09,?,86.77,4.39,4.38,?,0,high
66.83,71.71,71.53,66.83,74.97,21.69,3.33,theoretical,53.14,13.93,0.6,0,popular,9.76,11.2,37.45,13.32,8.34,1.5,14,4.4,0,social_sciences-business-law,agriculture,?,4503,24.76,57.63,32.63,90.25,9.75,1.45,0.74,0.7,public,23.88,23.31,4.88,4.75,16.9,tertiary,13.32,?,4.7,96.18,5.62,4.25,1.37,0,high
59.15,62.42,62.22,56.58,80.97,9.53,9.5,theoretical,18.39,11.97,4.42,2.57,popular,20.79,8.28,26.44,6.79,20.6,3.16,10.37,3.26,0,social_sciences-business-law,agriculture,8,3269,40.92,56.18,40.31,96.48,3.52,1.18,1.12,0.06,public,23.71,23.64,5.84,5.7,28.83,tertiary,11.09,?,5.64,96.7,5.69,5.37,0.32,0,high
16.31,20.03,19.98,16.31,99.16,0,0.84,theoretical,15.96,1.57,2.82,0,unpopular,?,?,?,?,?,?,?,?,?,unspecified,unspecified,9,1482,14.15,57.26,41.56,98.82,1.18,?,0.16,?,?,6.01,6.01,3.72,3.5,12.19,secondary,23.06,25.13,3.67,98.78,?,2.48,?,?,low
36.55,37.4,?,33.62,82.1,17.88,0,theoretical,11.32,6.98,10.3,2.93,unpopular,11.62,7.12,40.98,8.65,9.98,0,12.09,3.17,6.38,social_sciences-business-law,services,22,2742,?,?,?,?,?,?,?,?,?,?,?,3.78,3.94,?,?,12.8,?,?,94.56,?,?,?,?,middle
6.36,8.73,7.82,6.36,90.72,9.11,0,theoretical,4.59,0,0.98,0,unpopular,5.87,27.54,36.45,11.42,0,0.8,10.99,0,6.5,social_sciences-business-law,agriculture,19,681,36.47,?,?,?,?,?,0.26,?,?,13,10.11,2.37,2.46,10.42,tertiary,15.7,18.33,1.46,61.72,?,2.32,?,?,low
43.6,44.72,43.64,37.24,49.35,45.01,5.64,theoretical,14.64,7.38,16.95,6.36,unpopular,?,?,?,?,?,?,?,?,?,unspecified,unspecified,13,2999,70.17,93.32,5.74,99.06,0.94,1.96,1.82,0,public,33.69,29.06,7.48,7.24,33.08,tertiary,18.46,18.59,6.4,85.55,7.67,6.55,0.17,1.11,middle
56.74,61.94,61.36,55.91,64.47,34.32,1.21,theoretical,26.55,0,1.43,0.83,unpopular,14.21,5.34,37.22,2.11,22.64,8.63,6.84,3.01,0,social_sciences-business-law,science,11,4367,27.3,54.41,40.07,94.49,5.51,?,1.41,?,?,24.48,24.68,6.03,6,21.97,tertiary,12.96,20.61,5.45,95.25,?,5.71,?,?,middle
60.34,64.51,64.44,58.6,47.02,51.42,1.56,practical,18.98,10.62,2.96,1.74,popular,14.17,10.92,31.44,8.13,10.73,2.03,20.67,1.86,0,social_sciences-business-law,services,16,3487,38.32,66.02,31.59,97.61,2.39,1.35,1.11,0.21,public,21.73,22.31,5.91,6,24.14,tertiary,12.36,?,5.84,97.9,6.23,5.76,0.44,0,high
4.5,8.16,6.97,1.94,100,0,0,theoretical,2.8,0,140.8,2.56,unpopular,34.67,0,44.67,6,0,0,2,0,12.67,social_sciences-business-law,health-welfare,7,208,513.2,26.79,26.25,53.04,46.96,0.94,0.77,0.17,public,9.42,16.2,6.22,5.8,17.59,tertiary,20.87,23.74,5.03,80.89,6.17,5.63,0.53,?,middle
3.03,6.32,5.39,3.03,82.14,17.69,0,theoretical,?,?,9.79,0,?,1.2,10.8,35.9,27.4,14,2.4,8.3,0,0,social_sciences-business-law,education,29,275,200.94,?,?,?,?,0.88,0.36,0.52,private,22.1,16.39,3.29,3.26,17.83,tertiary,17.11,21.36,2.36,93.78,4.7,2.99,1.71,0.42,low
37.94,44,43.38,37.94,91.3,7.07,1.63,theoretical,?,?,0.88,0,?,23.98,2.16,33.16,4.86,10.77,5.58,17.35,0,?,social_sciences-business-law,humanities&arts,22,3558,44.04,?,0,100,0,?,1.38,?,?,29.55,26.56,6.06,5.9,14.82,tertiary,18.4,17.6,5.44,89.82,?,6.38,?,0,middle
8.53,14.8,12.41,3.93,89.45,10.42,0,theoretical,8.58,5.97,60.14,4.6,unpopular,33.09,15.59,28.33,17.79,3.95,0,0,0,0,education,engineering-manufacturing-construction,12,436,438.41,?,?,?,?,?,1.04,?,?,31.6,27.87,10.87,9.74,33.03,tertiary,21.55,27.63,8.48,77.97,?,8.07,?,?,middle
17.78,21.81,21.6,17.78,94.44,2.87,2.85,theoretical,13.23,0,0.55,0,unpopular,25.84,3.17,35.91,7.39,6,1.88,12.29,1.36,6.17,social_sciences-business-law,services,15,1772,47.33,74.44,18.5,92.94,7.06,0.67,0.74,?,?,22.64,21.59,4.03,3.88,12.74,tertiary,11.27,?,3.82,94.96,3.87,3.69,?,?,middle
20.06,16.46,?,14.11,57.58,42.29,0,theoretical,7.57,4.22,40.86,5.95,unpopular,49.77,8.17,9.19,4.74,7.43,0,17.64,0,3.06,education,unspecified,9,1312,?,?,?,?,?,?,?,?,?,1.95,?,2.35,5.15,?,?,9.14,?,?,98.29,?,?,?,?,high
45.04,46.05,46.01,42.53,91.99,6.63,1.38,theoretical,16.74,3.29,6.07,2.51,unpopular,12.35,8.2,45.06,4.19,15.01,2.16,7.5,5.54,0,social_sciences-business-law,agriculture,11,3089,17.92,61.02,38.4,99.41,0.59,1.3,0.5,0.79,private,15.88,15.85,3.52,3.53,17.68,secondary,?,?,3.48,98.89,4.32,3.41,0.89,0,middle
1.1,5.35,5.19,1.1,0,0,0,?,0,0,8.37,0,unpopular,0,0,0,0,0,0,0,0,0,unspecified,unspecified,23,109,192.63,?,?,?,?,?,0.32,?,?,9.18,9.58,4.25,4.25,32.12,tertiary,16.64,?,4.09,96.08,?,4.16,?,?,low
1.15,5.07,4.85,1.15,66.21,33.58,0,theoretical,0,4.83,12.44,0,unpopular,32.81,11.42,45.8,0,4.46,0,5.51,0,0,social_sciences-business-law,engineering-manufacturing-construction,12,97,1125.76,54.12,36.08,90.19,9.81,?,0.78,?,?,26.19,27.77,3.92,3.84,31.72,tertiary,21.19,21.44,3.7,94.48,?,3.56,?,?,low
2.19,3.98,3.9,2.19,100,0,0,theoretical,1.51,0,5.65,0,unpopular,9.95,12.7,56.08,7.95,2.69,3.13,6.61,0.9,0,social_sciences-business-law,services,12,199,43.79,?,?,?,?,?,0.09,?,?,5.2,4.95,1.79,1.73,7.13,tertiary,14.65,?,1.71,95.29,?,1.73,?,107.26,low
5.21,7.46,7.35,4.48,?,?,?,?,?,1.82,15.26,0.73,unpopular,?,?,?,?,?,?,?,?,?,unspecified,unspecified,23,461,62.99,?,?,?,?,?,0.41,?,?,10.91,14.16,2.98,2.79,10.83,tertiary,12.49,10.94,2.87,86.37,?,3.45,?,?,low
61.69,65.51,65.43,60.21,73.29,24.52,2.19,theoretical,32.94,9.39,2.87,1.48,popular,11.25,12.33,33.24,10.63,10.43,1.91,11.9,5.39,2.92,social_sciences-business-law,agriculture,9,4049,44.64,66.91,29.12,96.03,3.97,?,1.39,1.11,public,34.52,35.19,5.3,5.16,?,?,12.46,?,5.22,98.52,?,4.74,1.41,?,high
7.24,9.57,6.46,1.48,100,0,0,theoretical,?,?,154.9,5.76,?,?,?,?,?,?,?,?,?,?,unspecified,unspecified,4,159,362.8,10.36,3.61,13.97,86.03,?,0.42,?,?,3.97,17.51,8.09,7.94,24.47,tertiary,16.98,19.04,4.98,61.56,?,6.97,?,1.05,middle
41.01,45.43,44.9,41.01,82.6,17.19,0,theoretical,13.23,0.94,1.09,0,unpopular,12.47,6,40.93,0.94,25.32,4.29,10.04,0,0,social_sciences-business-law,science,?,3306,17.95,59.85,30.32,90.17,9.83,2.14,0.42,1.72,private,11.98,14.03,4.42,4.23,16.17,tertiary,18.68,?,3.89,88.06,7.19,4.04,3.14,0,middle
9.92,11.85,11.72,9.92,54.2,45.08,0.72,theoretical,3.81,0,1.7,0,unpopular,?,?,?,?,?,?,?,?,100,unspecified,unspecified,16,738,90.07,35.68,41.88,77.56,22.44,?,0.43,?,?,20.98,23.98,1.93,1.91,?,?,12.97,?,1.8,93.18,?,1.87,?,?,middle
23.91,28.5,28.78,23.91,75.75,18.3,5.95,theoretical,4.25,?,1.18,0,?,17.31,2.26,46.27,2.26,22.43,0.69,8.77,0,0,social_sciences-business-law,agriculture,11,2282,38.26,49.7,37.49,87.19,12.81,2.34,0.88,1.46,private,12.91,19.87,4.59,4.44,19.33,tertiary,18,16.07,4.87,95.53,7.24,4.43,2.8,0,middle
5.32,8.77,8.13,4.2,80.01,19.38,0.6,theoretical,?,0,25.42,1.12,unpopular,?,?,?,?,?,?,?,?,?,unspecified,unspecified,16,390,276.69,45.77,51.51,97.28,2.72,?,0.79,?,?,33.94,32.6,4.57,3.21,14.6,tertiary,12.59,25.7,3.93,85.93,?,2.79,?,?,low
?,24.98,24.86,20.07,82.44,17.38,0,theoretical,26.27,2.25,?,?,?,32.5,2.21,39.3,4.27,8.91,1.31,11.06,0,0,social_sciences-business-law,agriculture,20,1972,45.71,?,?,0,0,0.9,0.9,0,public,19.63,19.16,4.91,4.71,19.19,tertiary,21.14,28.47,4.79,97.58,4.66,4.64,0,0,middle
6.46,11.39,11.13,6.46,53.34,42.15,4.51,theoretical,?,?,3.45,0,?,?,?,?,?,?,?,?,?,?,unspecified,unspecified,?,604,212.79,3.54,64.11,67.65,32.35,?,1.18,?,?,20.09,25.07,4.93,4.63,33.13,tertiary,21.54,21.67,4.67,94.03,?,4.79,?,0.31,low
36.12,37.8,37.29,33.18,70.76,29.24,0,theoretical,14.15,2.61,8.85,2.94,unpopular,8.28,9.84,25.81,7.66,17.4,4.12,9.67,17.22,0,social_sciences-business-law,agriculture,14,2312,33.64,61.09,30.2,94.4,5.6,?,0.68,?,?,19.32,19.15,4.62,4.49,24.78,tertiary,9.99,9.6,4.11,90.21,?,4.27,?,0,middle
25.79,33.46,?,25.79,99.1,0,0.9,theoretical,13.54,5.47,0.78,0,popular,8.44,0.63,3.92,0.97,1.74,0.84,5.8,1.87,75.79,unspecified,humanities&arts,8,1600,83.97,37.54,46.51,84.05,15.95,1.53,1.53,0,public,16.28,17.1,7.67,8.96,36.6,tertiary,16.79,16.99,?,88.4,8.96,8.96,0,0,middle
51.66,27.54,26.98,21.61,23.41,75.98,0.6,practical,5.02,20.71,134.29,30.05,unpopular,15.18,7.43,36.53,7.5,5.64,0.63,4.9,22.19,0,social_sciences-business-law,agriculture,11,1711,42.23,53.51,23.08,76.58,23.42,0.82,0.56,0.25,public,11.47,12.83,5.93,5.6,26.52,tertiary,15.02,?,5.37,90.59,6.28,5.45,0.74,0.09,high
31.51,35.12,34.72,30.88,82.52,10.67,6.81,theoretical,14.44,2.98,2.22,0.63,popular,13.67,7.28,29.67,10.47,11.5,3.55,15.27,3.46,5.15,social_sciences-business-law,services,12,2533,31.12,48.4,39.67,88.07,11.93,0.87,0.73,0.13,public,18.58,19.34,4.24,4.09,19.12,tertiary,9.55,?,3.84,90.59,4.28,3.87,0.4,0,middle
1.3,?,?,1.3,78.7,19.65,1.66,theoretical,?,?,6.62,0,?,?,?,?,?,?,?,?,?,?,unspecified,unspecified,16,126,?,?,?,?,?,?,?,?,?,?,?,?,?,?,?,?,?,?,?,?,?,?,?,low
62.24,68.79,68.2,60.23,87.75,9.63,2.62,theoretical,34.64,6.53,3.54,2.01,popular,9.44,13.06,24.17,8.11,13.57,2.26,26.3,3.09,0,health-welfare,agriculture,?,3596,75.51,71.53,20.48,92.01,7.99,1.81,1.77,0,public,32.62,32.09,8.56,8.44,38.79,tertiary,15.38,?,7.97,93.17,7.04,6.77,0.27,0,high
2.65,6.22,6.06,0.71,47.38,52.62,0,practical,0,0,258.35,1.94,unpopular,0,35.59,64.41,0,0,0,0,0,0,social_sciences-business-law,humanities&arts,12,69,500,?,?,?,?,?,0.81,?,?,14.72,13.74,5.51,6.04,72.94,tertiary,20.5,22.43,5.35,97.14,?,5.74,?,?,middle
9.54,5.51,?,0,0,0,0,?,?,0,0,9.54,?,?,?,?,?,?,?,?,?,?,unspecified,unspecified,?,?,0,?,?,?,?,?,?,0,?,?,0,5.51,4.99,?,?,?,?,?,?,?,?,?,?,middle
34.01,36.43,36.31,34.01,91.04,8.39,0.57,theoretical,?,?,0.72,0,?,?,?,?,?,?,?,?,?,?,unspecified,unspecified,26,3370,?,2.33,63.95,97.4,2.6,?,0.25,?,?,?,?,2.42,2.3,?,?,13.08,19,2.3,95.26,?,2.23,?,0.09,middle
19.95,20.99,21.33,19.95,?,?,?,?,?,?,?,0,?,?,?,?,?,?,?,?,?,?,unspecified,unspecified,?,?,?,?,?,?,?,?,?,0.38,?,?,5.16,1.04,0.98,?,?,8.01,8.26,1.38,94.78,?,?,1.28,0.14,middle
29.19,33.18,?,29.19,94.92,4.4,0.68,theoretical,21.76,?,0,0,?,?,?,?,?,?,?,?,?,100,unspecified,unspecified,30,3081,?,?,?,?,?,?,?,?,?,?,?,3.99,3.89,?,?,?,?,?,86.41,?,?,?,?,middle
16.65,19.25,19.45,16.65,86.88,13.11,0,theoretical,4.94,0,1.79,0,unpopular,19.74,0.85,37.21,7.4,13.86,1.77,19.16,0,0,social_sciences-business-law,humanities&arts,16,1717,11.91,99.24,0.76,100,0,0.21,0.21,?,?,7.57,7.21,2.6,2.55,10.98,tertiary,19.91,?,2.8,95.26,3.1,2.87,?,0.41,middle
1.26,5.82,3.76,1.26,100,0,0,theoretical,1.02,1.28,13.81,0,unpopular,14.59,12.93,13.15,12.82,17.57,8.18,3.76,0,17.02,engineering-manufacturing-construction,health-welfare,22,155,429.37,25.83,21.31,24.02,75.98,?,0.61,?,?,31.19,14.05,4.56,4.54,27.16,tertiary,?,?,2.5,61.19,?,4.07,?,1.15,low
63.83,65.24,64.65,59.71,85.44,12.05,2.5,theoretical,11.93,1.05,6.73,4.12,unpopular,8.95,9.74,45.03,6,12.14,1.63,10.8,5.71,0,social_sciences-business-law,agriculture,9,4227,24.39,38.71,50,88.71,11.29,?,0.89,?,?,20.89,19.56,5.53,5.28,22.09,secondary,15.47,?,4.94,86.13,?,4.88,?,?,middle
1.38,5.27,3.86,1.38,100,0,0,theoretical,1.44,?,3.53,0,?,34.61,1.11,37.83,3.7,6.85,8.58,7.1,0,0,social_sciences-business-law,humanities&arts,27,128,?,?,?,?,?,?,1.89,?,?,17.31,31.6,3.89,3.86,?,?,13.75,12.89,2.48,63.77,?,5.99,?,?,low
17.86,21.31,21.86,15.51,86.24,12.49,1.28,theoretical,8.36,32.94,14.36,2.35,popular,?,?,?,?,?,?,?,?,?,unspecified,unspecified,?,1533,68.07,?,?,?,?,?,1.03,?,?,16.31,16.04,5.8,5.74,21.01,tertiary,19.35,?,6.35,97.44,?,6.51,?,?,middle
87.34,90.53,90.1,84.31,90.13,2.49,7.38,theoretical,47.94,2.25,3.56,3.03,unpopular,6.63,11.34,23.01,7.29,22.21,2.35,21.71,5.46,0,social_sciences-business-law,agriculture,16,5402,37.83,55,38.27,93.27,6.73,1.71,1.65,0.06,public,33.54,32.94,6.22,6.19,26.08,tertiary,12.69,?,5.79,93.14,5.79,5.67,0.13,?,high
54.97,59.01,58.55,53.5,70.72,24.65,4.63,theoretical,40.65,7.25,2.72,1.47,popular,6.78,12.68,39.14,13.27,16.53,0,7.17,3.99,0,social_sciences-business-law,services,16,3427,28.64,65.64,23.47,89.11,10.89,1.05,0.9,0.15,public,17.16,17.64,5.51,5.57,24.6,tertiary,11.39,?,5.05,91.65,5.82,5.36,0.46,0,high
1.69,4.01,3.61,1.04,100,0,0,theoretical,0,0,44.25,0.65,unpopular,0,0,32.84,19.68,36.89,0,0,0,10.58,engineering-manufacturing-construction,unspecified,14,95,238.01,?,?,?,?,?,0.19,?,?,17.77,13.96,2.97,2.79,9.28,tertiary,8.95,14.19,2.57,86.44,2.15,2.58,?,1.97,low
40.09,40.93,41.62,38.81,98.81,0,1.19,theoretical,?,0,3.24,1.28,unpopular,7.59,25.19,30.79,6.17,15.54,2.94,10.29,1.48,0,social_sciences-business-law,services,10,2979,?,?,?,?,?,?,?,?,?,?,?,2.12,2.14,?,?,11.52,14.27,2.81,97.31,?,?,?,?,low
35.09,38.35,38.3,33.82,?,?,?,?,18.44,?,2.51,1.27,?,8.69,10.55,20.74,8.92,16.91,2.29,27.46,4.13,0,health-welfare,agriculture,?,?,?,66.76,22.48,89.23,10.77,1.02,0.93,0.09,public,23.94,24.46,4.53,4.49,?,?,9.72,?,4.48,97.88,5.16,4.19,0.96,0,high
3.15,7.35,7.89,3.15,57.65,37.17,5.18,theoretical,1.81,?,7.09,0,?,7.11,31.47,23.87,9.07,18.35,2.97,3.17,3.98,0,humanities&arts,agriculture,18,323,209.36,91.48,8.19,99.67,0.33,?,1.13,?,?,17.97,20.82,4.2,4.11,24.8,tertiary,?,?,4.74,85.61,?,5.44,?,?,low
66.39,62.6,61.89,58.73,65.25,32.41,2.34,theoretical,13.99,1.63,13.75,7.66,unpopular,13.18,13.28,32.45,17.23,10.1,2.91,8.27,2.58,0,social_sciences-business-law,services,25,4357,26.89,34.19,25.91,60.09,39.91,1.1,1.1,?,?,23.55,30.53,3.87,3.85,19.9,tertiary,7.72,?,3.16,81.51,4,3.76,?,?,high
?,?,?,?,?,?,?,?,?,?,?,?,?,?,?,?,?,?,?,?,?,?,unspecified,unspecified,?,?,?,?,?,?,?,?,?,?,?,?,?,?,?,?,?,?,?,?,?,?,?,?,?,high
4.11,5.98,5.21,0,0,0,0,?,?,0,0,4.11,?,?,?,?,?,?,?,?,?,?,unspecified,unspecified,?,?,0,60.97,20.38,81.36,18.64,0.48,0.46,0,public,11.08,0,5.98,5.21,14.03,primary,12.86,16.78,5.21,87.12,6.31,5.16,0.28,0.88,middle
9.51,10.8,?,9.51,95.36,4.64,0,theoretical,1.68,?,1.94,0,?,24.52,0,30.03,2.01,10.65,3.74,16.01,0,12.68,social_sciences-business-law,science,28,954,?,0,0,0,0,0,?,0,?,?,?,1.29,1.28,?,?,13.02,?,?,97.9,?,1.16,?,0.05,middle
2.25,4.15,?,2.25,?,?,0,?,?,2.15,17.62,0,unpopular,?,?,?,?,?,?,?,?,?,unspecified,unspecified,16,191,264.77,?,?,?,?,?,0.52,?,?,?,25.78,1.9,1.85,?,?,25.62,?,?,?,?,1.85,?,?,low
7.28,15.9,14.19,6.51,90.26,9.74,0,theoretical,6.42,?,20.32,0.77,?,18.79,5.7,47.55,12.2,8.99,1.96,4.81,0,?,social_sciences-business-law,agriculture,23,649,37.08,50.28,32.32,82.6,17.4,0.97,0.41,0.53,private,4.06,4.86,9.39,8.59,14.1,tertiary,18.39,21.78,7.68,84.4,9.61,8.29,0.54,0.78,middle
15.5,19.56,?,15.5,93.16,5.13,1.7,theoretical,2.23,0.68,1.48,0,unpopular,45.28,1.09,29.32,1.72,10.84,6,5.09,0.67,0,education,services,18,1468,?,?,?,?,?,?,?,?,?,?,?,4.06,3.8,?,?,?,?,?,97.68,?,?,?,?,middle
36.39,34.44,33.9,30.56,58.22,38.74,3.05,theoretical,17.02,1.82,23.95,5.83,unpopular,10.8,9.89,32.76,15.68,22.19,0,4,0,4.31,social_sciences-business-law,health-welfare,?,2147,65.48,71.14,22.26,93.41,6.59,?,1.17,0.34,public,33.08,33.09,3.88,3.91,23.26,tertiary,22.87,23.98,3.34,86.08,?,3.66,?,?,high
41.22,45.56,45.05,40.31,95.92,2.03,2.04,theoretical,27.19,3.4,2.46,0.91,popular,21.06,8.88,38.79,2.56,7.54,3.65,7.81,9.72,0,social_sciences-business-law,science,14,3233,32.33,52.12,30.12,82.24,17.76,1.12,0.87,0.25,public,19.07,21.1,5.25,4.97,21.96,tertiary,10.25,?,4.74,90.29,5.03,4.48,0.55,0,middle
59.32,54.24,53.48,47.74,91.31,8.2,0,theoretical,38.34,4.13,24.11,11.58,unpopular,21.35,13.12,34.41,13.55,5.47,1.26,10.84,0,0,social_sciences-business-law,agriculture,5,3621,30.34,88.02,7.7,95.72,4.28,0.87,0.83,0,public,18.92,17.23,6.5,6.29,23.06,tertiary,16.47,?,5.74,88.25,6.52,5.98,0.54,0,high
9.85,14.29,14.29,9.85,98.62,0.79,0.58,theoretical,?,0,0.66,0,unpopular,?,?,?,?,?,?,?,?,?,unspecified,unspecified,24,963,90.82,98.53,0.32,98.82,1.15,0.99,0.77,0.22,public,17.68,20.3,4.44,4.41,21.98,tertiary,12.71,?,4.44,98.03,5.6,4.03,1.57,0,low
14.4,15.62,15.47,14.4,75.39,22.82,1.78,theoretical,7.29,0,1.09,0,unpopular,?,?,?,?,?,?,?,?,100,unspecified,unspecified,14,1443,18.04,81.14,0.83,81.97,18.03,0.73,0.27,0.35,private,19.34,23.38,1.22,1.17,5.18,tertiary,9.8,?,1.07,87.83,2.12,1.14,0.64,?,low
20.25,24.65,24.25,20.25,78.11,21.04,0.85,theoretical,8.96,0,1.02,0,unpopular,5.73,14.06,22.5,13.27,24.01,5.7,10.4,2,2.33,engineering-manufacturing-construction,services,23,2365,34.62,?,?,82.15,17.85,?,0.91,?,?,18.07,19.38,4.4,4.41,11.52,tertiary,20.4,22.82,4,90.84,?,4.93,?,0,middle
55.2,55.53,54.89,50.47,60.52,37.65,1.84,theoretical,29.73,4.93,9.46,4.73,unpopular,6.47,12.42,29.83,19,11.64,1.27,9.37,6.17,3.82,social_sciences-business-law,agriculture,14,4383,28.24,56.08,25.51,81.6,18.4,?,1.04,?,?,26.51,28.56,5.06,4.26,16.66,tertiary,12.82,?,4.42,87.43,?,3.99,?,0,high
55.24,59.73,59.28,52.13,75.71,21.7,2.59,theoretical,29.71,?,5.87,3.11,?,10.65,7.6,24.66,6.82,5.67,0,3.17,0,40.97,unspecified,health-welfare,?,4454,31.09,39.92,52.89,92.81,7.19,2.05,1.17,0.89,public,18.21,17.86,7.6,7.33,24.57,tertiary,13.76,?,7.15,94.19,8.86,7.09,1.77,0,high
53.31,56.87,56.6,51.98,96.43,2.41,1.16,theoretical,24.8,1.61,2.74,1.33,unpopular,8.82,13.81,35.6,7.47,14.74,1.9,12.84,4.52,0,social_sciences-business-law,agriculture,22,3140,24.98,52.66,30.37,83.03,16.97,0.9,0.7,0.2,public,16.15,16.36,4.89,4.86,27.12,secondary,9.89,?,4.62,94.44,5.19,4.7,0.48,0,high
20.23,24.45,24.07,18.11,33.6,60.66,5.74,practical,?,2.21,11.39,2.12,unpopular,?,?,?,?,?,?,?,?,?,unspecified,unspecified,24,1644,78.97,60.7,24.03,84.73,15.27,1.64,1.17,0.47,public,21.69,21.33,6.34,6.08,22.79,tertiary,11.05,?,5.96,94.05,9.06,5.89,3.18,?,middle
49.75,52.63,52.23,49.04,72.87,25.56,1.57,theoretical,33.63,1.6,1.53,0.71,popular,6.86,17.29,25.2,2.7,19.15,2.2,11.4,11.43,3.76,social_sciences-business-law,agriculture,8,3127,17.48,54.39,28.31,82.71,17.29,1.09,0.47,0.62,private,14.03,15.06,3.59,3.63,20.79,primary,10.54,?,3.19,88.82,4.72,3.55,1.18,0,high
34.67,38.03,?,32.98,87.79,11.79,0,theoretical,15.37,8.55,5.21,1.69,popular,12.08,15.19,32.33,15.45,10.04,2.02,10.2,3,0,social_sciences-business-law,agriculture,25,3182,?,51.71,24.77,76.48,23.52,?,0.81,?,?,?,18.66,5.05,4.94,?,?,20.6,?,?,72.62,?,4.83,?,0,middle
35.71,37.01,?,33.79,98.89,0,1.11,theoretical,24.45,1.34,5.47,1.92,unpopular,?,?,?,?,?,?,?,?,?,unspecified,unspecified,15,2964,11.36,39.97,39.94,79.91,20.09,1,0.4,0.6,private,?,13.11,3.22,3.05,10.76,primary,12.09,?,?,?,3.91,3.03,0.86,0,middle
2.82,8.08,7.93,2.82,48.39,48.19,3.42,theoretical,1.86,?,10.99,0,?,21.01,6.62,25.99,12.16,17.92,6.33,9.01,0.95,0,social_sciences-business-law,services,?,308,220.96,?,?,?,?,1.04,0.8,0.36,public,12.83,13.09,5.26,5.21,22.4,tertiary,22.59,25.77,5.11,97.17,7.75,6.61,2.56,0.05,low
80.32,82.76,81.82,78.44,58.18,40.76,1.06,theoretical,28.34,0,2.48,1.88,unpopular,7.16,17.73,21.17,7.71,32.38,2.21,7.83,3.8,0,engineering-manufacturing-construction,agriculture,21,6421,5.05,54.93,23.47,78.39,21.61,2.31,0.26,2.05,private,6.77,8.07,4.32,4.31,15.59,secondary,14.72,?,3.38,80.02,7.27,4.15,3.12,0,high
24.81,27.43,27.21,21.84,96.95,0,3.05,theoretical,?,?,11.88,2.97,?,?,?,?,?,0,0,?,0,?,unspecified,unspecified,15,1560,134.78,51.07,31.45,82.52,17.48,2.19,2.19,0,public,29.5,33.45,5.59,6.59,30.89,tertiary,14.77,?,5.37,93.56,7.71,6.55,1.16,0,high
40.8,43.42,43.38,40.19,99.11,0,0.89,theoretical,18.46,5.7,1.43,0.61,popular,13.74,7.78,46.21,7.6,11.85,2.49,4.72,3.53,2.08,social_sciences-business-law,unspecified,19,3847,14.47,58.17,41.28,99.45,0.55,1.12,0.56,0.57,private,18.72,17.99,3.23,3.09,9.61,tertiary,18.65,20.89,3.19,98.7,3.88,3.09,0.76,0,low
3.2,5.27,4.29,3.2,40.31,59.69,0,practical,1.75,0.74,6.2,0,unpopular,18.81,18.98,19.36,3.18,11.29,10.5,6.19,5.44,6.26,social_sciences-business-law,science,12,317,108.23,?,?,?,?,0.2,0.34,0.11,public,7.04,17.13,2.07,1.99,6.93,tertiary,8.85,10.8,1.09,52.75,4.51,2.71,1.09,1.18,low
65.17,68.77,?,63.3,88.21,10.57,1.22,theoretical,50.72,7.7,2.87,1.87,popular,19.7,5.82,56.66,5.08,7.1,0.66,2.2,2.79,0,social_sciences-business-law,agriculture,19,4331,19.65,83.33,16.67,100,0,1.25,0.63,0.57,public,?,15.63,5.47,5.48,22.25,secondary,16.13,?,?,94.02,6.17,5.01,1.11,0.05,middle
41.63,41.89,41.78,38.96,88.26,10.84,0.9,theoretical,18.13,11.02,6.72,2.67,popular,3.3,18.78,41.58,8.85,14.23,0.76,10.02,2.25,0,social_sciences-business-law,agriculture,14,3944,20.12,97.8,1.78,99.57,0.43,?,0.74,?,?,29.38,28.46,2.93,2.91,10.19,tertiary,11.11,?,2.82,96.27,?,2.61,?,?,middle
4.41,10.12,9.45,2.37,59.54,40.46,0,theoretical,1.06,1.9,74.17,2.04,unpopular,53.05,10.87,27.6,4.9,0,3.58,0,0,0,education,agriculture,13,278,652.19,?,?,100,0,?,1.82,0,public,19.68,18.64,7.75,9.74,34.02,tertiary,18.52,20.8,7.08,91.34,?,9.74,0,?,low
15.58,?,?,15.58,60.8,36.57,2.63,theoretical,3.92,?,1.05,0,?,5.3,6.1,24.27,18.33,9.07,1.85,26.78,8.3,0,health-welfare,agriculture,61,1516,?,?,?,?,?,?,?,?,?,?,?,?,?,?,?,?,?,?,?,?,?,?,?,low
49.96,?,?,49.96,68.9,28.75,2.35,theoretical,?,?,0.61,0,?,?,?,?,?,?,?,?,?,?,unspecified,unspecified,24,6117,23.76,?,?,?,?,?,?,?,?,68.6,52.73,?,2.67,?,?,?,?,?,68.37,?,?,?,?,middle
58.66,62.85,62.68,56.59,68.82,29.67,1.51,theoretical,24.44,0,3.59,2.07,unpopular,16.33,8.34,32.42,4.92,20.65,2.3,10.06,4.98,0,social_sciences-business-law,agriculture,10,3884,34.22,70.84,22.75,93.59,6.41,1.17,1.17,0.45,public,22.01,22.68,6.26,5.89,18.91,tertiary,17.13,?,6.09,97.23,5.52,5.52,0.46,0.06,middle
32.86,13.67,?,9.94,58.43,41.57,0,theoretical,4.69,24,229.28,22.92,unpopular,?,?,?,?,?,?,?,?,?,unspecified,unspecified,17,582,?,?,?,?,?,?,?,0,?,?,?,3.73,3.35,?,?,8.5,?,?,?,3.55,3.54,0,?,high
50.18,50.26,?,47.26,81.37,18.21,0,theoretical,18.26,54.13,4.21,2.92,popular,7.09,2.66,75.19,2.1,1.1,0,9.71,2.14,0,social_sciences-business-law,engineering-manufacturing-construction,15,3156,64.32,?,?,?,?,?,?,?,?,?,28.36,3,3.13,14.7,tertiary,15.99,16.14,?,90.98,?,2.95,?,?,high
26.7,27.92,?,24.39,93.93,6.07,0,theoretical,9.61,0,9.4,2.31,unpopular,19.22,13.71,20.9,10.88,16.25,4.83,10.29,3.91,0,social_sciences-business-law,services,?,?,23.74,89.06,9.82,98.88,1.12,?,0.45,?,?,?,15.01,3.53,3.5,?,?,15.62,?,?,?,?,3.32,?,?,middle
2.05,4.94,4.12,2.05,79.23,19.34,1.43,theoretical,0.96,3.68,8.83,0,unpopular,1.42,13.12,59.61,12.45,4.47,1.78,6.83,0,0,social_sciences-business-law,education,22,194,184.09,0,0,0,0,?,0.29,0,public,16.17,12.16,2.89,2.85,16.09,tertiary,18.18,28.72,2.07,71.69,?,2.79,?,0.65,low
0,4.24,4.87,0,100,0,0,theoretical,?,?,29.05,0,?,?,?,?,?,?,?,?,?,?,unspecified,unspecified,10,38,?,?,?,?,?,?,0.99,?,?,?,?,4.24,4.14,?,?,24.58,29.07,4.87,81.8,?,5.73,?,?,low
27.24,34.04,30.92,25.49,51.91,47.32,0.77,theoretical,13.21,2.96,6.46,1.75,unpopular,11.37,12.59,22.17,21.37,23.49,2.86,4.9,1.17,0,engineering-manufacturing-construction,services,18,2372,113.97,21.88,26.71,53.03,51.41,2.07,2.07,?,?,32.68,34.25,8.55,7.89,30.32,tertiary,19.99,?,5.43,63.52,7.24,7.24,0,?,middle
2.31,5.94,5.23,2.31,99.02,0,0.98,theoretical,?,6.54,8.08,0,unpopular,?,?,?,?,?,?,?,?,?,unspecified,unspecified,19,188,265,?,?,?,?,?,?,?,?,16.29,14.63,3.63,3.37,28.01,tertiary,13.27,?,2.92,80.46,?,?,?,0.35,low
27.17,29.57,29.25,24.98,83.35,16.22,0,theoretical,19.38,4.58,8.7,2.19,unpopular,26.21,8.14,40.74,4.14,5.14,1.45,13.83,0,0,social_sciences-business-law,agriculture,12,1894,50.37,66.29,24.29,90.58,9.42,1.1,1.04,0,public,20,20.58,4.59,4.62,20.64,tertiary,10.09,?,4.27,95.56,4.9,4.02,0.49,0,high
17.75,23.91,23.56,16.95,13.63,86.37,0,practical,?,?,?,0.8,?,?,?,?,?,?,?,?,?,?,unspecified,unspecified,19,1717,80.71,0,0,0,0,2.65,0.64,2.02,private,15.12,14.7,6.96,8.78,30.67,tertiary,15.76,?,6.61,97.23,12.77,7.74,2.35,2.69,middle
4.34,6.94,6.65,3.56,94.52,5.48,0,theoretical,?,3.79,20.84,0.78,unpopular,0,11.68,17.37,4.69,0,0,0,0,66.26,unspecified,science,30,342,80.12,?,?,?,?,?,0.12,?,?,4.16,14.07,3.38,3.28,17.4,tertiary,8.31,12.79,3.09,91.6,?,2.34,?,?,low
16.7,14.63,14.3,11.26,39.91,59.32,0.77,practical,4.02,0,50.17,5.44,unpopular,36.47,19.85,10.73,9.63,17.66,5.66,0,0,0,education,agriculture,13,1052,40.4,?,?,?,?,0,0.42,?,?,12.16,12.69,3.37,3.34,13.8,tertiary,12.07,12.96,3.04,90.14,0,3.3,?,?,middle
20.5,25.78,25.56,20.5,96.94,2.62,0,theoretical,15.09,0,0.8,0,unpopular,17.4,2.7,42.75,9.87,14.88,2,8.5,1.91,0,social_sciences-business-law,services,10,2046,36.16,73.45,22.25,95.7,4.3,1,0.7,0.3,public,19.62,14.5,5.28,5.16,17.25,tertiary,24.32,?,5.06,95.98,5.89,4.98,0.91,0,middle
34.69,36.26,36.04,32.18,79.08,19.4,1.52,theoretical,?,2.51,7.45,2.51,unpopular,?,?,?,?,?,?,?,?,?,unspecified,unspecified,14,2822,20.14,60.31,34.4,94.72,5.28,1.9,0.51,1.4,private,11.68,11.66,4.08,4.35,18.94,secondary,16.98,17.62,3.86,94.55,5.98,4.35,1.64,0,low
?,?,?,0,0,0,0,?,0,0,?,?,?,0,0,0,0,0,0,0,0,0,unspecified,unspecified,?,?,?,0,0,0,0,?,0,?,?,0,0,?,4.45,?,?,5.07,7.92,?,93.48,?,4.25,?,?,high
33.75,40.65,41.26,32.63,93.93,4.97,1.1,theoretical,25.4,0,3.28,1.12,unpopular,16.2,10.24,32.69,5.43,14.82,2.63,5.95,6.42,5.62,social_sciences-business-law,agriculture,13,3402,37.9,38.7,61.3,97.3,2.7,1.4,1.4,0,public,15.82,15.46,8.02,8.01,29.41,tertiary,22.71,?,8.63,95.07,9.04,9.04,0,0,low
11.9,16.7,16.18,10.32,84.19,11.06,4.75,theoretical,4.92,1.45,14.74,1.58,unpopular,0,27.42,47.51,18.83,2.64,0,3.1,0,0,social_sciences-business-law,engineering-manufacturing-construction,18,1061,103.6,70.53,16.18,86.71,13.29,?,0.98,?,?,17.23,17.9,6.38,6.23,30.97,tertiary,25.02,29.04,5.86,91.82,?,6.08,?,?,middle
0.67,3.16,4.35,0.67,100,0,0,theoretical,0.76,?,16.13,0,?,7.23,17.41,49.17,11.67,3.65,5.56,2.78,2.54,0,social_sciences-business-law,services,12,66,435.89,?,?,?,?,?,0.5,?,?,12.97,13.51,2.49,2.36,18.72,tertiary,19.47,25.57,3.68,93.82,?,3.7,?,?,low
11.99,13.25,12.83,11.99,99.32,0,0,theoretical,?,?,0,0,?,?,?,?,?,?,?,?,?,?,unspecified,unspecified,53,1160,28.62,?,?,?,?,?,0.33,?,?,?,26.37,1.26,1.26,?,tertiary,18.12,?,0.84,66.5,?,1.26,?,?,low
10.47,14.91,14.35,7.07,55.25,44.7,0,theoretical,7.1,8.44,58.03,3.4,unpopular,70.75,1.17,19.83,1.2,0,1.2,4.65,0.83,0,education,services,15,691,93.47,14.32,72.38,86.7,13.3,0.94,0.94,0.05,public,11.17,11.96,7.84,7.92,24.55,tertiary,21.04,22.33,7.28,92.84,7.89,7.89,0,0,middle
4.41,7.99,7.08,4.41,99.29,0,0.71,theoretical,?,?,4.24,0,?,?,?,?,?,?,?,?,?,?,unspecified,unspecified,22,423,104.74,?,?,?,?,?,0.56,?,?,12.86,11.94,3.58,3.71,15.62,tertiary,13,21.13,2.67,74.6,?,2.98,?,?,low
55.64,59.09,58.93,54.34,97.02,1.44,1.54,theoretical,38.54,3.29,2.38,1.3,popular,16.78,6.53,34.39,5.24,10.28,2.47,21.58,2.68,0,social_sciences-business-law,agriculture,11,3171,40.28,71.02,21.86,92.88,7.12,1.24,0.97,0.27,public,26.85,26.46,4.75,4.78,22.36,tertiary,10.71,?,4.59,96.74,4.69,4.27,0.43,0,high
70.64,75.13,75.11,67.87,72.71,25.36,1.93,theoretical,40.98,6.23,3.88,2.77,popular,15.99,17.94,26.11,12.58,4.92,1.81,12.68,5.85,2.12,social_sciences-business-law,agriculture,15,4605,37.53,?,?,?,?,0.9,0.9,0.58,public,24.72,24.67,7.26,6.78,24.82,tertiary,16.1,?,7.24,99.78,5.65,5.62,1.16,0,high
17.41,21.45,20.37,17.41,95.49,4.51,0,theoretical,3.08,?,1.82,0,?,?,?,?,?,?,?,?,?,?,unspecified,unspecified,15,1907,?,90,10,100,0,0,?,0,?,?,?,4.04,3.8,?,?,13.62,?,2.96,90.8,?,3.1,0.45,0,middle
0.94,3.29,?,0.94,64.66,34.6,?,theoretical,?,1.55,14.36,0,unpopular,?,?,?,?,?,?,?,?,?,unspecified,unspecified,15,68,?,?,?,?,?,?,0.38,?,?,?,16.24,2.35,2.33,?,?,18.58,?,?,?,?,2.33,?,?,low
9.62,10.61,?,9.62,57.88,40.8,1.32,theoretical,1.74,?,1.06,0,?,?,?,?,?,?,?,?,?,?,unspecified,unspecified,13,1002,?,?,?,?,?,?,0.64,?,?,?,?,0.99,0.89,?,?,?,?,?,85,?,?,?,?,low
75.72,77.35,76.77,70.3,90.54,7,2.46,theoretical,44.24,4.65,7.8,5.42,unpopular,18.49,6.56,26.02,8.34,7.75,1.2,22.52,3.31,5.82,social_sciences-business-law,agriculture,12,4221,43.94,57.97,32.45,90.42,9.58,1.28,1.28,0,public,26.96,26.43,7.05,7,26.72,tertiary,16.09,?,6.47,91.83,6.12,6.12,0.08,0,high
15.71,18.23,17.65,14.17,82.11,16.99,0.9,theoretical,?,?,11.61,1.54,?,?,?,?,?,?,?,?,0,?,unspecified,unspecified,16,1465,29.5,95.01,1.64,96.65,3.35,?,0.37,?,?,11.07,9.47,4.06,3.92,17.25,tertiary,21.48,26.58,3.48,85.5,?,3.92,?,?,middle
2.54,4.39,4.88,2.54,97.81,0,2.12,theoretical,?,0,4.28,0,unpopular,?,?,?,?,?,?,?,?,?,unspecified,unspecified,9,264,?,?,?,?,?,?,?,?,?,?,?,1.85,1.84,?,?,6.42,6.46,2.34,88.93,?,2.25,?,?,low
69.6,49.87,?,40.61,100,0,0,theoretical,?,2.29,68.67,28.99,unpopular,?,?,?,?,?,?,?,?,?,unspecified,unspecified,11,2509,81.45,?,?,?,?,3.38,1,0,public,?,20.66,9.26,9.7,33.25,tertiary,?,?,?,?,?,8.7,?,?,middle
43.96,47.89,47.73,43.31,86,13.98,0,theoretical,22.61,?,1.47,0.65,?,28.71,5.1,37.75,2.97,15.1,0.65,6.44,2.48,0.81,social_sciences-business-law,agriculture,14,3920,29.34,55.16,41.25,96.4,3.6,?,1.15,0,public,26.43,26.45,4.58,4.35,14.64,tertiary,7.29,11.5,4.42,96.49,?,4.17,0,0.12,middle
17.65,22.69,22.46,17.65,79.09,20.64,?,theoretical,6.71,?,1.25,0,?,?,?,?,?,?,?,?,?,?,unspecified,unspecified,?,1724,48.74,91.15,7.53,98.68,1.32,1.44,0.85,0.59,public,15.21,17.08,5.04,5.05,16.46,tertiary,9.7,?,4.81,95.43,7.38,5.03,2.35,0,middle
31.91,34.9,34.73,31.91,52.87,45.94,?,theoretical,?,?,0.87,0,?,?,?,?,?,?,?,?,?,?,unspecified,unspecified,15,3126,21.16,50.91,34.64,85.55,14.45,1.14,0.66,0.48,public,22,22.58,2.99,2.93,9.23,tertiary,23.5,?,2.82,94.2,4.25,2.93,1.32,0,middle
30.49,33.53,33.29,30.49,89.97,9.57,0,theoretical,18.19,0,0,0,?,20.47,2.51,34.3,11.01,10.29,3.47,6.89,4.24,7,social_sciences-business-law,humanities&arts,26,3210,13.94,71.79,23.62,95.41,4.59,1.31,0.43,0.88,private,14.21,13.73,3.04,3.24,11.4,tertiary,14.03,?,2.8,92.32,5.43,3.21,2.22,0,middle
55.68,60.42,60.18,55.05,97.55,1,1.44,theoretical,40.03,0,1.11,0.63,unpopular,12.61,7.36,35.93,3.48,6.92,1.67,1.9,2.82,27.31,social_sciences-business-law,agriculture,20,4593,18.04,69.02,27.14,96.16,3.84,1.22,0.82,0.4,public,19.94,15.69,5.37,5.34,21.05,primary,12.29,?,5.13,93.81,5.88,5.27,0.61,?,middle
52.56,56.86,56.55,51.1,93.89,2.99,3.11,theoretical,35.31,3.96,2.99,1.46,popular,22.06,8.31,28.93,5.41,12.85,2.07,15.58,4.78,0,social_sciences-business-law,agriculture,11,3792,27.37,67.33,19.71,87.04,12.96,1.05,0.97,0.08,public,16.88,18.39,5.76,5.6,26.26,secondary,12.74,?,5.45,94.64,5.57,5.49,0.08,0,high
29.33,31.79,31.53,28.48,90.79,9.21,0,theoretical,16.99,2.19,3.15,0.85,unpopular,4.39,11.5,42.83,5.68,18.41,3.32,7.18,4.07,2.61,social_sciences-business-law,unspecified,19,2411,32.59,51.44,36.16,87.6,12.4,0.88,0.71,0.14,public,21.8,23.91,3.31,3.28,16.16,tertiary,?,?,3.05,92.19,3.81,3.14,0.16,0.13,middle
60.89,64.04,?,60.89,65.63,32.68,1.69,theoretical,26.08,0.89,0,0,popular,7.58,5.19,44.92,5.88,19.67,4.31,5.95,2.71,3.78,social_sciences-business-law,services,14,5584,11.82,?,?,?,?,0.65,0.65,?,?,?,17.02,3.15,3.11,?,?,11.48,?,?,?,3.84,3.84,?,?,middle
1.7,4.47,5.18,1.7,96.39,3.61,0,theoretical,0.99,0.72,12.12,0,unpopular,?,?,?,?,?,?,?,?,?,unspecified,unspecified,10,160,657.63,?,?,?,?,?,0.95,?,?,34.27,34.65,2.77,2.75,13.96,tertiary,12.25,15.56,3.48,91.51,?,2.75,?,?,low
11.97,9.18,5.12,0,0,0,0,?,0,0,0,11.97,?,0,0,0,0,0,0,0,0,0,unspecified,unspecified,?,?,0,0,0,51.4,48.6,0,0,0,private,0,0,9.18,8.1,17.64,secondary,20.13,15.53,5.12,55.72,8.83,8.1,0,0.73,middle
19.09,21.12,19.14,12.88,90.69,9.31,0,theoretical,1.35,0,57.92,6.21,unpopular,?,?,?,?,?,?,?,?,?,unspecified,unspecified,12,1307,0,0,0,99.77,0.23,?,0,?,?,14.15,11.11,8.24,7.67,15.57,primary,21.27,21.55,6.26,78.54,?,4.79,?,0.07,middle
3.63,9.99,9.64,0,0,0,0,?,0,0,0,3.63,?,?,?,?,?,?,?,?,?,?,unspecified,unspecified,?,?,?,0,98.02,98.02,1.98,0,0,0,private,5.48,3.71,9.99,9.5,26.48,?,17.04,26.3,9.64,92.96,7.32,7.32,?,0,middle
10.03,11.79,11.48,7.5,19.59,80.41,0,practical,1.57,11.2,33.67,2.53,unpopular,18.72,8.13,30.54,12.81,5.67,9.85,1.23,5.91,7.14,social_sciences-business-law,health-welfare,8,658,214.19,?,?,?,?,?,1.15,?,?,36.7,33.22,4.29,4.29,14.87,tertiary,14.61,?,3.98,99.17,?,3.98,?,?,middle
22.28,30.07,?,22.28,85,12.86,2.13,theoretical,11.65,1.87,2.05,0,unpopular,41.45,27.52,15.1,7.95,1.4,0,5.92,0,0,education,engineering-manufacturing-construction,21,2012,?,?,?,?,?,?,?,?,?,?,?,7.79,7.77,?,?,24.79,?,?,94.4,?,?,?,?,middle
5.8,8.61,8.03,5.03,92.14,5.45,2.41,theoretical,?,4.42,20.38,0.77,unpopular,?,?,?,?,?,?,?,?,?,unspecified,unspecified,?,464,270.21,?,?,?,?,?,1.37,?,?,26.1,25.24,3.58,3.52,32.82,tertiary,18.93,?,3,83.78,?,5.43,?,?,low
38.34,39.54,?,36.25,75.27,24.39,0,theoretical,10.82,0,5.81,2.09,unpopular,8.15,9.35,20.62,6.61,24.01,5.01,13.03,7.61,5.61,engineering-manufacturing-construction,agriculture,18,2502,?,?,?,?,?,?,?,?,?,18.58,?,3.29,3.29,?,?,?,?,?,55.71,?,?,?,?,middle
5.08,5.75,5.26,0,0,0,0,?,0,0,0,5.08,?,0,0,0,0,0,0,0,0,0,unspecified,unspecified,?,?,?,0,0,0,0,?,0,?,?,19.08,17.44,5.75,5.19,19.14,?,11.61,?,5.26,91.39,?,4.28,?,0,middle
2.16,6.96,6.91,2.16,43.85,56.15,0,practical,1.8,?,7.57,0,?,67.88,15.7,5.69,1.96,0.64,4.92,2.68,0.53,0,education,services,8,195,?,?,?,?,?,0,?,?,?,20.46,?,4.8,4.65,?,?,?,?,4.75,99.11,?,363.74,?,?,low
30.86,24.15,23.15,20.45,?,?,?,?,?,?,?,10.41,?,?,?,?,?,?,?,?,?,?,unspecified,unspecified,?,?,?,?,?,?,?,?,?,?,?,22.97,22.55,3.7,3.67,?,?,18.22,?,2.7,72.89,?,?,?,?,high
32.3,34.42,34.17,30.37,90.42,4.17,5.41,theoretical,24.51,1.17,6.48,1.93,unpopular,16.76,5.74,26.89,8.69,16.94,3.92,13.79,7.28,0,social_sciences-business-law,agriculture,12,2665,30.63,50.77,39.49,90.26,9.74,0.89,0.73,0.05,public,19.57,20.53,4.05,3.99,16.8,tertiary,9.92,?,3.8,93.87,4.06,3.85,0.11,0.1,middle
62.37,67.05,66.53,60.98,51.16,48.84,0,theoretical,16.28,0.94,2.33,1.39,unpopular,11.3,6.68,42.76,3.64,16.64,2.86,10.7,5.42,0,social_sciences-business-law,agriculture,32,4652,28.8,63.49,27.93,91.42,8.58,1.33,0.98,0.3,public,23.72,21.76,6.07,6.08,27.15,tertiary,12.45,?,5.55,92.43,6.31,5.32,0.84,0,high
14.44,19.86,19.71,14.44,84.77,14.26,0.97,theoretical,6.15,6.96,0.84,0,popular,21.23,5.89,45.01,9.29,6.96,1.9,8.28,1.43,0,social_sciences-business-law,services,17,1428,52.43,91.23,7.22,98.45,1.55,?,0.77,0,public,14.91,14.51,5.42,5.29,17.12,tertiary,23.45,28.22,5.27,97.18,?,5.29,0,?,middle
118.24,65.13,64.78,60.82,85.72,10.87,3.41,theoretical,34.97,2.18,82.34,57.42,unpopular,12.1,9.43,32,10.51,16.24,2.27,11.94,5.4,0,social_sciences-business-law,agriculture,15,4503,21.47,64.38,15.6,79.98,20.02,1.17,0.89,0.29,public,19.42,22.8,4.31,4.24,20.82,secondary,11.25,?,3.96,91.99,4.7,4.13,0.57,0,high
4.42,7.68,?,4.42,?,?,?,?,?,0,?,0,?,?,?,?,?,?,?,?,?,?,unspecified,unspecified,?,?,?,?,?,?,?,?,?,?,?,?,?,3.26,3.19,?,?,8.41,?,?,73.65,?,?,?,?,middle
6.19,12.58,?,6.19,?,?,?,?,?,?,1.46,0,?,?,?,?,?,?,?,?,?,?,unspecified,unspecified,46,634,?,?,?,?,?,?,?,?,?,?,?,6.39,6.01,?,?,2.75,?,?,?,?,?,?,?,low
15.05,18.53,?,12.43,62.67,37.33,0,theoretical,?,?,19.87,2.62,?,?,?,?,?,?,?,?,?,?,unspecified,unspecified,9,1185,?,?,?,?,?,?,?,?,?,9.06,?,6.1,5.94,?,?,?,?,?,99.62,?,?,?,?,middle
5.96,12.78,11.27,4.25,81.52,18.48,0,theoretical,5.11,2.54,38.96,1.71,unpopular,26.44,11.6,32.75,4.55,0,14.75,9.93,0,0,social_sciences-business-law,science,16,465,311.93,?,?,?,?,?,0.4,?,?,18.38,16.26,8.53,8.74,23.09,tertiary,19.51,17.66,7.02,82.27,?,4.19,?,?,middle
73.34,77.6,77.63,70.29,90.45,3.77,5.78,theoretical,33.65,7.35,4.34,3.05,popular,15.29,6.43,21.52,10.13,21.93,1.36,20.97,2.36,0,engineering-manufacturing-construction,agriculture,12,4033,50.42,58.13,41.87,100,0,1.66,1.42,0.2,public,28.46,28.03,7.31,7.24,28.93,tertiary,12.78,?,7.34,100,6.4,6.15,0.2,0,high
41,44.16,43.41,38.93,71.22,20.58,8.2,theoretical,22.34,16.99,5.26,2.07,popular,12.95,7.77,35.26,10.71,13.04,1.55,11.83,6.56,0,social_sciences-business-law,agriculture,15,2279,56.46,68.03,20.43,88.45,11.55,1.24,1.24,?,?,17.39,23.11,5.23,5.52,29.79,tertiary,15.11,?,4.48,85.64,6.04,5.35,0.46,0,high
18.4,21.87,?,17.89,?,?,?,?,?,?,?,0.51,?,?,?,?,?,?,?,?,?,?,unspecified,unspecified,?,?,?,?,?,?,?,?,?,?,?,?,?,3.98,3.86,?,?,14.2,?,?,?,?,?,?,?,middle
13.33,15.82,16.13,13.33,98.93,0,1.07,theoretical,?,3.28,2,0,popular,10.4,25.08,27.55,13.64,10.55,4.12,7.98,0.68,0,social_sciences-business-law,services,14,1275,24.82,?,?,88.26,11.74,0.33,0.33,?,?,11.43,12.05,2.49,2.38,9.07,tertiary,17.8,20.35,2.8,96.01,2.78,2.78,?,?,low
0.69,2.89,?,0.69,70.62,25.43,3.95,theoretical,0.66,1.89,13.42,0,unpopular,6.26,10.63,28.33,1.53,24.34,7.04,2.75,0,19,social_sciences-business-law,science,10,63,?,?,?,?,?,?,?,?,?,?,?,2.2,2.17,?,?,11.37,?,?,87.93,?,?,?,?,low
39.37,44.47,44.12,39.37,77.99,21.86,0,theoretical,16.32,0,0.97,0,unpopular,?,?,?,?,?,?,?,?,100,unspecified,unspecified,34,3411,32.19,?,?,?,?,0.92,0.76,0.16,public,20.44,21.69,5.1,5.02,18.96,tertiary,28.3,?,4.75,93.07,4.72,4.52,0.21,?,middle
8.58,9.91,7.89,4.12,30.24,41.72,28.04,practical,?,?,108.19,4.46,?,?,?,?,?,?,?,?,?,?,unspecified,unspecified,5,450,164.29,?,?,?,?,?,1.08,?,?,?,21.72,5.79,5.8,14.19,tertiary,13.85,?,3.77,77.52,?,4.58,?,?,middle
8.88,10.56,10.15,6.14,83.47,15.09,1.44,theoretical,4.49,14.06,42.57,2.74,unpopular,31.19,9.26,25.53,9.44,12.88,5.26,6.44,0,0,education,agriculture,16,671,80.63,83.37,1.74,85.11,14.89,0.89,0.54,0.35,public,11.28,12.97,4.42,4.15,17.65,tertiary,13.4,12.85,4.01,90.57,4.28,3.93,0.35,0,middle
22.53,28.51,27.23,21.34,80.73,12.38,6.9,theoretical,6.67,1.22,5.37,1.19,unpopular,?,?,?,?,?,?,?,?,100,unspecified,unspecified,18,2169,70.42,51.88,22.26,75.23,24.77,1.48,1.51,0,public,19.36,22.05,7.17,6.85,24.31,tertiary,18.2,?,5.89,88.4,6.85,6.85,0,?,middle
24.06,27.04,26.84,23.35,74.81,23.83,1.36,theoretical,10.41,1.04,3.06,0.71,unpopular,14.58,7.33,23.89,8.27,17.19,4.4,6.97,3.17,14.2,social_sciences-business-law,services,24,2356,50.07,60.15,19.68,79.83,20.17,1.03,1.01,0,public,28.17,32.16,3.69,3.65,16.8,tertiary,?,?,3.49,94.44,3.4,3.46,0,?,middle
2.74,5.21,6.74,2.74,57.72,42.17,0,theoretical,3.65,?,3.23,0,?,44.02,5.58,25.79,7,7.42,2.4,2.56,5.24,0,education,agriculture,15,257,188.91,75.46,?,75.46,24.54,?,0.62,?,?,12.08,11.87,2.47,2.46,15.09,tertiary,18.29,23.85,4,74.95,?,5.24,?,0.53,low
52.37,57.13,?,52.37,71.86,26.89,1.25,theoretical,48.91,0.66,0.94,0,unpopular,8.09,5.81,36.81,3.69,26.27,6.16,7.57,4.28,1.32,social_sciences-business-law,unspecified,12,3972,37.24,22.54,60.68,83.22,16.78,?,1.79,?,?,?,31.88,4.76,4.68,17.16,tertiary,17.21,?,?,86.65,?,6.06,?,?,low
24.37,24.5,?,22.56,?,?,?,?,?,?,7.11,1.81,?,?,?,?,?,?,?,?,?,?,unspecified,unspecified,24,1806,35.7,?,?,?,?,?,0.6,?,?,?,29.66,1.94,2.02,11.87,tertiary,22.81,?,?,95,?,2.02,?,?,high
59.75,63.7,?,58.97,65.18,31.18,3.64,theoretical,39.12,10.92,1.26,0.78,popular,10.43,15.16,26.2,16.84,10.51,1.26,18.25,1.35,0,social_sciences-business-law,agriculture,21,3524,23.58,0,0,0,0,1.09,0.77,0.32,public,19.63,17.24,4.73,4.73,21.29,secondary,11.44,?,?,94.91,5.53,4.68,0.85,0,high
69.94,75.59,?,69.94,76.12,21.68,2.2,theoretical,32.42,3.5,0,0,popular,11.52,11.99,39.67,9.19,8.28,2.26,12.65,4.34,0,social_sciences-business-law,agriculture,13,4785,31.38,60.24,29.12,89.36,10.64,2.78,0.95,1.84,private,?,26.3,5.65,5.75,24.47,tertiary,17.15,?,?,90.49,7.49,5.18,2.3,0,high
37.65,40.3,39.73,37.08,78.25,21.65,?,theoretical,6.8,2.15,1.6,0.57,popular,?,?,?,?,?,?,?,?,100,unspecified,unspecified,8,2877,22.69,76.8,15.23,94.26,7.97,0.68,0.66,0,public,20.47,21.07,3.22,3.15,12.26,tertiary,12.77,?,2.65,94.85,3.43,3.15,0.22,0.06,middle
15.8,?,?,15.24,58.96,40.23,0.81,theoretical,?,?,3.24,0.56,?,?,?,?,?,?,?,?,?,?,unspecified,unspecified,16,1517,?,?,?,?,?,?,?,?,?,?,?,?,9.37,?,?,17.81,?,?,84.8,?,?,?,?,low
4.97,13.94,9.87,3.93,98.81,0,1.19,theoretical,?,?,?,1.04,?,?,?,?,?,?,?,?,?,?,unspecified,unspecified,25,346,297.9,0,0,0,0,1.03,0,0.53,private,8.5,10.46,10.01,9.84,38.24,tertiary,26.71,24.85,5.94,59.33,9.5,8.5,0.53,0.47,middle
37.84,42.54,?,37.84,58.26,37.5,4.24,theoretical,11.5,0,1.01,0,unpopular,18.27,0.6,42.86,6.96,19.49,1.25,7.33,3.25,0,social_sciences-business-law,humanities&arts,12,3729,?,?,?,?,?,?,?,?,?,?,?,4.7,4.65,?,?,17.04,?,?,?,?,?,?,?,middle
9.52,11.43,?,9.52,71.04,26.59,2.37,theoretical,?,0,1.27,0,unpopular,34.18,4.34,29.71,0,21.25,4.78,2.74,0,2.99,education,health-welfare,23,952,?,?,?,?,?,?,?,?,?,?,?,1.91,1.8,?,?,9.73,?,?,90.79,?,?,?,?,low
?,?,?,?,?,?,?,?,?,?,?,?,?,?,?,?,?,?,?,?,?,?,unspecified,unspecified,?,?,?,?,?,?,?,?,?,?,?,?,?,?,?,?,?,?,?,?,?,?,?,?,?,high
?,?,?,?,?,?,?,?,?,?,?,?,?,?,?,?,?,?,?,?,?,?,unspecified,unspecified,22,2557,?,?,?,?,?,?,?,?,?,?,?,?,?,?,?,?,?,?,?,?,?,?,?,middle
10.15,20.63,?,10.15,85.07,14.92,0,theoretical,?,?,2.17,0,?,?,?,?,?,?,?,?,?,?,unspecified,unspecified,33,996,?,?,?,?,?,?,?,?,?,?,?,10.48,9.63,?,?,32.78,?,?,?,?,?,?,?,low
2.34,4.43,5.38,2.34,58.44,40.8,0.76,theoretical,?,?,9.44,0,?,?,?,?,?,?,?,?,?,?,unspecified,unspecified,?,229,168.25,9.84,85.4,100,0,?,0.41,?,?,18.21,19.41,2.09,1.99,11.26,tertiary,14.8,16.78,3.04,99.11,?,1.93,?,0.86,low
5.26,8.88,?,4.15,29.7,67.07,?,practical,?,?,30.61,1.11,?,?,?,?,?,?,?,?,?,?,unspecified,unspecified,?,469,195.16,?,?,?,?,?,0.66,?,?,0,16.57,4.73,4.57,17.17,tertiary,?,?,?,99.22,4.55,4.55,?,0,low
