Gross enrolment ratio.  ISCED 5 and 6.  Total,Gross enrolment ratio.  ISCED 5 and 6.  Male,Gross enrolment ratio.  ISCED 5 and 6.  Female,Gender parity index for gross enrolment ratio. Tertiary,Distribution of students (%).  ISCED Level 5A,Distribution of students (%).   ISCED Level 5B,Distribution of students (%).   ISCED Level 6,Percentage of female students.  Tertiary ISCED 5A,Percentage of female students.  Tertiary ISCED 5B,Percentage of female students.  Tertiary ISCED 6,Percentage of female students.  Total tertiary,Gross completion rate-ISCED 5A-first degree. Total,Gross completion rate-ISCED 5A-first degree. Male,Gross completion rate-ISCED 5A-first degree. Female,Gender parity index for gross completion rate-ISCED 5A-first degree,Percentage of female graduates in tertiary education,Inbound mobility rate.  Total,Outbound mobility ratio (%),Gross outbound enrolment ratio,Percentage of tertiary graduates in education,Percentage of tertiary graduates in humanities and arts,Percentage of tertiary graduates in social sciences-business and law,Percentage of tertiary graduates in science,Percentage of tertiary graduates in engineering-manufacturing and construction,Percentage of tertiary graduates in agriculture,Percentage of tertiary graduates in health and welfare,Percentage of tertiary graduates in services,Percentage of tertiary graduates in unspecified programmes,Female tertiary graduates as percentage of all graduates in education,Female tertiary graduates as percentage of all graduates in humanities and arts,Female tertiary graduates as percentage of all graduates social sciences-business and law,Female tertiary graduates as percentage of all graduates in science,Female tertiary graduates as percentage of all graduates in engineering-manufacturing and construction,Female tertiary graduates as percentage of all graduates in agriculture,Female tertiary graduates as percentage of all graduates in health and welfare,Female tertiary graduates as percentage of all graduates in services,Female tertiary graduates as percentage of all graduates in unspecified programmes,Pupil-teacher ratio. Tertiary,Tertiary students per 100 000 inhabitants,Public expenditure per pupil as a % of GDP per capita. Tertiary,Public expenditure per pupil as a % of GDP per capita. All levels,Public expenditure on education as % of GDP,Public expenditure on education as % of total government expenditure,Public expenditure on education as % of GNI,Educational expenditure by nature of spending as a % of total educational expenditure on public institutions. Tertiary. Salaries,Educational expenditure by nature of spending as a % of total educational expenditure on public institutions. Tertiary.Other current expenditure,Educational expenditure by nature of spending as a % of total educational expenditure on public institutions. Tertiary. Total current expenditure,Educational expenditure by nature of spending as a % of total educational expenditure on public institutions. Tertiary. Capital,Total expenditure on educational institutions and administration as a % of GDP. All sources. All levels,Total expenditure on educational institutions and administration as a % of GDP. All sources. Tertiary,Total expenditure on educational institutions and administration as a % of GDP. Public sources. All levels,Total expenditure on educational institutions and administration as a % of GDP. Public sources. Tertiary,Total expenditure on educational institutions and administration as a % of GDP. Private sources. All levels,Total expenditure on educational institutions and administration as a % of GDP. Private sources. Tertiary,Total expenditure on educational institutions and administration as a % of GDP. International sources. All levels,Educational expenditure in tertiary as % of total educational expenditure,Public current expenditure on education as % of total current government expenditure,Current expenditure on education as % of GNI,Public current expenditure on education as % of total public education expenditure,Percentage distribution of public current expenditure on education by level. Tertiary,GNI per capita - class
15.52,12.26,18.64,1.52,98.88,1.12,0,61.13,81.4,0,61.35,8.71,6.37,11.45,1.8,66.95,1.58,17.5,2.8,35.53,13.79,29.34,1.71,3.85,1.67,12.75,1.34,0,79.97,68.49,55.45,60.81,20.58,25.81,74.4,63.51,0,24,1334,36.6,11.88,2.87,8.43,2.79,?,?,?,?,?,?,2.87,0.5,?,?,?,17.49,?,?,?,?,middle
16.05,18.84,20.38,1.08,77.16,18.62,4.22,57.36,26.44,43.14,51,?,?,?,?,61.13,0.65,2.79,0,1.56,15.84,51.29,11.99,11.81,1.37,4.76,0.79,0.58,80.78,79.34,63.1,62.28,31.2,52.22,57.08,31.54,18.06,29,1802,?,?,5.1,22.05,5.36,?,?,?,?,?,?,?,?,?,?,?,?,?,?,88.1,?,middle
0.85,1.03,0.67,0.66,100,0,0,39.86,0,0,39.86,0,0,0,0.83,40.7,?,42.47,0,34.3,0,36.63,9.88,8.72,0,7.56,0,2.91,40.68,0,41.27,41.18,40,0,38.46,0,40,10,86,?,?,2.61,6.35,3.16,?,?,?,?,?,?,2.61,?,?,?,?,?,8.87,2.96,93.69,?,low
57.61,46.58,68.83,1.48,74.59,25.09,0,55.62,69.96,56.09,59.22,8.97,7.68,10.29,1.34,63.23,0,0,0,3.03,2.8,20.87,3.8,4.47,1.8,8.17,0.61,54.45,78.09,70.24,55.96,51.53,30.58,40.46,63.91,54.85,69.06,15,5148,16.09,15.33,4.83,13.53,4.98,89.08,10.1,99.18,0.82,6.22,1.21,4.8,0.83,0.8,0.39,0,17.13,?,4.92,98.81,17.3,middle
24.92,23.26,26.49,1.14,98.02,0,1.98,54.98,0,36.6,54.62,19.32,18.37,20.2,1.1,53.39,2.67,3.31,0.88,10.91,7.19,11.39,1.78,10.57,3.55,7.8,1.74,45.07,74.73,72.31,36.52,47.98,21.29,26.4,51.39,9.84,61.36,6,2229,42.38,13.88,3.18,?,3.09,?,?,100,0,4.07,1.67,3.18,0.95,0.86,0.72,0,29.85,?,3.05,98.59,30.27,low
29.88,23.37,36.5,1.56,25.86,74.14,0,80.29,53.69,0,60.57,5.81,1.57,10.1,6.44,65.28,5.44,5.95,1.92,14.58,0,40.97,0,25.69,0,18.75,0,0,88.1,0,76.27,0,10.81,0,98.15,0,0,10,1788,33.6,17.45,4.79,17.16,4.47,88.89,8.41,97.3,2.7,4.39,0.5,4.38,0.58,?,?,0,12.16,19.09,?,86.77,13.69,high
66.83,60.12,73.8,1.23,74.97,21.69,3.33,55.6,50.24,47.86,54.18,53.14,44.96,61.63,1.37,55.15,13.93,0.6,0,9.76,11.2,37.45,13.32,8.34,1.5,14,4.4,0,73.92,66.35,53.32,36.67,20.87,40.45,77.53,55.38,35.42,?,4503,24.76,16.9,4.75,13.32,4.88,57.63,32.63,90.25,9.75,5.62,1.45,4.25,0.74,1.37,0.7,0,23.31,?,4.7,96.18,23.88,high
56.58,53.04,60.32,1.14,80.97,9.53,9.5,51.03,67.41,43.18,51.85,18.39,18.11,18.69,1.03,51.53,11.97,4.42,2.57,20.79,8.28,26.44,6.79,20.6,3.16,10.37,3.26,0,78.7,59.3,52.72,38.97,15.08,39.09,68.37,64.93,41.67,8,3269,40.92,28.83,5.7,11.09,5.84,56.18,40.31,96.48,3.52,5.69,1.18,5.37,1.12,0.32,0.06,0,23.64,?,5.64,96.7,23.71,high
16.31,19.08,13.55,0.71,99.16,0,0.84,41.66,0,34.16,41.6,15.96,20.15,11.87,0.59,38.49,1.57,2.82,0,?,?,?,?,?,?,?,?,?,?,?,?,?,?,?,?,?,?,9,1482,14.15,12.19,3.5,23.06,3.72,57.26,41.56,98.82,1.18,?,?,2.48,0.16,?,?,?,6.01,25.13,3.67,98.78,6.01,low
33.62,24.01,44.61,1.86,82.1,17.88,0,63.61,54.04,0,61.9,11.32,5.31,18.17,3.42,69.55,6.98,10.3,2.93,11.62,7.12,40.98,8.65,9.98,0,12.09,3.17,6.38,79.46,85.16,69.05,73.76,29.41,0,84.47,74.07,63.8,22,2742,?,?,3.94,12.8,3.78,?,?,?,?,?,?,?,?,?,?,?,?,?,?,94.56,?,middle
6.36,8.16,4.44,0.54,90.72,9.11,0,35.7,15.49,23.85,33.84,4.59,5.94,3.15,0.53,31.41,0,0.98,0,5.87,27.54,36.45,11.42,0,0.8,10.99,0,6.5,35.39,39.83,32.47,29.28,9.93,17.61,17.15,0,17.2,19,681,36.47,10.42,2.46,15.7,2.37,?,?,?,?,?,?,2.32,0.26,?,?,?,10.11,18.33,1.46,61.72,13,low
37.24,21.63,53.15,2.46,49.35,45.01,5.64,66.12,77.3,57.78,70.69,14.64,9.32,20.01,2.15,65.98,7.38,16.95,6.36,?,?,?,?,?,?,?,?,?,?,?,?,?,?,?,?,?,?,13,2999,70.17,33.08,7.24,18.46,7.48,93.32,5.74,99.06,0.94,7.67,1.96,6.55,1.82,0.17,0,1.11,29.06,18.59,6.4,85.55,33.69,middle
55.91,48.29,63.76,1.32,64.47,34.32,1.21,56.31,56.23,47.82,56.18,26.55,23.13,30.05,1.3,58.12,0,1.43,0.83,14.21,5.34,37.22,2.11,22.64,8.63,6.84,3.01,0,?,?,?,?,?,?,?,?,?,11,4367,27.3,21.97,6,12.96,6.03,54.41,40.07,94.49,5.51,?,?,5.71,1.41,?,?,?,24.68,20.61,5.45,95.25,24.48,middle
58.6,54.33,63.02,1.16,47.02,51.42,1.56,49.22,56.65,36.02,52.83,18.98,18.62,19.36,?,56.11,10.62,2.96,1.74,14.17,10.92,31.44,8.13,10.73,2.03,20.67,1.86,0,71.49,62.94,55.75,31.43,18.2,38.2,73.67,55.71,61.54,16,3487,38.32,24.14,6,12.36,5.91,66.02,31.59,97.61,2.39,6.23,1.35,5.76,1.11,0.44,0.21,0,22.31,?,5.84,97.9,21.73,high
1.94,1.34,2.55,1.91,100,0,0,64.9,0,0,64.9,2.8,1.95,3.68,1.89,64.67,0,140.8,2.56,34.67,0,44.67,6,0,0,2,0,12.67,65.38,0,71.64,22.22,0,0,100,0,52.63,7,208,513.2,17.59,5.8,20.87,6.22,26.79,26.25,53.04,46.96,6.17,0.94,5.63,0.77,0.53,0.17,?,16.2,23.74,5.03,80.89,9.42,middle
3.03,4.81,1.21,0.25,82.14,17.69,0,18.86,24.38,21.21,19.84,?,?,?,?,24.4,?,9.79,0,1.2,10.8,35.9,27.4,14,2.4,8.3,0,0,0,21.3,26.74,23.36,13.57,4.17,49.4,0,0,29,275,200.94,17.83,3.26,17.11,3.29,?,?,?,?,4.7,0.88,2.99,0.36,1.71,0.52,0.42,16.39,21.36,2.36,93.78,22.1,low
37.94,?,?,?,91.3,7.07,1.63,?,?,?,?,?,?,?,?,39.99,?,0.88,0,23.98,2.16,33.16,4.86,10.77,5.58,17.35,0,?,?,?,?,?,?,?,?,?,?,22,3558,44.04,14.82,5.9,18.4,6.06,?,0,100,0,?,?,6.38,1.38,?,?,0,26.56,17.6,5.44,89.82,29.55,middle
3.93,4.14,3.71,0.9,89.45,10.42,0,48.51,34.13,50,47.01,8.58,?,?,?,?,5.97,60.14,4.6,33.09,15.59,28.33,17.79,3.95,0,0,0,0,?,?,?,?,?,?,0,0,0,12,436,438.41,33.03,9.74,21.55,10.87,?,?,?,?,?,?,8.07,1.04,?,?,?,27.87,27.63,8.48,77.97,31.6,middle
17.78,15.49,20.09,1.3,94.44,2.87,2.85,57.16,32.41,55.41,56.1,13.23,9.76,16.75,1.72,61.61,0,0.55,0,25.84,3.17,35.91,7.39,6,1.88,12.29,1.36,6.17,80.61,68.63,55.11,43.36,31.24,40.79,72.13,75.17,49.99,15,1772,47.33,12.74,3.88,11.27,4.03,74.44,18.5,92.94,7.06,3.87,0.67,3.69,0.74,?,?,?,21.59,?,3.82,94.96,22.64,middle
14.11,10.31,17.97,1.74,57.58,42.29,0,63.2,63.25,33.33,63.18,7.57,4.66,10.53,2.26,67.41,4.22,40.86,5.95,49.77,8.17,9.19,4.74,7.43,0,17.64,0,3.06,71.08,60.23,62.63,50.98,37.5,0,75.26,0,93.94,9,1312,?,?,5.15,9.14,2.35,?,?,?,?,?,?,?,?,?,?,?,?,?,?,98.29,1.95,high
42.53,36.18,49.24,1.36,91.99,6.63,1.38,56.05,61.24,49.62,56.31,16.74,9.9,23.93,2.42,62.52,3.29,6.07,2.51,12.35,8.2,45.06,4.19,15.01,2.16,7.5,5.54,0,79.89,65.15,67.88,56.56,35.55,40.49,70.46,51.71,0,11,3089,17.92,17.68,3.53,?,3.52,61.02,38.4,99.41,0.59,4.32,1.3,3.41,0.5,0.89,0.79,0,15.85,?,3.48,98.89,15.88,middle
1.1,1.61,0.57,0.35,0,0,0,0,0,0,25.4,0,0,0,0,0,0,8.37,0,0,0,0,0,0,0,0,0,0,0,0,0,0,0,0,0,0,0,23,109,192.63,32.12,4.25,16.64,4.25,?,?,?,?,?,?,4.16,0.32,?,?,?,9.58,?,4.09,96.08,9.18,low
1.15,1.69,0.61,0.36,66.21,33.58,0,28.7,24.43,7.69,27.22,0,0.65,0,0.45,37.93,4.83,12.44,0,32.81,11.42,45.8,0,4.46,0,5.51,0,0,38.4,27.59,45.27,0,0,0,26.19,0,0,12,97,1125.76,31.72,3.84,21.19,3.92,54.12,36.08,90.19,9.81,?,?,3.56,0.78,?,?,?,27.77,21.44,3.7,94.48,26.19,low
2.19,3.18,1.2,0.38,100,0,0,27.34,0,0,27.34,1.51,2.21,0.82,0.37,27.4,0,5.65,0,9.95,12.7,56.08,7.95,2.69,3.13,6.61,0.9,0,31.83,38.21,27.07,28.57,1.28,8.79,21.88,19.23,0,12,199,43.79,7.13,1.73,14.65,1.79,?,?,?,?,?,?,1.73,0.09,?,?,107.26,4.95,?,1.71,95.29,5.2,low
4.48,5.99,3.82,0.64,?,?,?,?,?,?,38.78,?,?,?,?,?,1.82,15.26,0.73,?,?,?,?,?,?,?,?,?,?,?,?,?,?,?,?,?,?,23,461,62.99,10.83,2.79,12.49,2.98,?,?,?,?,?,?,3.45,0.41,?,?,?,14.16,10.94,2.87,86.37,10.91,low
60.21,51.22,69.66,1.36,73.29,24.52,2.19,58.07,52.31,46.14,56.4,32.94,25.34,40.93,1.53,58.37,9.39,2.87,1.48,11.25,12.33,33.24,10.63,10.43,1.91,11.9,5.39,2.92,75.98,63.61,59.32,41.96,21.05,50.98,80.97,56.35,67.18,9,4049,44.64,?,5.16,12.46,5.3,66.91,29.12,96.03,3.97,?,?,4.74,1.39,1.41,1.11,?,35.19,?,5.22,98.52,34.52,high
1.48,1.48,1.49,1.01,100,0,0,51.11,0,0,51.11,?,?,?,?,?,?,154.9,5.76,?,?,?,?,?,?,?,?,?,?,?,?,?,?,?,?,?,?,4,159,362.8,24.47,7.94,16.98,8.09,10.36,3.61,13.97,86.03,?,?,6.97,0.42,?,?,1.05,17.51,19.04,4.98,61.56,3.97,middle
41.01,42.44,39.53,0.93,82.6,17.19,0,47.76,46.32,45.97,47.51,13.23,13.16,13.3,1.01,46.19,0.94,1.09,0,12.47,6,40.93,0.94,25.32,4.29,10.04,0,0,79.29,56.38,55.92,48.6,23.35,36.59,71.68,0,0,?,3306,17.95,16.17,4.23,18.68,4.42,59.85,30.32,90.17,9.83,7.19,2.14,4.04,0.42,3.14,1.72,0,14.03,?,3.89,88.06,11.98,middle
9.92,16.71,14.19,0.85,54.2,45.08,0.72,43.95,43.95,24,43.84,3.81,12.37,10.89,0.88,45.66,0,1.7,0,?,?,?,?,?,?,?,?,100,?,?,?,?,?,?,?,?,45.66,16,738,90.07,?,1.91,12.97,1.93,35.68,41.88,77.56,22.44,?,?,1.87,0.43,?,?,?,23.98,?,1.8,93.18,20.98,middle
23.91,22.8,25.05,1.1,75.75,18.3,5.95,53.17,46.93,49.52,51.81,4.25,3.59,4.91,1.37,56.59,?,1.18,0,17.31,2.26,46.27,2.26,22.43,0.69,8.77,0,0,71.47,49.13,59.06,54.69,34.98,41.63,73.09,0,0,11,2282,38.26,19.33,4.44,18,4.59,49.7,37.49,87.19,12.81,7.24,2.34,4.43,0.88,2.8,1.46,0,19.87,16.07,4.87,95.53,12.91,middle
4.2,7.42,1,0.13,80.01,19.38,0.6,12.56,9.16,17.28,11.93,?,?,?,?,25.74,0,25.42,1.12,?,?,?,?,?,?,?,?,?,?,?,?,?,?,?,?,?,?,16,390,276.69,14.6,3.21,12.59,4.57,45.77,51.51,97.28,2.72,?,?,2.79,0.79,?,?,?,32.6,25.7,3.93,85.93,33.94,low
20.07,18.53,21.69,1.17,82.44,17.38,0,52.79,52.17,55.94,52.69,26.27,19.16,33.74,1.76,61.13,2.25,?,?,32.5,2.21,39.3,4.27,8.91,1.31,11.06,0,0,80.65,55.53,54.82,39.56,27.95,33.66,66.07,49.02,33.33,20,1972,45.71,19.19,4.71,21.14,4.91,?,?,0,0,4.66,0.9,4.64,0.9,0,0,0,19.16,28.47,4.79,97.58,19.63,middle
6.46,9.44,3.42,0.36,53.34,42.15,4.51,21.3,32.87,23.4,26.27,?,?,?,?,?,?,3.45,0,?,?,?,?,?,?,?,?,?,?,?,?,?,?,?,?,?,?,?,604,212.79,33.13,4.63,21.54,4.93,3.54,64.11,67.65,32.35,?,?,4.79,1.18,?,?,0.31,25.07,21.67,4.67,94.03,20.09,low
33.18,30.92,35.53,1.15,70.76,29.24,0,54.26,48.08,0,52.45,14.15,11.2,17.22,1.54,54.95,2.61,8.85,2.94,8.28,9.84,25.81,7.66,17.4,4.12,9.67,17.22,0,93.16,75.98,65.44,58.66,29.68,42.45,69.76,27.41,0,14,2312,33.64,24.78,4.49,9.99,4.62,61.09,30.2,94.4,5.6,?,?,4.27,0.68,?,?,0,19.15,9.6,4.11,90.21,19.32,middle
25.79,23.97,27.71,1.16,99.1,0,0.9,52.15,0,51.5,52.14,13.54,8.92,18.47,2.07,66,5.47,0.78,0,8.44,0.63,3.92,0.97,1.74,0.84,5.8,1.87,75.79,78.74,57.89,63.25,46.11,24.27,40.05,67.54,31.85,41.65,8,1600,83.97,36.6,8.96,16.79,7.67,37.54,46.51,84.05,15.95,8.96,1.53,8.96,1.53,0,0,0,17.1,16.99,?,88.4,16.28,middle
21.61,18.26,24.93,1.37,23.41,75.98,0.6,76.99,52.19,54.17,58.01,5.02,2.14,8.02,3.75,62.21,20.71,134.29,30.05,15.18,7.43,36.53,7.5,5.64,0.63,4.9,22.19,0,93.04,79.15,67.98,50.23,15.63,0,75.54,40.63,0,11,1711,42.23,26.52,5.6,15.02,5.93,53.51,23.08,76.58,23.42,6.28,0.82,5.45,0.56,0.74,0.25,0.09,12.83,?,5.37,90.59,11.47,high
30.88,30.18,31.62,1.05,82.52,10.67,6.81,48.84,69.17,35.53,50.11,14.44,13.89,15,1.08,55.28,2.98,2.22,0.63,13.67,7.28,29.67,10.47,11.5,3.55,15.27,3.46,5.15,75.31,61.67,58.05,25.15,28.92,46.54,78.99,51.23,35.66,12,2533,31.12,19.12,4.09,9.55,4.24,48.4,39.67,88.07,11.93,4.28,0.87,3.87,0.73,0.4,0.13,0,19.34,?,3.84,90.59,18.58,middle
1.3,?,?,?,78.7,19.65,1.66,?,?,?,?,?,?,?,?,?,?,6.62,0,?,?,?,?,?,?,?,?,?,?,?,?,?,?,?,?,?,?,16,126,?,?,?,?,?,?,?,?,?,?,?,?,?,?,?,?,?,?,?,?,?,low
60.23,51.7,69.03,1.34,87.75,9.63,2.62,58.91,37.13,42.81,56.39,34.64,23.99,45.61,1.9,56.32,6.53,3.54,2.01,9.44,13.06,24.17,8.11,13.57,2.26,26.3,3.09,0,70.63,67.96,46.73,32.5,26.19,43.75,82.19,22.2,0,?,3596,75.51,38.79,8.44,15.38,8.56,71.53,20.48,92.01,7.99,7.04,1.81,6.77,1.77,0.27,0,0,32.09,?,7.97,93.17,32.62,high
0.71,0.82,0.59,0.73,47.38,52.62,0,27.66,54.41,0,41.73,0,0,0,1.35,55.93,0,258.35,1.94,0,35.59,64.41,0,0,0,0,0,0,0,57.14,55.26,0,0,0,0,0,0,12,69,500,72.94,6.04,20.5,5.51,?,?,?,?,?,?,5.74,0.81,?,?,?,13.74,22.43,5.35,97.14,14.72,middle
0,0,0,0,0,0,0,0,0,0,0,?,?,?,?,?,0,0,9.54,?,?,?,?,?,?,?,?,?,?,?,?,?,?,?,?,?,?,?,?,0,?,4.99,?,5.51,?,?,?,?,?,?,?,?,?,0,?,0,?,?,?,?,middle
34.01,26.31,41.7,1.59,91.04,8.39,0.57,64.8,25.08,39.52,61.32,?,?,?,?,?,?,0.72,0,?,?,?,?,?,?,?,?,?,?,?,?,?,?,?,?,?,?,26,3370,?,?,2.3,13.08,2.42,2.33,63.95,97.4,2.6,?,?,2.23,0.25,?,?,0.09,?,19,2.3,95.26,?,middle
19.95,?,?,?,?,?,?,?,?,?,?,?,?,?,?,?,?,?,0,?,?,?,?,?,?,?,?,?,?,?,?,?,?,?,?,?,?,?,?,?,?,0.98,8.01,1.04,?,?,?,?,?,?,?,?,1.28,0.38,0.14,5.16,8.26,1.38,94.78,?,middle
29.19,20.37,11.09,0.54,94.92,4.4,0.68,?,?,?,?,21.76,22.02,21.5,?,?,?,0,0,?,?,?,?,?,?,?,?,100,?,?,?,?,?,?,?,?,?,30,3081,?,?,3.89,?,3.99,?,?,?,?,?,?,?,?,?,?,?,?,?,?,86.41,?,middle
16.65,15.17,18.14,1.2,86.88,13.11,0,54.78,50.14,18.18,54.16,4.94,4.52,5.36,1.19,55.18,0,1.79,0,19.74,0.85,37.21,7.4,13.86,1.77,19.16,0,0,71.9,51.72,52.07,45.76,26.06,20.56,72.03,0,0,16,1717,11.91,10.98,2.55,19.91,2.6,99.24,0.76,100,0,3.1,0.21,2.87,0.21,?,?,0.41,7.21,?,2.8,95.26,7.57,middle
1.26,2.17,0,0.16,100,0,0,13.41,0,0,13.41,1.02,1.76,0,0.15,13.15,1.28,13.81,0,14.59,12.93,13.15,12.82,17.57,8.18,3.76,0,17.02,12.12,8.55,20.17,10.34,5.66,13.51,5.88,0,23.38,22,155,429.37,27.16,4.54,?,4.56,25.83,21.31,24.02,75.98,?,?,4.07,0.61,?,?,1.15,14.05,?,2.5,61.19,31.19,low
59.71,46.95,72.85,1.55,85.44,12.05,2.5,57.9,76.42,56.12,60.09,11.93,8.3,15.67,1.89,65.29,1.05,6.73,4.12,8.95,9.74,45.03,6,12.14,1.63,10.8,5.71,0,91.47,75.95,69.02,45.39,27.41,43.55,87.45,42.4,0,9,4227,24.39,22.09,5.28,15.47,5.53,38.71,50,88.71,11.29,?,?,4.88,0.89,?,?,?,19.56,?,4.94,86.13,20.89,middle
1.38,2.18,0.59,0.27,100,0,0,21.4,0,0,21.4,1.44,2.26,0.63,0.28,21.45,?,3.53,0,34.61,1.11,37.83,3.7,6.85,8.58,7.1,0,0,17.71,24.51,35.86,22.94,4.92,8.5,26.46,22.73,15.79,27,128,?,?,3.86,13.75,3.89,?,?,?,?,?,?,5.99,1.89,?,?,?,31.6,12.89,2.48,63.77,17.31,low
15.51,14.12,16.98,1.2,86.24,12.49,1.28,51.9,63.16,42.94,53.2,8.36,?,?,?,?,32.94,14.36,2.35,?,?,?,?,?,?,?,?,?,?,?,?,?,?,?,?,?,?,?,1533,68.07,21.01,5.74,19.35,5.8,?,?,?,?,?,?,6.51,1.03,?,?,?,16.04,?,6.35,97.44,16.31,middle
84.31,76.16,92.82,1.22,90.13,2.49,7.38,54.3,54.28,48.23,53.85,47.94,34.95,61.5,1.76,61.06,2.25,3.56,3.03,6.63,11.34,23.01,7.29,22.21,2.35,21.71,5.46,0,84.68,75.33,67.11,46.67,20.24,50.63,85.82,68.54,0,16,5402,37.83,26.08,6.19,12.69,6.22,55,38.27,93.27,6.73,5.79,1.71,5.67,1.65,0.13,0.06,?,32.94,?,5.79,93.14,33.54,high
53.5,48.04,59.21,1.23,70.72,24.65,4.63,54.85,53.43,46.66,54.12,40.65,33.7,47.9,1.42,56.27,7.25,2.72,1.47,6.78,12.68,39.14,13.27,16.53,0,7.17,3.99,0,70.93,74.1,63.12,40.73,20.77,50.84,76,53.17,36.86,16,3427,28.64,24.6,5.57,11.39,5.51,65.64,23.47,89.11,10.89,5.82,1.05,5.36,0.9,0.46,0.15,0,17.64,?,5.05,91.65,17.16,high
1.04,1.6,0,0.3,100,0,0,22.67,0,0,22.67,0,0,0,0,24.63,0,44.25,0.65,0,0,32.84,19.68,36.89,0,0,0,10.58,0,0,51.51,24.62,6.43,0,0,0,4.67,14,95,238.01,9.28,2.79,8.95,2.97,?,?,?,?,2.15,?,2.58,0.19,?,?,1.97,13.96,14.19,2.57,86.44,17.77,low
38.81,39.91,37.72,0.95,98.81,0,1.19,48.93,0,50.87,48.95,?,?,?,?,55.44,0,3.24,1.28,7.59,25.19,30.79,6.17,15.54,2.94,10.29,1.48,0,68.09,79.5,37.49,70.54,29.61,45.58,77.17,31.46,0,10,2979,?,?,2.14,11.52,2.12,?,?,?,?,?,?,?,?,?,?,?,?,14.27,2.81,97.31,?,low
33.82,?,?,?,?,?,?,46.08,63.06,?,?,18.44,19.12,17.73,0.93,51.64,?,2.51,1.27,8.69,10.55,20.74,8.92,16.91,2.29,27.46,4.13,0,78.09,66.2,44.4,32.91,16.75,34.02,72.25,52.04,39.63,?,?,?,?,4.49,9.72,4.53,66.76,22.48,89.23,10.77,5.16,1.02,4.19,0.93,0.96,0.09,0,24.46,?,4.48,97.88,23.94,high
3.15,4.43,1.82,0.41,57.65,37.17,5.18,30.2,26.65,23.37,28.52,1.81,2.62,0.98,0.37,27.05,?,7.09,0,7.11,31.47,23.87,9.07,18.35,2.97,3.17,3.98,0,21.75,26.77,26.25,19.81,11.82,11.05,22.89,78.52,0,18,323,209.36,24.8,4.11,?,4.2,91.48,8.19,99.67,0.33,?,?,5.44,1.13,?,?,?,20.82,?,4.74,85.61,17.97,low
58.73,54.89,62.94,1.15,65.25,32.41,2.34,52.09,49.73,43,51.11,13.99,11.39,16.83,1.92,55.55,1.63,13.75,7.66,13.18,13.28,32.45,17.23,10.1,2.91,8.27,2.58,0,75.31,78.1,61.81,41.91,38.03,52.43,74.46,69.76,55.55,25,4357,26.89,19.9,3.85,7.72,3.87,34.19,25.91,60.09,39.91,4,1.1,3.76,1.1,?,?,?,30.53,?,3.16,81.51,23.55,high
?,?,?,?,?,?,?,?,?,?,?,?,?,?,?,?,?,?,?,?,?,?,?,?,?,?,?,?,?,?,?,?,?,?,?,?,?,?,?,?,?,?,?,?,?,?,?,?,?,?,?,?,?,?,?,?,?,?,?,?,high
0,0,0,0,0,0,0,0,0,0,0,?,?,?,?,?,0,0,4.11,?,?,?,?,?,?,?,?,?,?,?,?,?,?,?,?,?,?,?,?,0,14.03,5.21,12.86,5.98,60.97,20.38,81.36,18.64,6.31,0.48,5.16,0.46,0.28,0,0.88,0,16.78,5.21,87.12,11.08,middle
9.51,11.09,8.01,0.72,95.36,4.64,0,41.9,66.1,0,43.03,1.68,1.89,1.48,0.78,46.89,?,1.94,0,24.52,0,30.03,2.01,10.65,3.74,16.01,0,12.68,57.29,40,49.55,70.73,24.6,11.76,52.45,0,39,28,954,?,?,1.28,13.02,1.29,0,0,0,0,?,0,1.16,?,?,0,0.05,?,?,?,97.9,?,middle
2.25,3.73,0.72,0.19,?,?,0,?,?,0,15.64,?,?,?,?,?,2.15,17.62,0,?,?,?,?,?,?,?,?,?,?,?,?,?,?,?,?,?,?,16,191,264.77,?,1.85,25.62,1.9,?,?,?,?,?,?,1.85,0.52,?,?,?,25.78,?,?,?,?,low
6.51,6.78,12.84,1.89,90.26,9.74,0,61.5,75.01,0,65.25,6.42,5.41,7.44,1.38,61.09,?,20.32,0.77,18.79,5.7,47.55,12.2,8.99,1.96,4.81,0,?,85.31,70.31,67.42,43.07,12.87,18.18,46.3,0,?,23,649,37.08,14.1,8.59,18.39,9.39,50.28,32.32,82.6,17.4,9.61,0.97,8.29,0.41,0.54,0.53,0.78,4.86,21.78,7.68,84.4,4.06,middle
15.5,13.74,17.24,1.26,93.16,5.13,1.7,56.25,58.68,40.97,56.11,2.23,1.18,3.24,2.74,63.89,0.68,1.48,0,45.28,1.09,29.32,1.72,10.84,6,5.09,0.67,0,75.93,29.63,59.13,48.44,47.9,28.64,70.45,78,0,18,1468,?,?,3.8,?,4.06,?,?,?,?,?,?,?,?,?,?,?,?,?,?,97.68,?,middle
30.56,31.12,30.03,0.96,58.22,38.74,3.05,52.12,48.39,40.03,50.31,17.02,16.05,17.93,1.12,50.86,1.82,23.95,5.83,10.8,9.89,32.76,15.68,22.19,0,4,0,4.31,74.89,74.57,63.2,34.12,19.36,0,64.23,73.15,51.09,?,2147,65.48,23.26,3.91,22.87,3.88,71.14,22.26,93.41,6.59,?,?,3.66,1.17,?,0.34,?,33.09,23.98,3.34,86.08,33.08,high
40.31,35.66,45.19,1.27,95.92,2.03,2.04,55.02,57.3,40.7,54.78,27.19,20.12,34.6,1.72,61.42,3.4,2.46,0.91,21.06,8.88,38.79,2.56,7.54,3.65,7.81,9.72,0,77.29,66.84,64.31,33.4,27.46,45.55,76.63,37.97,0,14,3233,32.33,21.96,4.97,10.25,5.25,52.12,30.12,82.24,17.76,5.03,1.12,4.48,0.87,0.55,0.25,0,21.1,?,4.74,90.29,19.07,middle
47.74,35.22,60.56,1.72,91.31,8.2,0,64.36,45.39,38,62.68,38.34,26.62,50.31,1.89,62.15,4.13,24.11,11.58,21.35,13.12,34.41,13.55,5.47,1.26,10.84,0,0,82.99,64.94,56.12,41.43,21.24,30.77,87.05,0,0,5,3621,30.34,23.06,6.29,16.47,6.5,88.02,7.7,95.72,4.28,6.52,0.87,5.98,0.83,0.54,0,0,17.23,?,5.74,88.25,18.92,high
9.85,11.6,7.96,0.69,98.62,0.79,0.58,38.71,34.27,35.94,38.66,?,?,?,?,?,0,0.66,0,?,?,?,?,?,?,?,?,?,?,?,?,?,?,?,?,?,?,24,963,90.82,21.98,4.41,12.71,4.44,98.53,0.32,98.82,1.15,5.6,0.99,4.03,0.77,1.57,0.22,0,20.3,?,4.44,98.03,17.68,low
14.4,16.3,12.46,0.76,75.39,22.82,1.78,41.65,47.47,34.42,42.85,7.29,8.28,6.28,0.76,45.5,0,1.09,0,?,?,?,?,?,?,?,?,100,?,?,?,?,?,?,?,?,45.5,14,1443,18.04,5.18,1.17,9.8,1.22,81.14,0.83,81.97,18.03,2.12,0.73,1.14,0.27,0.64,0.35,?,23.38,?,1.07,87.83,19.34,low
20.25,20.82,19.65,0.94,78.11,21.04,0.85,49.07,42.1,24.33,47.39,8.96,9.03,8.88,1.04,45.15,0,1.02,0,5.73,14.06,22.5,13.27,24.01,5.7,10.4,2,2.33,60.54,69.88,48.78,59.51,13.26,31.1,68.01,36.39,70.66,23,2365,34.62,11.52,4.41,20.4,4.4,?,?,82.15,17.85,?,?,4.93,0.91,?,?,0,19.38,22.82,4,90.84,18.07,middle
50.47,44.8,56.37,1.26,60.52,37.65,1.84,56.75,51.92,45.21,54.72,29.73,24.45,35.21,1.44,55.98,4.93,9.46,4.73,6.47,12.42,29.83,19,11.64,1.27,9.37,6.17,3.82,81.46,66.22,60.22,47.63,17.95,38.59,82.67,42.77,65.64,14,4383,28.24,16.66,4.26,12.82,5.06,56.08,25.51,81.6,18.4,?,?,3.99,1.04,?,?,0,28.56,?,4.42,87.43,26.51,high
52.13,43.87,60.88,1.39,75.71,21.7,2.59,57.82,53.34,52.14,56.7,29.71,22.41,37.45,1.67,57.52,?,5.87,3.11,10.65,7.6,24.66,6.82,5.67,0,3.17,0,40.97,88.77,69.14,57.84,43.84,23.43,57.14,70.51,0,53.03,?,4454,31.09,24.57,7.33,13.76,7.6,39.92,52.89,92.81,7.19,8.86,2.05,7.09,1.17,1.77,0.89,0,17.86,?,7.15,94.19,18.21,high
51.98,44.87,59.37,1.32,96.43,2.41,1.16,56.04,56.76,51.16,56,24.8,21.13,28.61,1.35,57.28,1.61,2.74,1.33,8.82,13.81,35.6,7.47,14.74,1.9,12.84,4.52,0,78.23,79.56,55.48,53.64,27.54,43.75,63.88,52.16,60.06,22,3140,24.98,27.12,4.86,9.89,4.89,52.66,30.37,83.03,16.97,5.19,0.9,4.7,0.7,0.48,0.2,0,16.36,?,4.62,94.44,16.15,high
18.11,12.16,23.92,1.97,33.6,60.66,5.74,68.24,65.97,67.84,66.84,?,?,?,?,?,2.21,11.39,2.12,?,?,?,?,?,?,?,?,?,?,?,?,?,?,?,?,?,?,24,1644,78.97,22.79,6.08,11.05,6.34,60.7,24.03,84.73,15.27,9.06,1.64,5.89,1.17,3.18,0.47,?,21.33,?,5.96,94.05,21.69,middle
49.04,52.8,45.1,0.85,72.87,25.56,1.57,37.88,65.91,26.14,44.86,33.63,40.18,26.73,0.67,49.41,1.6,1.53,0.71,6.86,17.29,25.2,2.7,19.15,2.2,11.4,11.43,3.76,76.26,72.82,33.94,25.24,12.17,40.34,71.03,78.54,54.66,8,3127,17.48,20.79,3.63,10.54,3.59,54.39,28.31,82.71,17.29,4.72,1.09,3.55,0.47,1.18,0.62,0,15.06,?,3.19,88.82,14.03,high
32.98,33.01,32.96,1,87.79,11.79,0,49.13,48.14,25.22,48.92,15.37,14.26,16.52,1.16,54.08,8.55,5.21,1.69,12.08,15.19,32.33,15.45,10.04,2.02,10.2,0,3,74.93,69.52,45.81,46.03,23.83,56.23,57.25,65.85,57.14,25,3182,?,?,4.94,20.6,5.05,51.71,24.77,76.48,23.52,?,?,4.83,0.81,?,?,0,18.66,?,?,72.62,?,middle
33.79,30.79,36.82,1.2,98.89,0,1.11,54.27,0,51.28,54.24,24.45,23.07,25.84,1.12,?,1.34,5.47,1.92,?,?,?,?,?,?,?,?,?,?,?,?,?,?,?,?,?,?,15,2964,11.36,10.76,3.05,12.09,3.22,39.97,39.94,79.91,20.09,3.91,1,3.03,0.4,0.86,0.6,0,13.11,?,?,?,?,middle
2.82,3.67,1.97,0.54,48.39,48.19,3.42,34.25,35.66,31.79,34.84,1.86,2.43,1.29,0.53,37.43,?,10.99,0,21.01,6.62,25.99,12.16,17.92,6.33,9.01,0.95,0,42.74,31.95,50.57,29.64,13.05,27.23,44.35,48.3,0,?,308,220.96,22.4,5.21,22.59,5.26,?,?,?,?,7.75,1.04,6.61,0.8,2.56,0.36,0.05,13.09,25.77,5.11,97.17,12.83,low
78.44,98.24,57.49,0.59,58.18,40.76,1.06,35.72,35.77,24.64,35.63,28.34,29.18,27.44,0.94,48.57,0,2.48,1.88,7.16,17.73,21.17,7.71,32.38,2.21,7.83,3.8,0,75.82,68.33,48.2,47.27,28.09,34.15,69.23,50.15,0,21,6421,5.05,15.59,4.31,14.72,4.32,54.93,23.47,78.39,21.61,7.27,2.31,4.15,0.26,3.12,2.05,0,8.07,?,3.38,80.02,6.77,high
21.84,15.3,29.06,1.9,96.95,0,3.05,64.12,0,35.85,63.26,?,?,?,?,?,?,11.88,2.97,?,?,?,?,0,0,?,0,?,?,?,?,?,0,0,?,0,?,15,1560,134.78,30.89,6.59,14.77,5.59,51.07,31.45,82.52,17.48,7.71,2.19,6.55,2.19,1.16,0,0,33.45,?,5.37,93.56,29.5,high
40.19,39.32,41.06,1.04,99.11,0,0.89,50.7,0,61.97,50.8,18.46,17.31,19.62,1.13,53.01,5.7,1.43,0.61,13.74,7.78,46.21,7.6,11.85,2.49,4.72,3.53,2.08,86.51,71.26,45.83,60.36,35.67,20,62.38,23.53,63.25,19,3847,14.47,9.61,3.09,18.65,3.23,58.17,41.28,99.45,0.55,3.88,1.12,3.09,0.56,0.76,0.57,0,17.99,20.89,3.19,98.7,18.72,low
3.2,4.02,2.37,0.59,40.31,59.69,0,35.17,37.45,0,36.53,1.75,2.27,1.21,0.53,34.13,0.74,6.2,0,18.81,18.98,19.36,3.18,11.29,10.5,6.19,5.44,6.26,42.36,43.96,31.98,34.41,10.3,23.45,48.07,18.87,46.45,12,317,108.23,6.93,1.99,8.85,2.07,?,?,?,?,4.51,0.2,2.71,0.34,1.09,0.11,1.18,17.13,10.8,1.09,52.75,7.04,low
63.3,47.83,79.11,1.65,88.21,10.57,1.22,63.18,51.05,55.5,61.8,50.72,28.41,73.37,2.58,55.4,7.7,2.87,1.87,19.7,5.82,56.66,5.08,7.1,0.66,2.2,2.79,0,76.23,82.91,48.45,56.88,29.91,49.63,84.3,32.86,0,19,4331,19.65,22.25,5.48,16.13,5.47,83.33,16.67,100,0,6.17,1.25,5.01,0.63,1.11,0.57,0.05,15.63,?,?,94.02,?,middle
38.96,37.95,39.95,1.05,88.26,10.84,0.9,53.7,38.92,32,51.9,18.13,15.33,20.8,1.36,53.36,11.02,6.72,2.67,3.3,18.78,41.58,8.85,14.23,0.76,10.02,2.25,0,86.35,69.25,53.42,48.18,22.18,56,63.38,43.36,50,14,3944,20.12,10.19,2.91,11.11,2.93,97.8,1.78,99.57,0.43,?,?,2.61,0.74,?,?,?,28.46,?,2.82,96.27,29.38,middle
2.37,1.78,2.94,1.65,59.54,40.46,0,51.58,67.56,0,63.46,1.06,?,?,?,?,1.9,74.17,2.04,53.05,10.87,27.6,4.9,0,3.58,0,0,0,0,0,0,0,0,?,0,0,0,13,278,652.19,34.02,9.74,18.52,7.75,?,?,100,0,?,?,9.74,1.82,0,0,?,18.64,20.8,7.08,91.34,19.68,low
15.58,17.68,13.44,0.76,60.8,36.57,2.63,43.29,42.09,40.83,42.78,3.92,4.47,3.36,0.75,46.23,?,1.05,0,5.3,6.1,24.27,18.33,9.07,1.85,26.78,8.3,0,37,53.15,44.76,80.53,31.82,22.31,38.91,20.38,0,61,1516,?,?,?,?,?,?,?,?,?,?,?,?,?,?,?,?,?,?,?,?,?,low
49.96,48.98,50.97,1.04,68.9,28.75,2.35,51.68,47.38,39.89,50.16,?,?,?,?,?,?,0.61,0,?,?,?,?,?,?,?,?,?,?,?,?,?,?,?,?,?,?,24,6117,23.76,?,2.67,?,?,?,?,?,?,?,?,?,?,?,?,?,52.73,?,?,68.37,68.6,middle
56.59,44.97,68.47,1.52,68.82,29.67,1.51,58.21,63.86,55.37,59.84,24.44,18.51,30.5,1.65,63.53,0,3.59,2.07,16.33,8.34,32.42,4.92,20.65,2.3,10.06,4.98,0,84.44,77.6,68.51,52.14,31.73,53.87,79.88,53.4,0,10,3884,34.22,18.91,5.89,17.13,6.26,70.84,22.75,93.59,6.41,5.52,1.17,5.52,1.17,0.46,0.45,0.06,22.68,?,6.09,97.23,22.01,middle
9.94,9.18,10.72,1.17,58.43,41.57,0,46.08,63.06,0,53.14,4.69,?,?,?,?,24,229.28,22.92,?,?,?,?,?,?,?,?,?,?,?,?,?,?,?,?,?,?,17,582,?,?,3.35,8.5,3.73,?,?,?,?,3.55,?,3.54,?,0,0,?,?,?,?,?,?,high
47.26,55.91,39.63,0.71,81.37,18.21,0,38.55,71.74,28.81,44.56,18.26,12.02,13.13,1.09,38.82,54.13,4.21,2.92,7.09,2.66,75.19,2.1,1.1,0,9.71,2.14,0,70.49,81.28,36.28,21.14,10.96,0,73.14,67.33,0,15,3156,64.32,14.7,3.13,15.99,3,?,?,?,?,?,?,2.95,?,?,?,?,28.36,16.14,?,90.98,?,high
24.39,21.1,27.83,1.32,93.93,6.07,0,56.67,42.55,0,55.81,9.61,6.75,12.61,1.87,61.83,0,9.4,2.31,19.22,13.71,20.9,10.88,16.25,4.83,10.29,3.91,0,83.15,64.76,68.99,61.79,27.74,44.13,74.02,40,0,?,?,23.74,?,3.5,15.62,3.53,89.06,9.82,98.88,1.12,?,?,3.32,0.45,?,?,?,15.01,?,?,?,?,middle
2.05,2.23,1.87,0.84,79.23,19.34,1.43,45.81,43.77,49.33,45.46,0.96,0.99,0.94,0.94,47.26,3.68,8.83,0,1.42,13.12,59.61,12.45,4.47,1.78,6.83,0,0,34.25,64.24,48.15,37.02,20,50.75,51.26,60.87,0,22,194,184.09,16.09,2.85,18.18,2.89,0,0,0,0,?,?,2.79,0.29,?,0,0.65,12.16,28.72,2.07,71.69,16.17,low
0,0.53,0,0.41,100,0,0,27.45,0,0,29.18,?,?,?,?,?,?,29.05,0,?,?,?,?,?,?,?,?,?,?,?,?,?,?,?,?,?,?,10,38,?,?,4.14,24.58,4.24,?,?,?,?,?,?,5.73,0.99,?,?,?,?,29.07,4.87,81.8,?,low
25.49,23.1,27.93,1.21,51.91,47.32,0.77,57.18,51.43,34.11,54.28,13.21,11.72,14.73,1.26,51.88,2.96,6.46,1.75,11.37,12.59,22.17,21.37,23.49,2.86,4.9,1.17,0,70.01,61.02,66.4,49.33,36.72,76.45,62.99,55.49,51.88,18,2372,113.97,30.32,7.89,19.99,8.55,21.88,26.71,53.03,51.41,7.24,2.07,7.24,2.07,0,?,?,34.25,?,5.43,63.52,32.68,middle
2.31,3.11,1.51,0.49,99.02,0,0.98,33.56,0,0,33,?,?,?,?,?,6.54,8.08,0,?,?,?,?,?,?,?,?,?,?,?,?,?,?,?,?,?,?,19,188,265,28.01,3.37,13.27,3.63,?,?,?,?,?,?,?,?,?,?,0.35,14.63,?,2.92,80.46,16.29,low
24.98,21.91,28.24,1.29,83.35,16.22,0,53.75,61.38,12.5,54.81,19.38,17.43,21.45,1.23,52.02,4.58,8.7,2.19,26.21,8.14,40.74,4.14,5.14,1.45,13.83,0,0,67.43,53.99,47.79,30.12,23.3,37.93,53.07,42.86,0,12,1894,50.37,20.64,4.62,10.09,4.59,66.29,24.29,90.58,9.42,4.9,1.1,4.02,1.04,0.49,0,0,20.58,?,4.27,95.56,20,high
16.95,14.78,19.12,1.29,13.63,86.37,0,57.02,56.32,0,56.42,?,?,?,?,?,?,?,0.8,?,?,?,?,?,?,?,?,?,?,?,?,?,?,?,?,?,?,19,1717,80.71,30.67,8.78,15.76,6.96,0,0,0,0,12.77,2.65,7.74,0.64,2.35,2.02,2.69,14.7,?,6.61,97.23,15.12,middle
3.56,5.76,1.23,0.21,94.52,5.48,0,16.61,20,0,16.79,?,?,?,?,24.79,3.79,20.84,0.78,0,11.68,17.37,4.69,0,0,0,0,66.26,0,24.67,22.79,27.87,0,0,0,0,25.12,30,342,80.12,17.4,3.28,8.31,3.38,?,?,?,?,?,?,2.34,0.12,?,?,?,14.07,12.79,3.09,91.6,4.16,low
11.26,9.6,12.97,1.35,39.91,59.32,0.77,47.3,63.67,36.46,56.93,4.02,4.43,5.37,1.21,48.05,0,50.17,5.44,36.47,19.85,10.73,9.63,17.66,5.66,0,0,0,51.49,71.88,50.79,53.98,19.15,62.43,0,0,0,13,1052,40.4,13.8,3.34,12.07,3.37,?,?,?,?,0,0,3.3,0.42,?,?,?,12.69,12.96,3.04,90.14,12.16,middle
20.5,21.17,19.85,0.94,96.94,2.62,0,49.3,41.61,38.47,49.05,15.09,14.61,15.54,1.06,51.94,0,0.8,0,17.4,2.7,42.75,9.87,14.88,2,8.5,1.91,0,66.02,57.55,55.92,45.44,23.3,41.33,62.56,47.27,0,10,2046,36.16,17.25,5.16,24.32,5.28,73.45,22.25,95.7,4.3,5.89,1,4.98,0.7,0.91,0.3,0,14.5,?,5.06,95.98,19.62,middle
32.18,28.11,36.36,1.29,79.08,19.4,1.52,55.4,57.24,51.7,55.7,?,?,?,?,56.22,2.51,7.45,2.51,?,?,?,?,?,?,?,?,?,?,?,?,?,?,?,?,?,?,14,2822,20.14,18.94,4.35,16.98,4.08,60.31,34.4,94.72,5.28,5.98,1.9,4.35,0.51,1.64,1.4,0,11.66,17.62,3.86,94.55,11.68,low
0,0,0,0,0,0,0,0,0,0,0,0,0,0,0,0,0,?,?,0,0,0,0,0,0,0,0,0,0,0,0,0,0,0,0,0,0,?,?,?,?,4.45,5.07,?,0,0,0,0,?,?,4.25,0,?,?,?,0,7.92,?,93.48,0,high
32.63,23.85,41.54,1.74,93.93,4.97,1.1,62.95,68.47,59.4,63.19,25.4,17.4,33.47,1.92,65.6,0,3.28,1.12,16.2,10.24,32.69,5.43,14.82,2.63,5.95,6.42,5.62,79.95,71.02,70.45,63.94,44.58,67.26,88.7,27.23,61.72,13,3402,37.9,29.41,8.01,22.71,8.02,38.7,61.3,97.3,2.7,9.04,1.4,9.04,1.4,0,0,0,15.46,?,8.63,95.07,15.82,low
10.32,11.69,8.96,0.77,84.19,11.06,4.75,44.18,45.41,31.61,43.72,4.92,5.59,4.27,0.76,41.88,1.45,14.74,1.58,0,27.42,47.51,18.83,2.64,0,3.1,0,0,29.41,50.95,41.28,31.48,20.53,0,54.3,0,0,18,1061,103.6,30.97,6.23,25.02,6.38,70.53,16.18,86.71,13.29,?,?,6.08,0.98,?,?,?,17.9,29.04,5.86,91.82,17.23,middle
0.67,1.27,0.59,0.47,100,0,0,32.15,0,0,32.15,0.76,0.98,0.53,0.54,35.41,?,16.13,0,7.23,17.41,49.17,11.67,3.65,5.56,2.78,2.54,0,26.44,33.13,40.99,25.89,13.33,33.13,72.5,8.22,0,12,66,435.89,18.72,2.36,19.47,2.49,?,?,?,?,?,?,3.7,0.5,?,?,?,13.51,25.57,3.68,93.82,12.97,low
11.99,8.67,15.39,1.77,99.32,0,0,63.58,32.88,63.54,63.44,?,?,?,?,?,?,0,0,?,?,?,?,?,?,?,?,?,?,?,?,?,?,?,?,?,?,53,1160,28.62,?,1.26,18.12,1.26,?,?,?,?,?,?,1.26,0.33,?,?,?,26.37,?,0.84,66.5,?,low
7.07,7.69,6.44,0.84,55.25,44.7,0,54.08,35.22,16.67,45.63,7.1,6.79,7.41,1.09,46.03,8.44,58.03,3.4,70.75,1.17,19.83,1.2,0,1.2,4.65,0.83,0,50.91,63.16,24.22,43.59,0,30.77,76.82,0,0,15,691,93.47,24.55,7.92,21.04,7.84,14.32,72.38,86.7,13.3,7.89,0.94,7.89,0.94,0,0.05,0,11.96,22.33,7.28,92.84,11.17,middle
4.41,6.85,1.87,0.27,99.29,0,0.71,20.66,0,20.19,20.65,?,?,?,?,?,?,4.24,0,?,?,?,?,?,?,?,?,?,?,?,?,?,?,?,?,?,?,22,423,104.74,15.62,3.71,13,3.58,?,?,?,?,?,?,2.98,0.56,?,?,?,11.94,21.13,2.67,74.6,12.86,low
54.34,52.81,55.93,1.06,97.02,1.44,1.54,50.56,54.56,42.98,50.5,38.54,34.46,42.77,1.24,54.7,3.29,2.38,1.3,16.78,6.53,34.39,5.24,10.28,2.47,21.58,2.68,0,76,58.67,49.03,27.39,12.28,40.26,74.67,53.54,41.18,11,3171,40.28,22.36,4.78,10.71,4.75,71.02,21.86,92.88,7.12,4.69,1.24,4.27,0.97,0.43,0.27,0,26.46,?,4.59,96.74,26.85,high
67.87,55.48,80.56,1.45,72.71,25.36,1.93,58.41,60.11,47.68,58.63,40.98,30.66,51.54,1.68,61.37,6.23,3.88,2.77,15.99,17.94,26.11,12.58,4.92,1.81,12.68,5.85,2.12,79.94,64.26,56.92,41.63,30.31,41.75,80.76,57.78,51.49,15,4605,37.53,24.82,6.78,16.1,7.26,?,?,?,?,5.65,0.9,5.62,0.9,1.16,0.58,0,24.67,?,7.24,99.78,24.72,high
17.41,16.73,18.09,1.08,95.49,4.51,0,51.82,59.33,0,52.16,3.08,2.5,3.65,1.46,61.35,?,1.82,0,?,?,?,?,?,?,?,?,?,?,?,?,?,?,?,?,?,?,15,1907,?,?,3.8,13.62,4.04,90,10,100,0,?,0,3.1,?,0.45,0,0,?,?,2.96,90.8,?,middle
0.94,1.52,0,0.31,64.66,34.6,?,21.04,45.53,?,27.42,?,?,?,?,?,1.55,14.36,0,?,?,?,?,?,?,?,?,?,?,?,?,?,?,?,?,?,?,15,68,?,?,2.33,18.58,2.35,?,?,?,?,?,?,2.33,0.38,?,?,?,16.24,?,?,?,?,low
9.62,12.56,6.67,0.53,57.88,40.8,1.32,26.44,45.93,38.59,34.55,1.74,1.78,1.69,0.95,44.12,?,1.06,0,?,?,?,?,?,?,?,?,?,?,?,?,?,?,?,?,?,?,13,1002,?,?,0.89,?,0.99,?,?,?,?,?,?,?,0.64,?,?,?,?,?,?,85,?,low
70.3,56.21,84.95,1.51,90.54,7,2.46,61.12,42.09,39.24,59.25,44.24,32.94,55.96,1.7,58.84,4.65,7.8,5.42,18.49,6.56,26.02,8.34,7.75,1.2,22.52,3.31,5.82,76.2,61.9,50.77,29.68,20.6,48.83,82.14,37.82,52.84,12,4221,43.94,26.72,7,16.09,7.05,57.97,32.45,90.42,9.58,6.12,1.28,6.12,1.28,0.08,0,0,26.43,?,6.47,91.83,26.96,high
14.17,15.76,12.38,0.79,82.11,16.99,0.9,41.79,41.24,21.75,40.95,?,?,?,?,49.29,?,11.61,1.54,?,?,?,?,?,?,?,0,?,?,?,?,?,?,?,?,0,?,16,1465,29.5,17.25,3.92,21.48,4.06,95.01,1.64,96.65,3.35,?,?,3.92,0.37,?,?,?,9.47,26.58,3.48,85.5,11.07,middle
2.54,2.8,2.27,0.81,97.81,0,2.12,43.43,32.59,31.04,43.16,?,?,?,?,?,0,4.28,0,?,?,?,?,?,?,?,?,?,?,?,?,?,?,?,?,?,?,9,264,?,?,1.84,6.42,1.85,?,?,?,?,?,?,2.25,?,?,?,?,?,6.46,2.34,88.93,?,low
40.61,26.76,57.77,2.16,100,0,0,63.54,0,0,63.54,?,?,?,?,?,2.29,68.67,28.99,?,?,?,?,?,?,?,?,?,?,?,?,?,?,?,?,?,?,11,2509,81.45,33.25,9.7,?,9.26,?,?,?,?,?,3.38,8.7,1,?,0,?,20.66,?,?,?,?,middle
43.31,32.04,54.95,1.71,86,13.98,0,66.16,39.27,66.67,62.4,22.61,13.71,31.8,2.32,66.41,?,1.47,0.65,28.71,5.1,37.75,2.97,15.1,0.65,6.44,2.48,0.81,76.24,72.89,68.74,60.69,36.19,34.86,77.81,72.95,68.15,14,3920,29.34,14.64,4.35,7.29,4.58,55.16,41.25,96.4,3.6,?,?,4.17,1.15,0,0,0.12,26.45,11.5,4.42,96.49,26.43,middle
17.65,14.87,20.51,1.38,79.09,20.64,?,54.71,68.62,?,57.22,6.71,5.23,8.23,?,66.33,?,1.25,0,?,?,?,?,?,?,?,?,?,?,?,?,?,?,?,?,?,?,?,1724,48.74,16.46,5.05,9.7,5.04,91.15,7.53,98.68,1.32,7.38,1.44,5.03,0.85,2.35,0.59,0,17.08,?,4.81,95.43,15.21,middle
31.91,32.39,31.42,0.97,52.87,45.94,?,42.96,55.68,?,48.78,?,?,?,?,?,?,0.87,0,?,?,?,?,?,?,?,?,?,?,?,?,?,?,?,?,?,0,15,3126,21.16,9.23,2.93,23.5,2.99,50.91,34.64,85.55,14.45,4.25,1.14,2.93,0.66,1.32,0.48,0,22.58,?,2.82,94.2,22,middle
30.49,26.54,34.37,1.3,89.97,9.57,0,55.62,54.6,62.5,55.57,18.19,13.63,22.9,1.68,60.65,0,0,0,20.47,2.51,34.3,11.01,10.29,3.47,6.89,4.24,7,77.2,59.15,69.84,60.77,32.04,54.29,75.55,14.58,60.65,26,3210,13.94,11.4,3.24,14.03,3.04,71.79,23.62,95.41,4.59,5.43,1.31,3.21,0.43,2.22,0.88,0,13.73,?,2.8,92.32,14.21,middle
55.05,45.43,65.01,1.43,97.55,1,1.44,57.99,81.25,44.16,58.02,40.03,29.47,50.9,1.73,65.91,0,1.11,0.63,12.61,7.36,35.93,3.48,6.92,1.67,1.9,2.82,27.31,77.25,77.28,66.65,58.45,23.99,55.69,67.06,49.39,70.46,20,4593,18.04,21.05,5.34,12.29,5.37,69.02,27.14,96.16,3.84,5.88,1.22,5.27,0.82,0.61,0.4,?,15.69,?,5.13,93.81,19.94,middle
51.1,43.26,59.18,1.37,93.89,2.99,3.11,57.01,57,57.02,57.01,35.31,21.85,49.26,2.25,67.16,3.96,2.99,1.46,22.06,8.31,28.93,5.41,12.85,2.07,15.58,4.78,0,85.79,67.02,65.72,57.11,34.23,61.25,78.75,54.79,0,11,3792,27.37,26.26,5.6,12.74,5.76,67.33,19.71,87.04,12.96,5.57,1.05,5.49,0.97,0.08,0.08,0,18.39,?,5.45,94.64,16.88,high
28.48,25.9,31.19,1.2,90.79,9.21,0,52.53,63.22,0,53.51,16.99,15.34,18.72,1.22,54.81,2.19,3.15,0.85,4.39,11.5,42.83,5.68,18.41,3.32,7.18,4.07,2.61,71.48,67.94,60.84,64.6,26.66,39.12,61.78,57.45,44.05,19,2411,32.59,16.16,3.28,?,3.31,51.44,36.16,87.6,12.4,3.81,0.88,3.14,0.71,0.16,0.14,0.13,23.91,?,3.05,92.19,21.8,middle
60.89,53.11,68.88,1.3,65.63,32.68,1.69,56.66,54.75,43.8,55.82,26.08,?,?,?,?,0.89,0,0,7.58,5.19,44.92,5.88,19.67,4.31,5.95,2.71,3.78,?,?,?,?,?,?,?,?,?,14,5584,11.82,?,3.11,11.48,3.15,?,?,?,?,3.84,0.65,3.84,0.65,?,?,?,17.02,?,?,?,?,middle
1.7,2.41,1.08,0.45,96.39,3.61,0,34.61,21.74,0,33.66,0.99,1.08,0.9,0.84,42.23,0.72,12.12,0,?,?,?,?,?,?,?,?,?,?,?,?,?,?,?,?,?,?,10,160,657.63,13.96,2.75,12.25,2.77,?,?,?,?,?,?,2.75,0.95,?,?,?,34.65,15.56,3.48,91.51,34.27,low
0,0,0,0,0,0,0,0,0,0,0,0,0,0,0,0,0,0,11.97,0,0,0,0,0,0,0,0,0,0,0,0,0,0,0,0,0,0,?,?,0,17.64,8.1,20.13,9.18,0,0,51.4,48.6,8.83,0,8.1,0,0,0,0.73,0,15.53,5.12,55.72,0,middle
12.88,8.41,17.27,2.05,90.69,9.31,0,66.99,74.35,0,67.67,1.35,0.86,1.83,2.14,76.92,0,57.92,6.21,?,?,?,?,?,?,?,?,?,?,?,?,?,?,?,?,?,?,12,1307,0,15.57,7.67,21.27,8.24,0,0,99.77,0.23,?,?,4.79,0,?,?,0.07,11.11,21.55,6.26,78.54,14.15,middle
0,0,0,0,0,0,0,0,0,0,0,0,0,0,0,0,0,0,3.63,?,?,?,?,?,?,?,?,?,?,?,?,?,?,?,?,?,?,?,?,?,26.48,9.5,17.04,9.99,0,98.02,98.02,1.98,7.32,0,7.32,0,?,0,0,3.71,26.3,9.64,92.96,5.48,middle
7.5,7.74,7.22,0.93,19.59,80.41,0,39.83,45.46,0,44.36,1.57,1.7,1.43,0.84,43.1,11.2,33.67,2.53,18.72,8.13,30.54,12.81,5.67,9.85,1.23,5.91,7.14,78.95,66.67,31.45,34.62,0,30,100,0,65.52,8,658,214.19,14.87,4.29,14.61,4.29,?,?,?,?,?,?,3.98,1.15,?,?,?,33.22,?,3.98,99.17,36.7,middle
22.28,18.85,26.2,1.39,85,12.86,2.13,58.15,36.18,37.53,54.89,11.65,9.2,14.52,1.58,58.28,1.87,2.05,0,41.45,27.52,15.1,7.95,1.4,0,5.92,0,0,78,28.77,38.98,44.72,7.34,0,44.17,60.47,58.4,21,2012,?,?,7.77,24.79,7.79,?,?,?,?,?,?,?,?,?,?,?,?,?,?,94.4,?,middle
5.03,?,?,?,92.14,5.45,2.41,?,?,?,?,?,?,?,?,?,4.42,20.38,0.77,?,?,?,?,?,?,?,?,?,?,?,?,?,?,?,?,?,?,?,464,270.21,32.82,3.52,18.93,3.58,?,?,?,?,?,?,5.43,1.37,?,?,?,25.24,?,3,83.78,26.1,low
36.25,32.95,39.68,1.2,75.27,24.39,0,55.44,48.59,35.71,53.7,10.82,8.67,13.06,1.51,58.19,0,5.81,2.09,8.15,9.35,20.62,6.61,24.01,5.01,13.03,7.61,5.61,90.64,77.32,62.79,66.8,35.26,44.82,71.39,37.36,59.7,18,2502,?,?,3.29,?,3.29,?,?,?,?,?,?,?,?,?,?,?,?,?,?,55.71,18.58,middle
0,0,0,0,0,0,0,0,0,0,0,0,0,0,0,0,0,0,5.08,0,0,0,0,0,0,0,0,0,0,0,0,0,0,0,0,0,0,?,?,?,19.14,5.19,11.61,5.75,0,0,0,0,?,?,4.28,0,?,?,0,17.44,?,5.26,91.39,19.08,middle
2.16,3.09,1.24,0.4,43.85,56.15,0,16,38.76,0,28.78,1.8,1.64,1.95,1.19,43.79,?,7.57,0,67.88,15.7,5.69,1.96,0.64,4.92,2.68,0.53,0,41.46,43.92,49.86,72.95,25,52.12,56.29,48.48,0,8,195,?,?,4.65,?,4.8,?,?,?,?,?,0,363.74,?,?,?,?,?,?,4.75,99.11,20.46,low
20.45,23.92,17.05,0.71,?,?,?,?,?,?,?,?,?,?,?,?,?,?,10.41,?,?,?,?,?,?,?,?,?,?,?,?,?,?,?,?,?,?,?,?,?,?,3.67,18.22,3.7,?,?,?,?,?,?,?,?,?,?,?,22.55,?,2.7,72.89,22.97,high
30.37,29.04,31.76,1.09,90.42,4.17,5.41,50.83,77.94,38.35,51.29,24.51,23.06,26.02,1.13,54.16,1.17,6.48,1.93,16.76,5.74,26.89,8.69,16.94,3.92,13.79,7.28,0,74.89,55.67,58.65,34.03,31.62,36.93,78.08,29.06,0,12,2665,30.63,16.8,3.99,9.92,4.05,50.77,39.49,90.26,9.74,4.06,0.89,3.85,0.73,0.11,0.05,0.1,20.53,?,3.8,93.87,19.57,middle
60.98,51.89,70.68,1.36,51.16,48.84,0,59.29,52.75,0,56.09,16.28,11.38,21.52,1.89,59.36,0.94,2.33,1.39,11.3,6.68,42.76,3.64,16.64,2.86,10.7,5.42,0,87.68,71.54,65.77,35.7,21.7,43.44,79.35,35.23,0,32,4652,28.8,27.15,6.08,12.45,6.07,63.49,27.93,91.42,8.58,6.31,1.33,5.32,0.98,0.84,0.3,0,21.76,?,5.55,92.43,23.72,high
14.44,13.42,15.47,1.15,84.77,14.26,0.97,51.43,66.65,38.03,53.47,6.15,5.52,6.78,1.23,57.03,6.96,0.84,0,21.23,5.89,45.01,9.29,6.96,1.9,8.28,1.43,0,74.76,49.86,53.53,39.14,13.25,35.57,50.39,78.4,0,17,1428,52.43,17.12,5.29,23.45,5.42,91.23,7.22,98.45,1.55,?,?,5.29,0.77,0,0,?,14.51,28.22,5.27,97.18,14.91,middle
60.82,56.49,65.35,1.16,85.72,10.87,3.41,53.42,48.96,39.6,52.47,34.97,28.04,42.24,1.51,57.22,2.18,82.34,57.42,12.1,9.43,32,10.51,16.24,2.27,11.94,5.4,0,79.43,62.82,62.46,40.82,25.14,41.86,77.12,57.84,38.13,15,4503,21.47,20.82,4.24,11.25,4.31,64.38,15.6,79.98,20.02,4.7,1.17,4.13,0.89,0.57,0.29,0,22.8,?,3.96,91.99,19.42,high
4.42,5.69,3.1,0.55,?,?,?,?,?,?,?,?,?,?,?,?,0,?,0,?,?,?,?,?,?,?,?,?,?,?,?,?,?,?,?,?,?,?,?,?,?,3.19,8.41,3.26,?,?,?,?,?,?,?,?,?,?,?,?,?,?,73.65,?,middle
6.19,6.45,5.93,0.92,?,?,?,?,?,?,47.18,?,?,?,?,?,?,1.46,0,?,?,?,?,?,?,?,?,?,?,?,?,?,?,?,?,?,?,46,634,?,?,6.01,2.75,6.39,?,?,?,?,?,?,?,?,?,?,?,?,?,?,?,?,low
12.43,9.47,15.37,1.62,62.67,37.33,0,49.08,83.57,0,61.96,?,?,?,?,?,?,19.87,2.62,?,?,?,?,?,?,?,?,?,?,?,63.3,?,?,?,?,?,?,9,1185,?,?,5.94,?,6.1,?,?,?,?,?,?,?,?,?,?,?,?,?,?,99.62,9.06,middle
4.25,4.11,4.75,1.16,81.52,18.48,0,49.07,0,0,54.59,5.11,5.45,4.79,0.88,48.33,2.54,38.96,1.71,26.44,11.6,32.75,4.55,0,14.75,9.93,0,0,44.21,53.6,42.49,48.98,0,43.4,79.44,0,0,16,465,311.93,23.09,8.74,19.51,8.53,?,?,?,?,?,?,4.19,0.4,?,?,?,16.26,17.66,7.02,82.27,18.38,middle
70.29,56.27,84.97,1.51,90.45,3.77,5.78,60.43,48.92,44.31,59.07,33.65,26.02,41.62,1.6,58.55,7.35,4.34,3.05,15.29,6.43,21.52,10.13,21.93,1.36,20.97,2.36,0,78.73,60.73,59.72,46.45,27.52,57.12,80.25,59.41,0,12,4033,50.42,28.93,7.24,12.78,7.31,58.13,41.87,100,0,6.4,1.66,6.15,1.42,0.2,0.2,0,28.03,?,7.34,100,28.46,high
38.93,43.87,33.83,0.77,71.22,20.58,8.2,43.72,41.78,36.1,42.69,22.34,24.92,19.66,0.79,41,16.99,5.26,2.07,12.95,7.77,35.26,10.71,13.04,1.55,11.83,6.56,0,68.17,56.13,36.28,20.64,9.6,24.88,67.87,45.06,55.14,15,2279,56.46,29.79,5.52,15.11,5.23,68.03,20.43,88.45,11.55,6.04,1.24,5.35,1.24,0.46,?,0,23.11,?,4.48,85.64,17.39,high
17.89,21.66,14.02,0.65,?,?,?,?,?,?,?,?,?,?,?,?,?,?,0.51,?,?,?,?,?,?,?,?,?,?,?,?,?,?,?,?,?,?,?,?,?,?,3.86,14.2,3.98,?,?,?,?,?,?,?,?,?,?,?,?,?,?,?,?,middle
13.33,20.2,6.4,0.32,98.93,0,1.07,23.7,0,38.86,23.86,?,?,?,?,24.23,3.28,2,0,10.4,25.08,27.55,13.64,10.55,4.12,7.98,0.68,0,?,?,?,?,?,?,?,?,?,14,1275,24.82,9.07,2.38,17.8,2.49,?,?,88.26,11.74,2.78,0.33,2.78,0.33,?,?,?,12.05,20.35,2.8,96.01,11.43,low
0.69,1.2,0,0.15,70.62,25.43,3.95,32.05,25.43,40.75,13.27,0.66,0.97,0,0.36,22.25,1.89,13.42,0,6.26,10.63,28.33,1.53,24.34,7.04,2.75,0,19,26.42,14.11,24.69,11.67,7,27.8,22.22,20,40.16,10,63,?,?,2.17,11.37,2.2,?,?,?,?,?,?,?,?,?,?,?,?,?,?,87.93,?,low
39.37,37,41.77,1.13,77.99,21.86,0,53.19,50.64,51.23,52.63,16.32,12.95,19.74,1.52,55.74,0,0.97,0,?,?,?,?,?,?,?,?,100,?,?,?,?,?,?,?,?,55.74,34,3411,32.19,18.96,5.02,28.3,5.1,?,?,?,?,4.72,0.92,4.52,0.76,0.21,0.16,?,21.69,?,4.75,93.07,20.44,middle
4.12,3.13,5.18,1.66,30.24,41.72,28.04,34.25,96.02,36.31,60.49,?,?,?,?,?,?,108.19,4.46,?,?,?,?,?,?,?,?,?,?,?,?,?,?,?,?,?,?,5,450,164.29,14.19,5.8,13.85,5.79,?,?,?,?,?,?,4.58,1.08,?,?,?,21.72,?,3.77,77.52,?,middle
6.14,4.85,7.46,1.54,83.47,15.09,1.44,58.85,67.46,47.58,59.98,4.49,3.41,5.6,1.64,63.33,14.06,42.57,2.74,31.19,9.26,25.53,9.44,12.88,5.26,6.44,0,0,73.36,78.87,66.95,65.9,26.69,55.37,54.05,0,0,16,671,80.63,17.65,4.15,13.4,4.42,83.37,1.74,85.11,14.89,4.28,0.89,3.93,0.54,0.35,0.35,0,12.97,12.85,4.01,90.57,11.28,middle
21.34,21.59,21.08,0.98,80.73,12.38,6.9,49.28,40.13,49.28,48.15,6.67,6.29,7.06,1.12,48.5,1.22,5.37,1.19,?,?,?,?,?,?,?,?,100,?,?,?,?,?,?,?,?,48.55,18,2169,70.42,24.31,6.85,18.2,7.17,51.88,22.26,75.23,24.77,6.85,1.48,6.85,1.51,0,0,?,22.05,?,5.89,88.4,19.36,middle
23.35,27.18,19.39,0.71,74.81,23.83,1.36,39.99,43.7,35.63,40.81,10.41,12.07,8.68,?,42.8,1.04,3.06,0.71,14.58,7.33,23.89,8.27,17.19,4.4,6.97,3.17,14.2,44.76,50.62,46.93,44.36,24.84,41.99,55.22,36.51,46.2,24,2356,50.07,16.8,3.65,?,3.69,60.15,19.68,79.83,20.17,3.4,1.03,3.46,1.01,0,0,?,32.16,?,3.49,94.44,28.17,middle
2.74,3.59,1.89,0.53,57.72,42.17,0,37.12,30.94,0,34.47,3.65,2.03,0.97,0.48,21.49,?,3.23,0,44.02,5.58,25.79,7,7.42,2.4,2.56,5.24,0,33.63,40.62,34.29,24.31,9.75,21.78,33.69,10.64,0,15,257,188.91,15.09,2.46,18.29,2.47,75.46,?,75.46,24.54,?,?,5.24,0.62,?,?,0.53,11.87,23.85,4,74.95,12.08,low
52.37,48.37,56.5,1.17,71.86,26.89,1.25,52.62,54.41,48.82,53.05,48.91,?,?,?,?,0.66,0.94,0,8.09,5.81,36.81,3.69,26.27,6.16,7.57,4.28,1.32,?,?,?,?,?,?,?,?,?,12,3972,37.24,17.16,4.68,17.21,4.76,22.54,60.68,83.22,16.78,?,?,6.06,1.79,?,?,?,31.88,?,?,86.65,?,low
22.56,12.83,36.44,2.84,?,?,?,?,?,?,66.57,?,?,?,?,?,?,7.11,1.81,?,?,?,?,?,?,?,?,?,?,?,?,?,?,?,?,?,?,24,1806,35.7,11.87,2.02,22.81,1.94,?,?,?,?,?,?,2.02,0.6,?,?,?,29.66,?,?,95,?,high
58.97,53.15,64.9,1.22,65.18,31.18,3.64,53.51,58.18,41.91,54.54,39.12,34.6,43.75,1.26,55.92,10.92,1.26,0.78,10.43,15.16,26.2,16.84,10.51,1.26,18.25,1.35,0,72.23,61.88,53.5,41.94,17.86,52.91,79.66,62.16,0,21,3524,23.58,21.29,4.73,11.44,4.73,0,0,0,0,5.53,1.09,4.68,0.77,0.85,0.32,0,17.24,?,?,94.91,19.63,high
69.94,60.35,79.98,1.33,76.12,21.68,2.2,56.39,55.42,42.64,55.87,32.42,27.11,37.97,1.4,57.1,3.5,0,0,11.52,11.99,39.67,9.19,8.28,2.26,12.65,4.34,0,76.37,61.46,55.5,43.63,18.86,48.17,79.11,50.44,56.11,13,4785,31.38,24.47,5.75,17.15,5.65,60.24,29.12,89.36,10.64,7.49,2.78,5.18,0.95,2.3,1.84,0,26.3,?,?,90.49,?,high
37.08,26.48,48.02,1.81,78.25,21.65,?,59.99,77.23,?,63.72,6.8,5.4,8.24,1.53,70.99,2.15,1.6,0.57,?,?,?,?,?,?,?,?,100,?,?,?,?,?,?,?,?,70.99,8,2877,22.69,12.26,3.15,12.77,3.22,76.8,15.23,94.26,7.97,3.43,0.68,3.15,0.66,0.22,0,0.06,21.07,?,2.65,94.85,20.47,middle
15.24,16.96,13.5,0.8,58.96,40.23,0.81,38.91,51.38,38.91,43.93,?,?,?,?,?,?,3.24,0.56,?,?,?,?,?,?,?,?,?,?,?,?,?,?,?,?,?,?,16,1517,?,?,9.37,17.81,?,?,?,?,?,?,?,?,?,?,?,?,?,?,?,84.8,?,low
3.93,6.3,3.58,0.57,98.81,0,1.19,36.21,0,36.36,35.42,?,?,?,?,36.21,?,?,1.04,?,?,?,?,?,?,?,?,?,?,?,?,?,?,?,?,?,?,25,346,297.9,38.24,9.84,26.71,10.01,0,0,0,0,9.5,1.03,8.5,0,0.53,0.53,0.47,10.46,24.85,5.94,59.33,8.5,middle
37.84,36.25,39.49,1.09,58.26,37.5,4.24,47.34,57.58,?,51.35,11.5,8.88,14.19,1.6,60.3,0,1.01,0,18.27,0.6,42.86,6.96,19.49,1.25,7.33,3.25,0,85,48.35,65.51,53.08,39.14,37.76,78.79,40.68,0,12,3729,?,?,4.65,17.04,4.7,?,?,?,?,?,?,?,?,?,?,?,?,?,?,?,?,middle
9.52,10.93,8.08,0.74,71.04,26.59,2.37,51.02,19.05,31.8,42.06,?,?,?,?,42.38,0,1.27,0,34.18,4.34,29.71,0,21.25,4.78,2.74,0,2.99,59.86,25.64,44.54,0,19.99,29.84,26.45,0,39.03,23,952,?,?,1.8,9.73,1.91,?,?,?,?,?,?,?,?,?,?,?,?,?,?,90.79,?,low
?,?,?,?,?,?,?,?,?,?,?,?,?,?,?,?,?,?,?,?,?,?,?,?,?,?,?,?,?,?,?,?,?,?,?,?,?,?,?,?,?,?,?,?,?,?,?,?,?,?,?,?,?,?,?,?,?,?,?,?,high
?,?,?,?,?,?,?,?,?,?,?,?,?,?,?,?,?,?,?,?,?,?,?,?,?,?,?,?,?,?,?,?,?,?,?,?,?,22,2557,?,?,?,?,?,?,?,?,?,?,?,?,?,?,?,?,?,?,?,?,?,middle
10.15,15.59,4.36,0.28,85.07,14.92,0,22.09,13.27,5.88,20.77,?,?,?,?,?,?,2.17,0,?,?,?,?,?,?,?,?,?,?,?,?,?,?,?,?,?,?,33,996,?,?,9.63,32.78,10.48,?,?,?,?,?,?,?,?,?,?,?,?,?,?,?,?,low
2.34,3.2,1.48,0.46,58.44,40.8,0.76,37.68,23.3,14.44,31.63,?,?,?,?,?,?,9.44,0,?,?,?,?,?,?,?,?,?,?,?,?,?,?,?,?,?,?,?,229,168.25,11.26,1.99,14.8,2.09,9.84,85.4,100,0,?,?,1.93,0.41,?,?,0.86,19.41,16.78,3.04,99.11,18.21,low
4.15,5.27,3.04,0.58,29.7,67.07,?,28.77,40.61,?,36.69,?,?,?,?,0,?,30.61,1.11,?,?,?,?,?,?,?,?,?,?,?,?,?,?,?,?,?,0,?,469,195.16,17.17,4.57,?,4.73,?,?,?,?,4.55,?,4.55,0.66,?,?,0,16.57,?,?,99.22,0,low
