'Gross enrolment ratio.  ISCED 5 and 6.  Total','Gross enrolment ratio.  ISCED 5 and 6.  Male','Gross enrolment ratio.  ISCED 5 and 6.  Female','Gender parity index for gross enrolment ratio. Tertiary','Distribution of students (\%).  ISCED Level 5A','Distribution of students (\%).   ISCED Level 5B','Distribution of students (\%).   ISCED Level 6','Percentage of female students.  Tertiary ISCED 5A','Percentage of female students.  Tertiary ISCED 5B','Percentage of female students.  Tertiary ISCED 6','Percentage of female students.  Total tertiary','Gross completion rate-ISCED 5A-first degree. Total','Gross completion rate-ISCED 5A-first degree. Male','Gross completion rate-ISCED 5A-first degree. Female','Gender parity index for gross completion rate-ISCED 5A-first degree','Percentage of female graduates in tertiary education','Inbound mobility rate.  Total','Outbound mobility ratio (\%)','Gross outbound enrolment ratio','Percentage of tertiary graduates in education','Percentage of tertiary graduates in humanities and arts','Percentage of tertiary graduates in social sciences-business and law','Percentage of tertiary graduates in science','Percentage of tertiary graduates in engineering-manufacturing and construction','Percentage of tertiary graduates in agriculture','Percentage of tertiary graduates in health and welfare','Percentage of tertiary graduates in services','Percentage of tertiary graduates in unspecified programmes','Female tertiary graduates as percentage of all graduates in education','Female tertiary graduates as percentage of all graduates in humanities and arts','Female tertiary graduates as percentage of all graduates social sciences-business and law','Female tertiary graduates as percentage of all graduates in science','Female tertiary graduates as percentage of all graduates in engineering-manufacturing and construction','Female tertiary graduates as percentage of all graduates in agriculture','Female tertiary graduates as percentage of all graduates in health and welfare','Female tertiary graduates as percentage of all graduates in services','Female tertiary graduates as percentage of all graduates in unspecified programmes','Pupil-teacher ratio. Tertiary','Tertiary students per 100 000 inhabitants','Public expenditure per pupil as a \% of GDP per capita. Tertiary','Public expenditure per pupil as a \% of GDP per capita. All levels','Public expenditure on education as \% of GDP','Public expenditure on education as \% of total government expenditure','Public expenditure on education as \% of GNI','Educational expenditure by nature of spending as a \% of total educational expenditure on public institutions. Tertiary. Salaries','Educational expenditure by nature of spending as a \% of total educational expenditure on public institutions. Tertiary.Other current expenditure','Educational expenditure by nature of spending as a \% of total educational expenditure on public institutions. Tertiary. Total current expenditure','Educational expenditure by nature of spending as a \% of total educational expenditure on public institutions. Tertiary. Capital','Total expenditure on educational institutions and administration as a \% of GDP. All sources. All levels','Total expenditure on educational institutions and administration as a \% of GDP. All sources. Tertiary','Total expenditure on educational institutions and administration as a \% of GDP. Public sources. All levels','Total expenditure on educational institutions and administration as a \% of GDP. Public sources. Tertiary','Total expenditure on educational institutions and administration as a \% of GDP. Private sources. All levels','Total expenditure on educational institutions and administration as a \% of GDP. Private sources. Tertiary','Total expenditure on educational institutions and administration as a \% of GDP. International sources. All levels','Educational expenditure in tertiary as \% of total educational expenditure','Public current expenditure on education as \% of total current government expenditure','Current expenditure on education as \% of GNI','Public current expenditure on education as \% of total public education expenditure','Percentage distribution of public current expenditure on education by level. Tertiary','GNI per capita - class'
?,?,?,1.38348,?,?,?,?,?,?,55.65374,?,?,?,?,64,?,19,8,?,?,?,?,?,?,?,?,?,?,?,?,?,?,?,?,?,?,?,3883.188795,?,?,?,?,?,?,?,?,?,?,?,?,?,?,?,?,?,?,?,?,?,middle
77,76,79,1.44424,?,?,?,?,?,?,58.30315,?,?,?,?,61,0.57189,2,1,2.05985,18.964,41.43936,14.16951,13.81629,2.16619,5,2.62197,0,72.28027,76.64731,63.95216,65.13581,32.04893,50.84746,62.81233,30.99952,0,?,3087.38245,?,?,?,?,?,?,?,?,?,?,?,?,?,?,?,?,?,?,?,?,?,middle
65,73,57,?,?,?,?,?,?,?,?,?,?,?,?,?,?,?,0,?,?,?,?,?,?,?,?,?,28.46528,32.71605,37.36413,?,?,?,?,0,0,?,?,?,11.60155,3.5,8.52119,3.9,?,?,?,?,?,?,?,?,?,?,?,?,11.36752,3.55085,92.0196,?,middle
84,84,84,2.50314,7.52137,92.47863,0,77.27273,73,0,73.58974,1.79856,0.60976,2.86104,4.6921,81,14.01709,56,9,41.08108,4.86486,34.05405,9.18919,0,0,11,0,0,75,77.77778,84.12698,70.58824,0,0,100,0,0,?,1341.235542,?,?,?,?,?,?,?,?,?,?,?,?,?,?,?,?,?,?,?,?,?,high
?,?,?,1.54497,84.66039,14.34799,0.99162,54.302,71,38.64734,56.57896,39.15427,30.10275,49.78489,1.65383,61,2.74833,4,2,16.15908,26.02994,19.09034,7.51671,8.39952,3.64836,13,2.23416,4,83.06223,66.20569,57.00389,48.53668,29.18367,39.4675,76.64594,17.13555,50.2381,?,4930.831693,7.67896,15.84696,3.2,11.52024,3.1,?,?,?,?,?,?,3.17472,0.3262,?,?,?,11.65396,?,?,?,?,middle
110,107,113,1.36547,78.79487,17.51893,3.68621,56.37931,56,50.40167,56.08513,60.10397,47.6874,73.45035,1.54025,57,21.24822,1,1,8.19286,10.41552,44.52733,8.8194,7.76391,1.00035,16,3.09803,0,74.05804,63.04573,55.24806,34.86976,23.02092,48.08864,76.07656,55.12522,62.33766,?,5785.04711,21.51886,20.52252,5.6,?,5.8,54.29341,32.72912,87.02252,12.97748,6.64688,1.76448,4.92674,0.81997,1.72015,0.94451,0,22.27661,?,5.08937,87.54397,24.79725,high
93,92,95,1.17162,82.08015,10.25852,7.66134,53.72642,52,47.07965,53.08821,30.64653,26.22378,35.14902,1.34035,51,19.59496,4,3,12.07672,8.63339,34.06316,9.73505,19.22279,1.81938,11,3.53326,0,79.93699,66.40625,55.68643,34.07355,18.12865,41.8251,68.77294,59.76505,53.33333,?,4173.975666,39.10568,28.59132,5.9,11.22049,5.9,56.54392,34.09492,90.63885,9.36115,5.76767,1.51981,5.24938,1.33515,0.5183,0.18466,0,27.71448,?,5.60706,94.98172,26.90855,high
70,71,68,0.98937,80.18724,19.17754,0.63521,44.88131,68,45.55749,49.38111,16.93816,18.70173,15.20638,0.8131,54,3.16831,6,1,18.47133,19.63789,29.61245,9.80622,6.78019,0,8,7.55138,0,91.17304,76.15868,25.64611,55.5489,24.19169,26.81159,78.06516,14.93002,0,?,1996.027979,19.55726,13.56971,2.8,10.03568,3,57.44185,41.09666,98.53852,1.46148,?,?,?,?,0.76368,0.15584,?,14.03889,15.87846,2.90023,97.46343,14.19375,middle
?,?,?,1.57467,?,?,?,?,?,?,54.36594,?,?,?,?,?,24.76578,12,4,?,?,?,?,?,?,?,?,?,?,?,?,?,?,?,?,?,?,?,2771.765056,?,?,?,?,?,?,?,?,?,?,?,?,?,?,?,?,?,?,?,?,?,high
97,86,108,2.37991,60.3159,38.7243,0.95979,67.94888,70,57.48031,68.5006,25.92683,12.27824,40.85802,3.32768,?,12.95345,10,6,29.47415,7.07026,40.21211,5.83297,2.91648,0,1,13.16836,?,?,83.125,75.93407,49.24242,60.60606,0,70,61.4094,0,?,4719.040215,51.54239,32.39238,7.5,13.50768,7.7,99.50951,0,99.50951,0.49049,?,?,7.02462,1.94906,?,?,0.25804,32.50573,13.63269,7.22987,94.05787,34.43212,high
97,92,102,1.44672,76.43045,22.74655,0.823,59.04351,53,58.04315,57.7495,48.6247,35.97082,62.03032,1.72446,40,1.50394,5,4,12.5702,5.30712,39.33792,2.26212,24.35419,7.85544,4,3.94602,0,66.93362,55.99624,50.37963,51.41596,15.57408,13.77886,41.45552,21.35779,0,?,5993.382508,15.46073,25.67096,5.4,16.79579,5.5,71.05408,18.56322,89.6173,10.3827,5.89058,1.21345,5.17675,0.73836,0.71383,?,0,17.1275,20.20851,4.94855,89.54231,17.54534,middle
94,93,96,1.25459,47.44548,49.54313,3.01139,51.9479,59,44.98136,55.18842,19.58652,17.65921,21.51983,1.21862,59,8.11257,3,2,12.29587,11.12345,30.72751,5.17952,10.94817,2.35459,22,1.97969,3,75.94045,61.96271,58.1556,29.62963,21.32883,50.62035,75.80589,51.697,57.08897,?,4087.058741,35.63878,29.29586,6.6,12.46998,6.4,77.37796,19.62604,97.004,2.996,6.63219,1.43909,6.25064,1.2577,0.34208,0.1432,0,22.16835,?,6.26111,97.16433,22.42525,high
80,78,82,1.64717,57.10616,42.89384,0,65.46727,57,0,61.67237,?,?,?,?,?,?,12,3,?,?,?,?,?,?,?,?,?,?,?,?,?,?,?,?,?,?,?,2270.937637,24.42553,19.94503,6.6,?,7.1,?,?,?,?,?,?,5.95082,0.29562,?,?,?,8.66601,?,?,?,?,middle
69,64,75,2.10676,0,100,0,0,67,0,67.29708,0,0,0,0,73,5.98897,94,28,13.68421,9.47368,44.21053,14.73684,7.36842,0,0,5.26316,5,92.30769,77.77778,83.33333,57.14286,0,0,0,60,80,?,1948.590381,18.44113,16.50238,2.6,13.41028,2.1,?,?,?,?,?,?,2.6078,0.35654,?,?,?,13.48375,15.07042,2.09253,98.24989,13.72393,high
65,65,66,0.61136,83.81524,16.18476,0,38.35973,27,0,36.58847,?,?,?,?,?,?,35,2,?,?,?,?,?,?,?,?,?,?,?,?,?,?,?,?,?,?,?,767.010862,86.97363,16.61233,4,9.3666,4.2,?,?,?,?,?,?,4.02431,0.6081,0,0,?,15.11068,13.20746,3.04198,72.87221,15.55051,middle
?,?,?,1.31476,?,?,?,?,?,?,55.94034,?,?,?,?,59,?,12,4,?,?,?,?,?,?,?,?,?,?,?,?,?,?,?,?,?,?,?,2733.721813,?,?,?,?,?,?,?,?,?,?,?,?,?,?,?,?,?,?,?,?,?,middle
?,?,?,?,87.0863,11.92803,0.98567,58.498,46,51.06676,56.88028,?,?,?,?,60,0,0,?,22.76259,2.23032,40.17046,5.45112,5.80692,1.78298,14,2.88872,5,76.78322,54.55261,56.72013,31.02041,27.66108,40.14011,76.89001,56.07054,53.41427,?,3356.744957,28.44258,?,5.8,18.12024,5.9,70.8659,16.00487,86.87077,13.12923,5.64855,0.88256,5.64855,0.88256,?,?,?,16.39821,?,5.5648,93.85356,16.28089,middle
81,79,83,1.32474,88.5759,10.08304,1.34106,55.45737,57,50.49351,55.51542,28.93685,23.0667,35.1932,1.52571,61,3.50418,8,5,5.47891,6.80733,51.60022,4.66765,15.16448,1.89184,7,7.64338,0,74.15561,69.73301,66.75953,54.0531,34.12508,48.03493,71.19765,51.49157,0,?,3810.392726,15.92104,23.70877,4.1,10.77236,4.2,62.75944,31.13362,93.89306,6.10694,4.05427,1.08872,3.35399,0.53688,0.62611,0.50062,0.07417,14.80771,?,4.05688,95.90845,14.52542,middle
41,43,38,0.47903,73.72865,22.63417,3.63718,31.58467,34,26.97474,31.85318,?,?,?,?,?,?,6,0,8.60396,6.48461,56.40025,19.14804,4.186,4.08056,1,0.56938,0,?,?,?,?,?,?,?,?,?,?,329.247522,219.78953,22.27341,3.8,20.82925,3.8,?,?,?,?,5.67765,0.82685,3.70573,0.63283,1.97192,0.19403,?,18.8408,33.00635,3.23341,84.12535,19.89529,low
59,62,56,0.51397,?,?,?,?,?,?,35.36848,?,?,?,?,28,6.19427,5,0,30.15075,1.36396,39.6267,8.79397,0.78966,4.80976,9,5.1687,0,22.02381,0,35.59783,36.73469,18.18182,8.95522,24.32432,30.55556,0,?,317.012705,386.41938,27.60658,6.8,25.07658,6.8,56.64831,40.47155,97.11986,2.88014,?,?,6.30243,0.73456,1.03485,0.21647,?,18.03359,27.74179,6.35989,93.07919,18.75304,low
?,?,?,0.59214,?,10.24555,?,?,37,?,37.08662,?,?,?,?,?,?,2,0,?,?,?,?,?,?,?,?,?,?,?,?,?,?,?,?,?,?,?,1360.271066,27.82781,?,2.6,?,2.7,?,?,?,?,?,?,2.60388,0.37853,?,?,0,14.5373,?,?,?,?,low
60,65,55,0.81238,80.15032,19.30414,0.54554,44.29885,47,35.27454,44.69321,?,?,?,?,?,0.84146,9,1,10.27847,6.35306,59.21343,17.02333,3.99732,0,2,0,0,?,?,?,?,?,?,?,?,0,?,1068.305546,29.45898,13.12455,3.5,17.89456,3.5,64.30049,5.42934,69.72983,30.27017,?,?,3.44077,0.30856,?,?,?,9.04275,21.70132,3.10883,88.27667,7.69638,middle
75,73,78,1.29292,?,?,?,?,?,?,55.22476,?,?,?,?,?,?,51,9,?,?,?,?,?,?,?,?,?,?,?,?,?,?,?,?,?,?,?,2080.389499,?,16.46107,5.6,14.39436,5.8,?,?,?,?,?,?,5.2371,?,?,?,0.29411,?,23.497,4.92365,84.27164,?,middle
?,?,?,0.31822,81.37659,18.62341,0,24.04185,27,0,24.52052,?,?,?,?,?,?,10,0,?,?,?,?,?,?,?,?,?,?,?,?,?,?,?,?,?,?,?,256.510406,96.20532,?,1.2,12.03796,1.2,92.97025,2.86273,95.83298,4.16702,?,?,1.10566,0.18353,?,?,?,20.47402,11.94565,1.16045,96.12125,20.88364,low
44,53,35,0.17481,?,?,?,?,?,?,14.74921,?,?,?,?,?,?,15,0,?,?,?,?,?,?,?,?,?,?,?,?,?,?,?,?,?,?,?,188.809944,258.81906,13.15065,2.5,10.12161,2.7,?,?,?,?,?,?,?,?,?,?,?,19.75874,?,1.93785,72.01858,18.40101,low
86,85,87,1.07363,56.44104,43.14838,0,53.51574,48,42.49075,50.99707,18.38291,15.28543,21.56868,1.41106,55,0.97383,1,1,18.03652,4.76826,28.24664,5.2281,14.79278,2.60742,19,7.23565,0,74.37181,56.7854,55.82248,23.04279,18.24241,43.4382,77.88299,46.53613,27.27273,?,5758.596121,16.23027,15.71285,4.2,17.81423,4.5,59.24033,35.41481,94.65514,5.34486,6.40096,2.29469,3.76918,0.53738,2.63178,1.75731,0,22.32997,?,4.22907,94.35011,23.66714,middle
70,70,70,1.08229,?,44.31694,?,?,51,?,49.70352,?,?,?,?,49,0,2,0,?,?,?,?,?,?,?,?,?,?,?,?,?,?,?,?,?,?,?,2320.895489,?,?,?,?,?,?,?,?,?,?,?,?,?,?,?,?,?,?,?,?,?,middle
82,83,82,0.9875,62.71052,34.28564,3.00384,52.62388,47,43.00264,50.50328,?,?,?,?,?,3.89974,12,7,?,?,?,?,?,?,?,?,?,?,?,?,?,?,?,?,?,?,?,3769.269098,25.91726,18.90471,3.5,20.15065,3.4,?,?,80.50691,19.49309,?,?,3.21039,0.80192,?,?,0,28.03638,22.98173,2.9743,87.2779,25.84592,high
?,?,?,0.97186,87.90881,10.11331,1.97788,50.43995,62,28.30189,51.12973,38.99224,33.22747,44.1244,1.32795,52,45.82711,6,4,4.66711,6.7922,64.30397,3.01278,1.50639,0,6,13.35575,0,67.43516,77.22772,45.70174,15.17857,16.07143,0,69.34461,67.47231,0,?,5513.386928,22.89672,13.56121,2.6,15.28786,2.9,31.10477,18.36411,49.46888,50.53112,?,?,2.36555,1.25319,?,?,?,48.4117,13.42363,2.20254,75.38139,32.4898,high
84,83,86,1.09516,67.47029,32.3908,0,53.12648,48,38.13414,51.55905,?,?,?,?,56,?,1,1,?,?,?,?,?,?,?,?,?,68.11412,52.58386,59.67112,?,?,41.5315,68.29946,0,52.43902,?,3605.183082,29.59194,17.05756,4.8,?,5,46.11624,3.64299,49.75923,50.24077,6.51952,?,4.43963,0.89153,2.0724,?,0,22.10541,?,?,?,?,middle
?,?,?,0.73892,58.82931,41.17069,0,41.96995,42,0,41.97604,?,?,?,?,44,0,66,5,12.23776,14.21911,44.05594,10.60606,1.3986,2.0979,5,0,10,44.7619,43.44262,47.3545,32.96703,8.33333,16.66667,65.11628,0,43.82022,?,745.299606,?,?,?,?,?,?,?,?,?,?,?,?,?,?,?,?,?,?,?,?,?,low
?,?,?,0.51671,?,?,?,?,?,?,33.75892,?,?,?,?,?,1.26014,5,0,?,?,?,?,?,?,?,?,?,?,?,?,?,?,?,?,?,?,?,760.252581,?,?,?,?,?,?,?,?,?,?,?,?,?,?,?,?,?,?,?,?,?,middle
84,80,88,1.34085,66.49383,31.45616,2.05001,59.0478,51,53.02734,56.30585,41.57495,30.86735,52.70608,1.7075,60,0.55921,5,3,4.83481,11.86248,44.17811,7.81501,12.29697,3.45552,7,8.66066,0,93.96864,74.16421,67.16172,52.61194,28.05312,51.30802,76.15222,32.12121,0,?,3392.027706,23.2607,23.63679,4.3,?,4.5,61.25341,26.38841,87.64182,12.35818,4.55207,1.0045,4.27708,0.75837,0.26647,0.23946,0,18.31597,?,4.16026,93.19499,16.56123,high
79,80,78,0.89696,60.05026,38.43887,1.51087,55.6365,31,51.3347,46.12664,13.93028,9.7638,18.17546,1.86151,60,31.93001,84,41,10.70651,10.05343,49.02038,6.887,6.41203,0,8,9.16287,0,84.28835,72.6378,57.4889,48.27586,29.62963,0,55.84416,65.22678,0,?,2920.489089,38.277,35.11325,7.3,15.80353,7.5,57.62099,26.76949,84.39048,15.60952,7.95939,1.55782,6.71166,1.00182,1.19263,0.51172,0.0551,20.45646,?,6.70238,89.8113,20.21903,high
87,84,91,1.39764,86.57083,7.50239,5.92678,56.61678,71,41.86567,56.81919,41.80382,30.69519,53.73043,1.75045,60,8.00084,3,2,15.11108,7.46759,34.05411,9.23439,14.1684,3.4403,9,4.51612,3,79.58068,70.51015,67.89761,38.2972,24.26092,59.88701,81.8877,45.27652,43.8476,?,4157.439615,23.02753,21.54739,4.2,9.67143,4.6,45.87483,45.30875,91.18358,8.81642,4.72911,1.2311,4.10724,0.93256,0.57388,0.25055,0,22.53438,?,4.10301,89.3184,22.48536,high
100,96,104,1.44892,84.86006,11.87681,3.26313,59.86998,48,48.01886,58.06407,49.24686,36.11438,62.89373,1.74152,58,7.53775,2,2,7.60074,13.21516,32.74309,8.27145,11.05379,1.64913,23,2.88552,0,74.47273,65.3932,52.40855,35.2417,37.78963,58.21229,80.3264,21.32822,0,?,4335.792078,?,?,?,?,?,?,?,?,?,?,?,?,?,?,?,?,?,?,?,?,?,high
77,78,75,0.90767,98.62932,0,1.36713,46.80023,91,39.1933,46.69783,25.17984,24.19883,26.19416,1.08246,?,1.85239,1,0,?,?,?,?,?,?,?,?,?,?,?,?,?,?,?,?,?,?,?,3388.803213,?,?,?,?,?,?,?,?,?,?,?,?,?,?,?,?,?,?,?,?,?,middle
71,71,70,1.15965,83.88529,16.02205,0,54.40566,53,45.32374,54.17433,9.23451,7.4561,10.88459,1.45982,59,0.50929,2,0,14.95114,3.30622,35.37948,15.3315,11.04219,1.04746,19,0,0,76.12524,57.69912,61.24711,39.0458,20.24377,29.60894,80.55728,57.14286,0,?,2412.46857,17.68409,11.4465,3.5,13.13413,3.6,?,?,?,?,4.66164,1.11009,3.4649,0.41059,1.14703,0.6995,0,12.2358,13.89414,3.15999,88.34127,13.16075,middle
25,28,22,0.37821,61.13465,38.86535,0,28.13859,26,0,27.41091,1.58282,?,?,?,?,?,9,0,24.37162,0,28.06236,11.89946,17.72192,11.96309,6,0,0,?,?,?,?,?,?,?,?,?,?,209.696335,?,?,?,?,?,?,?,?,?,?,?,?,?,?,?,?,?,?,?,?,?,low
96,89,103,1.6479,63.47467,32.67957,3.84576,61.83658,60,57.70825,60.93209,24.56826,15.17848,34.48564,2.27201,70,1.783,6,4,7.60556,12.78958,37.60818,9.83478,10.71772,1.92325,11,8.49725,0,94.13793,80.24607,75.29056,46.22222,32.38173,55.90909,92.5456,60.59671,0,?,5147.515858,23.98211,25.78551,5.7,14.00014,6,?,?,?,?,6.00868,1.61594,5.40014,1.07164,0.40644,0.34933,0.2021,21.73776,?,5.59598,93.03952,22.79828,high
53,57,50,0.42836,75.11643,24.74662,0,26.57145,40,5.94185,29.96932,4.75069,7.30751,2.21442,0.30303,26,?,1,0,33.54964,7.81815,30.13553,10.35534,4.87855,7.67589,5,0,0,33.10777,26.02193,27.14604,19.02522,13.70082,13.26479,27.05455,34.48276,9.32203,?,663.174851,24.39373,21.19415,4.7,25.37043,4.7,?,?,?,?,?,?,4.68683,0.16608,?,?,?,3.54349,30.15772,2.88223,61.41616,3.28667,low
101,97,104,1.2209,93.23086,0,6.75399,53.93137,17,52.53634,53.83161,47.81878,34.06316,62.25892,1.82775,60,4.64398,2,2,6.07921,13.3727,23.02411,7.8251,23.97748,2.19118,18,5.12388,0,81.70378,74.27021,66.38834,46.30233,21.48409,55.32677,86.4116,74.15773,0,?,5659.78142,38.51359,29.7497,6.8,12.2579,6.7,62.86022,34.71696,97.57717,2.42283,6.51215,1.92707,6.35744,1.84891,0.15472,0.07817,0,31.8473,?,6.34254,94.04495,33.00667,high
93,91,95,1.25424,71.78331,25.03838,3.1783,55.10513,56,46.58893,54.95353,?,?,?,?,?,11.5779,3,1,?,?,?,?,?,?,?,?,?,?,?,?,?,?,?,?,?,?,?,3452.336404,38.43987,25.64417,5.9,10.37763,5.7,71.55594,18.58711,90.14305,9.85695,6.30564,1.51497,5.64471,1.22436,0.63987,0.27035,0,22.62832,?,5.26464,91.59321,23.03183,high
?,?,?,1.25323,91.11698,6.05794,2.82508,55.99593,42,59.84595,55.25942,?,?,?,?,?,0.78716,8,2,3.5529,17.61223,41.62531,9.40672,8.03068,2.08662,16,1.8836,0,72.69841,84.40602,54.66739,49.40048,30.05618,24.05405,76.01713,32.33533,0,?,2373.697449,?,?,?,?,?,?,?,?,?,?,?,?,?,?,?,?,?,?,?,?,?,middle
?,?,?,?,?,?,?,47.82148,67,?,?,28.599,26.99725,30.2565,1.12073,56,?,?,2,9.31042,16.42964,22.37,12.61223,12.98086,1.52061,21,2.9536,0,77.13247,72.97248,53.76159,44.18135,18.15358,39.83012,78.59905,53.62841,68.11668,?,?,?,?,5.1,10.69161,5,59.62628,29.82624,89.45252,10.54748,5.27148,1.30662,4.50623,1.08197,0.74086,0.20026,0,27.16245,?,4.83132,97.05116,25.66129,high
?,?,?,?,62.37886,34.08367,3.53746,53.28804,44,45.21031,49.8428,26.91213,18.66567,35.71295,1.9133,60,4.18092,5,?,8.75703,13.17625,30.28325,12.1348,15.40198,4.54978,13,3.10436,0,74.25013,75.81021,64.71215,46.79747,33.78877,52.83592,72.49756,43.64176,50,?,5676.26696,?,?,?,?,?,?,?,?,?,?,?,?,?,?,?,?,?,?,?,?,?,high
?,?,?,0.33049,?,?,0,?,?,0,24.55444,?,?,?,?,?,?,6,1,?,?,?,?,?,?,?,?,?,?,?,?,?,?,?,?,?,?,?,905.918546,147.67588,?,3.7,15.32707,4.1,?,?,68.62309,31.37691,?,?,3.19494,0.8409,?,?,0,36.23715,17.32379,3.67469,90.42046,30.86761,low
70,66,74,2.47294,27.44678,72.55322,0,68.42588,72,0,70.82756,2.42924,1.61411,3.23486,2.00412,74,0.50384,10,1,38.63498,1.27971,24.86289,5.78915,8.59232,1.21877,18,1.70628,0,85.96215,76.19048,70.58824,42.10526,12.76596,65,90.47619,82.14286,0,?,1009.889,19.19028,13.44621,3.7,16.71843,3.6,71.77377,22.30802,94.08179,5.91821,?,0.3588,3.46728,0.16094,0.17535,0.17535,0.2641,5.29366,20.69801,3.37713,92.76775,5.35931,middle
74,72,77,1.14742,95.93237,4.02171,0,?,?,?,52.95977,?,?,?,?,?,0.72876,2,0,43.79055,0.99273,32.33844,2.14119,9.77809,2.7511,5,2.74461,0,?,?,?,?,?,?,?,?,?,?,2229.017882,39.91672,?,?,?,?,75.86371,1.13554,6.05722,93.94278,?,0.96255,?,0.88975,?,0.08671,0,?,?,?,?,?,middle
90,87,92,1.35457,88.70112,9.54621,1.75267,55.68966,66,48.81913,56.50623,37.94463,27.75244,48.57605,1.75033,65,4.01234,2,1,11.46699,12.50702,39.93656,6.81423,8.81428,2.40989,9,9.15394,0,80.04896,72.2029,69.3189,38.02266,22.34076,49.38847,80.42278,63.69212,0,?,3889.491054,25.23029,23.68057,4.9,9.81511,5.1,51.13089,37.43308,88.56397,11.43603,?,?,4.60027,0.84071,?,?,0,20.11094,?,4.59272,90.01347,19.58625,high
98,91,104,1.80055,96.46003,1.80599,1.73398,63.89846,45,57.1885,63.44801,61.67097,37.65903,86.4392,2.29531,67,4.92493,16,12,20.3848,10.27764,36.94593,6.57574,9.05991,0,15,1.16902,0,82.67622,69.19431,58.73434,47.40741,40.32258,63.15789,87.60064,64.58333,0,?,5675.683324,28.74169,25.14441,7.6,14.74091,9.2,85.0483,8.46847,93.51677,6.48323,7.75225,1.23433,7.00509,1.12542,0.74716,0.10891,0,21.46367,?,8.64126,93.75007,21.96016,high
66,68,65,0.72391,?,?,?,?,?,?,39.99925,?,?,?,?,?,?,1,0,?,?,?,?,?,?,?,?,?,?,?,?,?,?,?,?,?,?,?,1720.331451,68.7199,12.82124,3.3,10.49991,3.3,?,?,?,?,?,?,3.31029,1.19393,?,?,?,36.07652,?,?,?,?,middle
76,76,76,0.87207,76.1361,22.28523,1.57867,45.49371,51,35.27549,46.66196,14.64412,?,?,?,?,0,1,0,19.51568,0,38.98158,6.03977,16.72884,6.25112,6,0,6,?,?,?,?,?,?,?,0,?,?,2077.913013,23.13097,12.17584,3,17.14149,3.1,?,?,72.88275,27.11725,?,?,2.9313,0.46838,?,?,?,16.05356,?,2.71715,88.1968,13.0939,middle
106,106,107,1.06876,72.89095,22.71956,4.38949,55.28339,44,49.06059,52.38829,50.44797,44.25537,56.17627,1.26937,55,6.95277,10,7,8.46576,11.96186,30.82074,11.16814,12.03154,1.3308,16,5.13962,3,76.14937,62.98664,55.10092,41.07442,17.2482,43.80587,78.37485,43.38624,61.65192,?,4336.020647,33.16768,25.00149,6.5,9.72077,7.7,64.31858,25.19272,89.5113,10.4887,6.44,1.57269,5.92323,1.24939,0.48183,0.28836,0,22.2214,?,7.07521,91.71739,21.67909,high
?,?,?,?,78.16931,18.90432,2.92637,56.47007,52,52.70245,55.56776,38.55289,32.098,45.15653,1.40683,?,?,4,?,?,?,?,?,?,?,?,?,?,?,?,?,?,?,?,?,?,?,?,4727.136786,19.96682,18.59809,5.6,?,6.1,65.42751,16.35688,81.78439,18.21561,6.99698,1.55836,5.42915,0.84504,1.56783,0.71332,0,16.88245,?,5.77377,94.12749,17.72952,high
90,87,93,1.42192,97.81701,0,1.93027,57.73147,52,52.64342,57.61889,33.96477,27.0084,41.23429,1.52672,?,3.52984,2,1,?,?,?,?,?,?,?,?,?,?,?,?,?,?,?,?,?,?,?,3274.285988,25.7882,24.49827,4.5,?,4.5,60.37273,31.33806,91.71079,8.28921,4.70093,0.99094,4.19132,0.65481,0.46114,0.31374,0,18.76402,?,4.27097,94.46282,18.32715,high
?,?,?,?,?,?,?,?,?,?,?,?,?,?,?,?,?,9,2,?,?,?,?,?,?,?,?,?,?,?,?,?,?,?,?,?,?,?,2373.056419,58.37545,19.66251,6.4,11.47758,6.7,?,?,?,?,?,?,5.88561,1.37813,?,?,?,21.84405,?,?,?,?,middle
88,89,87,0.89325,78.27227,19.80573,1.922,42.18435,62,32.06662,45.94027,40.77422,44.72169,36.62062,0.81886,49,3.69102,1,1,7.06306,15.18981,26.72374,3.12527,17.38071,2.54646,13,8.85929,7,72.28667,69.30736,38.74211,25.61072,12.32263,37.65184,62.53957,78.66109,58.07464,?,3010.043298,25.25403,22.80604,3.8,?,3.7,44.55738,36.56488,81.12226,18.87774,5.24657,1.56147,3.57249,0.55065,1.67408,1.01081,0,20.08586,?,?,?,?,high
80,79,81,1.12752,87.38863,11.86743,0.74394,51.31217,59,32.98857,52.12451,?,?,?,?,?,11.11134,6,2,?,?,?,?,?,?,?,?,?,?,?,?,?,?,?,?,?,?,?,4084.154813,?,?,?,?,?,?,?,?,?,?,?,?,?,?,?,?,?,?,?,?,?,middle
89,87,91,1.39673,?,?,?,?,?,?,58.25807,?,?,?,?,?,1.9621,6,2,?,?,?,?,?,?,?,?,?,?,?,?,?,?,?,?,?,?,?,3738.609754,?,?,?,?,?,43.52485,42.83574,86.36059,13.63941,?,?,?,?,?,?,?,?,?,?,?,?,middle
73,72,75,1.30032,89.64706,9.50829,0.84464,54.97656,70,62.74421,56.42348,29.5203,24.78791,34.24017,1.38133,61,6.30317,2,1,20.91293,7.13071,40.38381,5.17854,9.9618,1.44646,8,7.26763,0,87.39176,63.54909,57.59829,48.78465,37.53048,27.17557,75.07868,28.2285,0,?,4783.182511,18.87649,22.64396,5.8,18.64306,6.3,72.00529,21.76923,93.77453,6.22547,5.76121,0.87215,5.76121,0.87215,0,0,0,15.51681,19.47574,5.86323,93.53433,15.55665,low
61,65,57,0.76733,37.11146,62.88854,0,33.97872,48,0,42.89192,?,?,?,?,?,0.61287,3,1,?,?,?,?,?,?,?,?,?,?,?,?,?,?,?,?,?,0,?,1849.598317,?,13.17615,3.3,13.19265,3.4,?,?,?,?,?,?,3.312,?,?,?,?,?,?,?,?,?,low
90,83,97,1.75712,81.52478,16.56347,1.91175,62.74709,63,59.47955,62.74574,47.75975,26.74837,69.68694,2.60528,71,1.56351,4,3,8.31042,7.2217,54.31155,5.03296,9.28612,0.86269,9,5.65078,0,88.48595,83.56808,75.00173,40.04491,26.93712,56.76856,92.95603,62.2,94.73684,?,5027.538982,15.86051,25.20848,5,11.33217,4.9,68.83656,20.9332,89.76977,10.23023,5.54927,1.35012,4.74264,0.70196,0.57569,0.46506,0.23094,15.88385,?,?,?,?,middle
76,77,74,1.03733,88.59226,10.62295,0.7848,53.33199,58,37.65743,53.65836,28.45036,27.32026,29.44886,1.07791,56,15.04164,7,3,4.85437,11.60136,45.77265,11.83541,13.11835,0,12,0.68192,0,88.9881,71.40722,52.28205,62.06055,25.63877,62.66667,67.14462,55.9322,0,?,4661.154382,9.74628,6.03643,1.7,7.17646,1.7,97.38037,0.35587,97.73624,2.26376,?,?,1.66886,0.4526,?,?,?,27.19232,?,1.4919,88.07617,30.17224,middle
98,93,103,1.49607,70.39226,28.15869,1.44905,60.18652,58,58.39616,59.41859,44.34603,31.4139,57.48626,1.82996,66,1.47636,4,4,11.46962,7.17046,45.82741,4.96314,16.19071,1.91197,10,2.88239,0,81.4908,75.31744,74.50211,36.51007,26.30641,57.72358,84.59222,52.00308,0,?,6126.681717,20.64924,23.03688,5.4,13.17788,5.5,58.58886,24.4451,83.03396,16.96604,5.85894,1.64645,5.11077,1.09806,0.68557,0.50102,0.06261,23.56181,?,5.17457,94.71094,21.53057,middle
78,78,78,1.11039,75.0372,18.30357,6.65923,53.07387,51,42.4581,51.91592,?,?,?,?,?,41.40625,130,24,?,?,?,?,?,?,?,?,?,?,?,?,?,?,?,?,?,?,?,1060.453336,?,?,?,?,?,?,?,?,?,?,?,?,?,?,?,?,?,?,?,?,?,high
?,?,?,0.91166,63.39396,34.31573,2.29031,47.25701,49,43.04985,47.76342,1.12397,1.13079,1.11716,0.98795,51,1.76374,6,0,0.89053,15.48884,59.55092,13.27524,4.96788,1.20221,3,0.79511,1,37.14286,61.51951,53.7492,34.88261,18.05378,43.91534,68.94866,47.2,62.17617,?,353.157746,?,?,?,?,?,?,?,?,?,?,?,?,?,0,0,?,?,?,?,?,?,low
69,68,69,0.61679,?,?,1.49573,?,?,31.81818,37.98563,?,?,?,?,?,1.13636,20,0,?,?,?,?,?,?,?,?,?,?,?,?,?,?,?,?,?,?,?,68.577393,1837.41029,?,4.4,12.10378,4.4,?,?,97.93111,2.06889,?,?,4.22029,1.16204,?,?,0,29.7982,14.61525,4.12334,93.30212,31.30388,low
?,?,?,1.22995,55.26148,42.71086,2.02766,57.63157,56,39.81507,56.51622,17.77289,13.33119,21.96842,1.6479,60,6.10022,5,2,12.32374,5.98269,30.49761,10.77582,25.88432,0.74679,10,3.40296,0,71.20729,64.31051,68.95258,57.22136,35.92366,58.57988,77.7272,62.40748,0,?,3753.809569,47.09767,19.08273,5.1,21.30359,5.3,63.04324,3.60412,66.64736,33.35264,?,?,4.66659,1.65935,?,?,?,34.45404,?,?,?,?,middle
54,60,48,0.42273,86.06321,13.76804,0,25.5807,48,10.21898,28.6902,?,?,?,?,?,?,5,0,?,?,?,?,?,?,?,?,?,?,?,?,?,?,?,?,?,?,?,580.496399,146.78978,20.61002,4.3,16.4105,4.5,?,?,81.33519,18.66481,?,?,3.97294,0.62909,0.61065,0.0563,?,19.78631,23.17652,3.75542,83.32464,19.59379,low
81,81,80,1.33681,88.27491,11.08856,0.63653,58.28195,42,30.43478,56.33764,33.56493,25.68538,41.66387,1.62209,59,0,11,4,10.46245,18.82584,38.04526,9.34733,6.82191,0,13,2.88619,1,85.26646,57.31707,60.77586,32.98246,31.25,40,69.4517,46.59091,58.82353,?,2605.80055,60.50813,34.20693,6.9,16.11281,7.5,50.37737,31.25632,81.63369,18.36631,7.168,1.35649,5.797,1.35649,1.34336,0,0,22.81373,?,6.96174,92.45265,20.77706,high
46,46,46,0.40656,97.28261,2.71739,0,28.6967,11,0,28.21959,?,?,?,?,?,?,25,1,?,?,?,?,?,?,?,?,?,?,?,?,?,?,?,?,?,?,?,402.723983,198.71343,?,4.3,15.24744,4.3,?,?,?,?,?,?,4.25851,0.80027,?,?,?,18.79216,18.45813,3.76932,86.86681,18.70563,low
81,79,82,1.20551,75.35226,24.34858,0,53.48976,57,30,54.23759,12.33492,9.97522,14.74718,1.47838,68,1.78299,22,7,29.72973,8.01726,31.93277,12.58233,5.85964,1.74881,7,1.04474,2,88.31169,76.77054,63.37127,47.83394,40.31008,53.24675,50.81967,47.82609,82.10526,?,2609.60057,13.11863,14.88575,3.7,13.68937,3.6,?,?,98.6367,1.3633,?,?,3.40659,0.29919,?,?,?,9.36454,?,3.37673,93.47993,9.91598,middle
75,75,76,0.96128,95.61091,3.65614,0.73296,50.34506,42,44.97844,50.01812,18.01518,16.52809,19.42347,1.17518,54,?,1,0,12.43289,4.0147,46.88298,6.08442,19.31333,1.60837,9,0.58135,0,72.90465,58.59045,59.59741,48.04178,28.27464,35.35771,65.51482,26.58789,69.29548,?,2415.355718,42.94839,18.26238,5.3,?,5.3,67.19755,24.279,91.47654,8.52346,6.19767,1.38059,4.98893,0.96482,1.20874,0.41578,0,19.6634,?,5.12629,96.1376,18.73072,middle
89,84,93,1.53514,96.01071,2.66817,1.32112,59.62955,84,60.82192,60.29233,45.06315,32.64018,57.56931,1.76376,65,0.60084,6,3,14.67364,10.20724,41.35804,5.43685,11.69799,2.35012,8,6.02438,0,83.08765,73.53952,64.87384,48.22581,39.88006,66.66667,84.71926,38.71907,100,?,6110.763369,5.8901,17.35255,5.4,?,5.9,?,?,?,?,?,?,4.97379,0.07349,?,?,?,6.68271,?,5.09384,86.03277,7.2034,middle
89,87,91,1.26682,?,?,?,?,?,?,54.27562,?,?,?,?,?,?,16,9,?,?,?,?,?,?,?,?,?,?,?,?,?,?,?,?,?,?,?,3835.969023,?,?,?,?,?,?,?,?,?,?,?,?,?,?,?,?,?,?,?,?,?,middle
65,68,61,0.89118,?,?,?,?,?,?,47.19384,?,?,?,?,47,1.92883,10,1,?,?,?,?,?,?,?,?,?,?,?,?,?,?,?,?,?,?,?,1409.733661,?,?,?,?,?,62.56214,23.50087,86.06301,13.93699,?,?,?,?,?,?,?,?,?,?,?,?,middle
76,77,75,0.61724,99.89572,0,0,40.67696,?,15.52163,40.65073,7.24945,?,?,?,?,?,7,1,29.59888,25.07239,29.08363,7.15807,3.72807,0.63873,4,0.72816,0,?,?,?,?,?,?,?,?,?,?,1403.817237,35.39292,14.06874,4.7,20.21654,4.7,?,?,?,?,?,?,?,?,?,?,?,10.65271,?,?,?,?,low
100,100,101,1.10957,98.58397,0,1.23582,51.90825,58,45.02735,51.83337,45.01722,38.67669,51.49304,1.33137,57,4.29679,2,1,13.37033,8.984,37.57878,6.11502,7.89236,1.47326,19,5.2674,1,79.70776,57.37858,53.2276,22.62556,19.41822,54.85036,74.78968,53.44206,56.43564,?,3917.481584,42.66886,26.0345,6,11.6472,6.1,63.88893,26.23229,90.12122,9.87878,6.25608,1.73694,5.16948,1.21682,1.03959,0.47839,0,28.04873,?,6.05637,100,28.04873,high
108,103,114,1.46469,71.66982,25.40829,2.92189,59.171,56,50.77773,58.08318,47.66176,36.8962,59.0621,1.60076,59,14.22744,2,1,11.8073,13.89381,32.87866,12.37246,6.5742,1.07075,15,5.57677,1,82.40621,62.17018,57.036,39.82716,27.18401,61.05563,78.30748,51.0819,38.19629,?,6095.334035,31.65781,24.33177,7.3,?,7.6,?,?,?,?,7.42397,1.6359,6.13521,1.11094,1.28877,0.52497,0,26.75761,?,7.19318,94.79619,28.04065,high
34,39,29,0.36711,80.08306,18.36102,1.55592,23.59214,58,11.2782,29.7555,0.93722,1.46824,0,0.32891,28,6.58049,13,0,?,?,?,?,?,?,?,?,?,?,?,?,?,?,?,?,0,0,?,107.564321,461.09071,29.60992,3.9,16.9347,4,?,?,89.79716,10.20284,4.08868,0.38247,3.72442,0.33757,0.36426,0,0,12.56922,27.66514,3.59016,90.44653,12.47898,low
98,94,102,1.61367,96.23375,0,3.31188,61.16129,66,49.98656,60.81102,45.91768,33.34703,58.91136,1.76661,61,7.00337,6,4,17.62939,8.538,29.34542,7.07284,8.88321,0.77738,22,4.89881,0,74.14051,58.67284,55.84591,36.14009,26.66864,60.67797,82.53019,45.99247,50.69444,?,4595.91774,44.29483,26.40293,6.9,15.22653,6.8,62.88627,30.54642,93.43268,6.56732,?,?,5.81291,1.27278,?,?,0,29.62594,?,6.19867,91.2702,31.18365,high
?,?,?,1.42542,79.89188,20.07481,0,47.66379,59,53.84615,49.96862,14.76033,9.71553,23.67264,2.43658,59,2.28918,13,3,8.79569,15.88758,24.58861,21.52323,17.41663,0.83734,10,0.72812,0,65.56291,75.25206,55.55227,66.54263,28.63712,56.52174,69.65812,52,0,?,2785.210906,?,?,?,?,?,?,?,?,?,?,?,?,?,?,?,?,?,?,?,?,?,high
75,72,78,1.54391,92.87573,6.98338,0,59.94737,57,48.97959,59.71779,22.46002,15.17092,30.04508,1.98044,64,?,2,1,23.55071,6.5579,37.60139,4.47734,14.80225,1.11361,7,4.95853,0,78.78965,55.06639,70.53016,48.82293,36.03715,49.79424,70.34346,54.89834,0,?,3782.250101,?,?,?,?,?,?,?,?,?,?,?,?,?,?,?,?,?,?,?,?,?,middle
69,68,71,1.40387,96.1041,3.8959,?,57.29381,69,?,57.75473,?,?,?,?,?,?,1,0,?,?,?,?,?,?,?,?,?,?,?,?,?,?,?,?,?,?,?,3486.388963,20.03378,13.66364,3.8,10.60735,4.1,?,?,91.45494,8.54506,4.83079,1.32358,3.74194,0.69218,1.08885,0.63139,0,18.53815,?,3.79083,93.52551,17.86978,middle
82,82,83,1.09368,69.20412,30.46057,0,49.13352,57,40.12849,51.58239,?,?,?,?,?,?,1,1,?,?,?,?,?,?,?,?,?,?,?,?,?,?,?,?,?,?,?,4124.583986,9.21609,8.9452,2.8,17.061,3,66.07676,16.09611,82.17287,17.82713,4.79888,1.3608,2.72138,0.37432,2.0775,0.98648,?,13.82178,?,2.34559,79.10096,14.37753,middle
89,84,95,1.5068,97.46588,0.87398,1.66014,59.09773,81,52.40391,59.17546,61.18565,43.58922,79.45816,1.82289,66,0.85429,1,1,16.30748,8.01938,42.59962,6.82924,8.90766,1.73032,9,6.2036,1,80.31583,76.12614,68.57365,45.37955,33.32854,56.22052,75.01939,55.56244,49.29153,?,5627.209926,20.92867,23.92509,5.2,11.40871,5.4,61.33113,19.2539,80.58503,19.41497,5.82275,1.51088,4.98075,1.03402,?,?,?,22.77437,?,5.08798,94.39328,23.50052,high
97,96,99,1.18874,95.57383,0,4.39933,53.27604,74,53.71215,53.30073,46.84348,36.32716,57.79568,1.59098,60,2.87623,3,2,8.65168,8.21534,29.274,6.53742,18.33378,1.6016,21,6.53996,0,84.72283,61.11799,62.60212,54.23234,30.88399,57.98253,78.28156,45.59424,0,?,3606.416488,31.42852,28.22039,5.6,10.95662,5.8,68.27174,23.26275,91.53449,8.46551,5.83651,1.45088,5.32958,0.94585,0.427,?,0.07993,20.15411,?,5.67002,97.36465,19.7606,high
95,88,103,1.47722,?,?,?,?,?,?,59.13655,?,?,?,?,?,?,?,?,?,?,?,?,?,?,?,?,?,?,?,?,?,?,?,?,?,?,?,6701.372243,?,?,?,?,?,?,?,?,?,?,?,?,?,?,?,?,?,?,?,?,?,high
?,?,?,5.49505,79.00477,20.99523,0,72.01755,29,0,63.00014,2.97251,1.00111,10.35409,10.34262,63,39.13043,21,2,5.8318,20.74893,37.3849,7.42787,16.57459,0,8,4.48128,?,61.05263,84.31953,66.99507,62.80992,35.18519,0,83.73984,12.32877,0,?,791.329778,?,?,?,?,?,?,?,?,?,?,?,?,?,?,?,?,?,?,?,?,?,high
100,105,95,0.73861,74.89568,23.46698,1.63734,39.28745,40,37.97097,39.3712,?,?,?,?,?,1.81049,4,4,?,?,?,?,?,?,?,?,?,?,?,?,?,?,?,?,?,?,?,6617.099777,?,?,?,?,?,?,?,?,?,?,?,?,?,?,?,?,?,?,?,?,?,high
64,61,66,1.34119,85.42192,13.09692,1.48116,56.10296,58,57.98755,56.42324,?,?,?,?,60,1.20921,11,4,?,?,?,?,?,?,?,?,?,?,?,?,?,?,?,?,?,?,?,3654.287882,44.82461,46.8204,9.1,22.3409,8.4,59.8458,33.83259,93.67839,6.32161,?,?,8.79377,1.41257,?,?,?,17.97629,23.13017,7.71732,91.7606,18.352,middle
82,78,85,1.35057,97.04529,0,2.89768,56.6645,82,47.97846,56.42722,52.22676,38.6908,66.33448,1.71448,63,1.34654,3,1,1.48873,8.33508,59.97609,4.80318,12.31203,1.63381,9,2.68208,0,90.38715,70.48955,68.28216,55.81919,33.43441,39.58709,72.58842,45.92186,0,?,4662.388998,?,?,?,?,?,?,?,?,?,?,?,?,?,?,?,?,?,?,?,?,?,middle
64,64,63,0.74547,95.5383,4.4617,0,43.37699,53,0,43.82313,?,?,?,?,44,?,5,0,?,?,?,?,?,?,?,?,?,?,?,?,?,?,?,?,?,?,?,578.901462,191.04373,18.26323,5,18.18686,5,74.97565,18.42863,93.40428,6.59572,?,?,4.99959,1.13821,?,?,?,22.74969,26.89212,4.22855,83.9243,25.31946,low
74,72,76,2.581,83.22352,16.77648,0,76.24848,53,0,72.27572,?,?,?,?,?,16.77648,72,9,?,?,?,?,?,?,?,?,?,?,?,?,?,?,?,?,?,?,?,1112.194682,17.07167,16.89829,4.2,10.87999,4.4,?,?,?,?,?,?,4.18319,?,?,?,0,4.5958,15.80554,4.21394,96.83648,?,middle
70,70,70,0.9744,?,?,?,?,?,?,48.82507,?,?,?,?,?,?,332,14,?,?,?,?,?,?,?,?,?,?,?,?,?,?,?,?,?,?,?,429.786566,?,33.02768,9.5,?,9.5,?,?,?,?,?,?,?,?,?,?,?,?,?,7.66075,80.66615,46.83304,middle
86,87,85,1.1657,85.64434,14.07178,0,57.23341,24,29.23977,52.42832,16.9804,11.93482,22.45493,1.88146,52,2.97388,5,2,12.33526,29.27628,14.61957,17.60256,18.17946,0,7,0,0,50.15053,71.45049,54.52505,72.56893,4.54632,20.28219,40.47341,0,0,?,3314.821967,?,?,?,?,?,?,?,?,?,?,?,?,?,?,?,?,?,?,?,?,?,high
48,49,48,0.58646,?,?,?,?,?,?,37.25056,?,?,?,?,?,?,13,1,?,?,?,?,?,?,?,?,?,?,?,?,?,?,?,?,?,?,?,711.212268,194.63698,27.43653,5.6,?,5.7,74.66485,19.78163,94.44648,5.55352,?,?,?,?,?,?,0,24.57196,?,5.21994,91.69827,25.34644,middle
79,76,81,1.29843,78.91847,19.27354,1.80798,56.87313,49,53.12195,55.31723,19.43126,14.41845,24.71302,1.71399,61,4.18173,5,2,9.42244,9.78987,37.0674,7.91825,15.73545,2.58813,9,8.32472,0,90.71411,74.85339,61.53274,44.57657,39.60887,46.58385,75.06272,47.83448,0,?,3110.114386,45.64538,28.25426,4.9,9.10966,5,63.57303,32.54302,96.11605,3.88395,?,?,4.88148,1.41962,?,?,?,29.08181,9.31916,4.87761,97.51491,28.66463,middle
81,89,72,0,0,0,0,0,?,0,0,0,0,0,0,?,0,?,6,0,0,0,0,0,0,?,0,?,0,0,0,0,0,0,0,0,0,?,?,?,?,?,?,?,?,?,?,?,?,?,?,?,?,?,?,?,?,?,?,?,middle
?,?,?,?,53.59248,43.10552,3.30201,50.49261,49,37.8689,49.58538,?,?,?,?,?,22.78,10,?,?,?,?,?,?,?,?,?,?,?,?,?,?,?,?,?,?,?,?,4204.424134,27.88367,?,3.2,20.28637,3.3,?,?,93.28063,6.71937,?,?,3.16724,1.11048,?,?,?,35.0615,24.7346,3.02067,90.26325,36.00357,high
82,78,86,1.54361,94.38698,0.94446,4.66857,60.32923,67,46.64353,59.7486,48.97281,33.90734,64.62496,1.90593,64,3.38811,13,7,13.67768,6.63468,31.85087,7.91558,12.85582,1.9038,19,5.94936,0,78.17075,68.71815,68.80741,42.82898,31.41817,47.06284,83.76201,44.96175,0,?,4319.000445,19.19311,20.07664,4.2,10.5566,4.5,51.43113,27.07554,78.50667,21.49333,4.61989,?,3.87582,0.6395,0.72524,0.27158,0,19.62595,?,3.93464,87.47362,17.03007,high
95,89,102,1.51101,73.4089,23.62348,2.96763,61.17495,48,50.74802,57.84214,37.96289,23.78557,53.68412,2.257,62,1.6836,2,2,7.45405,6.15924,44.30791,5.51945,15.59866,2.84351,9,9.44958,0,86.51226,73.20692,71.16663,40.29439,23.63281,60.17857,80.31634,49.59699,0,?,5607.436945,24.37023,28.32974,5.7,11.36223,5.8,62.62653,27.05729,89.68383,10.31617,5.93677,1.27512,5.21019,1.04668,0.68333,0.18938,0,24.04664,?,5.41064,93.62407,24.45019,high
103,100,106,1.22885,81.41463,14.83747,3.7479,54.51721,51,50.92159,53.92973,41.06939,32.0369,50.52177,1.57699,58,2.98131,1,1,13.70824,8.78414,26.99943,8.77418,16.2981,1.68905,16,8.20593,0,78.73638,61.2512,62.38767,35.01634,27.75751,46.56066,76.64958,53.46425,0,?,4078.431514,28.53515,23.81675,5,10.86045,5,63.02524,18.55519,81.58043,18.41957,5.58879,1.34778,4.77383,1.05424,0.81496,0.29354,0,23.43326,?,4.54039,90.26097,21.01343,high
76,74,77,1.88483,97.39196,1.52323,1.0848,65.43929,60,38.8484,65.0728,6.30638,4.91214,7.68776,1.56505,58,?,7,1,7.22961,45.10443,17.02791,11.07369,7.00749,3.41418,6,0,3,66.25372,70.52423,52.11445,49.75736,21.16564,53.62015,54.13937,0,29.20962,?,1224.756694,26.36929,8.4036,2,11.5866,2,50.61445,12.99175,63.60619,36.39381,?,?,?,?,?,?,?,16.42822,?,1.70085,85.44089,12.22993,middle
93,88,98,1.53336,89.46629,6.14142,4.39229,60.48996,51,49.57971,59.40091,33.78657,22.41917,45.66177,2.03673,63,6.93017,3,3,15.15592,6.36751,23.85612,7.58613,17.80224,1.1206,25,3.14455,0,78.69153,60.03079,64.13311,42.63566,30.48266,70.55394,82.58309,64.83117,0,?,4851.982155,41.77461,30.01032,7,13.36582,6.8,61.20409,35.54695,96.75104,3.24896,6.45141,1.75713,6.22165,1.52955,0.16027,0.15808,0.0695,29.02195,?,6.47424,94.78501,29.78304,high
86,87,85,0.99022,70.98484,20.92311,8.09205,50.88104,46,43.20577,49.21151,29.92524,27.33631,32.55373,1.19086,49,15.36163,5,2,9.88525,8.11158,37.19061,7.5078,12.27447,1.87489,16,7.1347,1,70.1274,61.39002,48.14076,30.11444,12.98303,44.63277,74.68114,42.01584,57.72727,?,3177.53216,41.5909,27.06336,5.2,15.94123,4.9,67.80701,22.28913,90.09614,9.90386,5.55996,1.23417,5.077,1.23417,?,?,0,25.30709,?,4.54258,92.13666,24.96765,high
72,72,71,0.8807,93.32915,6.38336,0,45.40534,45,39.63636,45.36895,11.12926,10.43521,11.86353,1.13688,50,?,3,1,?,?,?,?,?,?,?,?,?,?,?,?,?,?,?,?,?,?,?,2665.394552,?,?,?,?,?,?,?,?,?,?,?,?,?,?,?,?,?,?,?,?,?,middle
69,74,64,0.52832,80.65683,18.68194,0.66123,29.01617,57,35.54869,34.27084,?,?,?,?,?,1.72716,3,1,?,?,?,?,?,?,?,?,?,?,?,?,?,?,?,?,?,?,?,2565.735357,15.73542,15.53345,4,14.7477,4.1,?,?,?,?,?,?,3.9353,0.35653,?,?,?,10.07537,?,?,?,?,low
?,?,?,1.278,83.35495,15.69285,0.95221,57.49143,47,51.32866,55.80441,?,?,?,?,57,0.78514,1,1,?,?,?,?,?,?,?,?,?,?,?,?,?,?,?,?,0,?,?,3654.355972,16.95367,?,3.8,22.30574,3.9,?,?,89.23825,10.76175,?,?,3.75264,0.61955,?,?,?,16.50964,?,?,?,?,middle
70,69,70,1.16826,95.97338,3.58947,0,51.74182,76,57.40741,52.62613,28.59412,24.81871,32.56458,1.3121,56,?,8,3,10.24833,13.45441,37.72239,11.61972,7.73721,2.298,11,6.27317,0,74.50271,66.18457,56.96389,39.1547,39.88024,28.22581,74.49956,32.3486,0,?,2938.042523,?,?,?,?,?,?,?,?,?,?,?,?,?,?,?,?,?,?,?,?,?,middle
72,74,70,0.72522,?,?,?,?,?,?,41.24939,?,?,?,?,?,?,20,4,?,?,?,?,?,?,?,?,?,?,?,?,?,?,?,?,?,?,?,1623.892124,71.9107,?,11.2,11.68881,3.1,?,?,100,0,?,?,10.52543,0.50017,?,?,0,10.43287,15.20921,2.81001,90.86677,11.48151,middle
?,?,?,?,85.43219,14.05315,0.51466,20.35267,?,7.63889,?,?,?,?,?,?,?,6,1,?,?,?,?,?,?,?,?,?,?,?,?,?,?,?,?,?,?,?,887.390989,83.39767,?,4.4,13.90979,5.1,60.5331,37.05933,97.59243,2.40757,?,?,4.19284,0.50971,?,?,0.36271,16.73141,20.95431,4.54319,89.39721,18.26521,low
78,75,81,1.49998,88.59509,8.94659,2.45831,60.64207,44,56.18736,59.07795,?,?,?,?,61,0.58994,5,2,?,?,?,?,?,?,?,?,?,?,?,?,?,?,?,?,?,?,?,3539.894399,49.41412,?,6.2,21.51043,6.5,?,?,76.41803,23.58197,?,?,6.20874,1.74921,?,?,?,28.17329,?,5.86427,89.64923,24.01524,middle
82,85,78,0.81373,69.19764,29.5339,1.26845,44.713,44,43.41941,44.39084,22.87366,24.9384,20.77623,0.8331,46,0.73209,1,1,11.8475,8.15795,44.7621,6.97712,13.30015,4.46944,6,4.57726,0,57.01495,50.67368,48.08542,42.3831,25.27318,52.07479,63.69703,26.04917,0,?,4892.506324,?,?,?,?,?,?,?,?,?,?,?,?,?,?,?,?,?,?,?,?,?,middle
91,88,94,1.25708,85.2067,13.44309,1.35021,54.61059,53,59.41031,54.48026,?,?,?,?,?,1.42975,1,1,8.69106,4.96549,44.33315,5.04189,21.21762,4.13268,5,4.74764,1,?,?,?,?,?,?,?,?,?,?,5744.41637,?,?,?,?,?,?,?,?,?,?,?,?,?,?,?,?,?,?,?,?,?,middle
?,?,?,?,81.49548,18.45806,0,57.76825,65,77.27273,59.03793,?,?,?,?,?,?,9,?,?,?,?,?,?,?,?,?,?,?,?,?,?,?,?,?,?,?,?,1121.975773,?,?,?,?,?,?,?,?,?,?,?,?,?,?,?,?,?,?,?,?,?,high
93,90,96,1.36835,77.03648,19.52777,3.43575,54.99375,64,47.0609,56.56481,42.16235,35.77526,48.85292,1.36555,56,15.72921,1,1,10.96008,15.72332,30.92791,12.74975,9.60166,0.88681,17,1.44265,1,75.12595,61.56268,54.51114,36.82092,21.1704,62.87335,77.33039,59.01987,61.47341,?,3981.291377,25.73493,28.57424,6.3,12.01053,6.2,0,0,0,0,6.52495,1.38021,4.43381,0.33362,2.03402,0.98946,0.05712,16.39469,?,5.75048,92.45376,17.72735,high
57,58,56,0.82216,99.80027,?,0,45.15499,?,21.17647,45.10709,?,?,?,?,?,?,7,0,?,?,?,?,?,?,?,?,?,?,?,?,?,?,?,?,?,?,?,189.252163,870.91983,23.19783,6.2,18.33023,6.3,?,?,?,?,?,?,?,?,?,?,?,28.29679,?,?,?,?,low
96,91,101,1.39491,75.55084,22.10224,2.34692,56.37255,60,49.90155,57.07055,37.82113,31.69941,44.21732,1.39489,59,3.35234,0,0,10.33105,12.46201,37.99122,8.47871,6.99013,1.02575,16,7.00994,0,78.23692,58.88511,55.70182,41.00858,18.65398,47.97385,81.68256,54.61879,0,?,6603.936992,21.66195,22.00412,5.6,?,5.6,59.38621,29.66351,89.04972,10.95028,7.52517,2.87491,5.22313,1.04262,2.30204,1.83229,0,25.65289,?,?,?,?,high
90,84,96,1.72669,91.81213,8.04874,0,61.85504,70,43.17181,62.50521,?,?,?,?,64,?,2,1,3.9465,3.97298,40.86876,7.78705,7.81353,5.08542,28,2.91352,0,80.53691,70.66667,66.68827,45.40816,43.22034,35.41667,77.60192,25.45455,0,?,4838.578616,?,?,?,?,?,?,?,?,?,?,?,?,?,?,?,?,?,?,?,?,?,middle
?,?,?,?,98.96753,0,1.03247,39.96478,?,43.67046,40.00304,10.49368,11.88683,9.06083,0.76226,42,0,8,?,34.33058,11.70799,22.57163,6.47796,14.40083,3.65978,5,2.02755,0,59.35644,67.32941,22.67041,55.04997,12.38642,15.09221,51.64615,30.50272,33.33333,?,1012.547965,?,?,?,?,?,?,?,?,?,?,?,?,?,?,?,?,?,?,?,?,?,middle
?,?,?,1.00393,?,34.7279,?,?,34,?,49.23246,?,?,?,?,45,0,2,1,27.50447,3.8174,32.84401,0,16.76247,7.98936,4,3.341,4,52.36397,46.83217,54.2317,0,23.48511,41.12663,38.90848,18.93549,36.80082,?,2324.116987,43.35043,?,6.8,18.6917,7.1,43.79979,41.09424,84.89403,15.10597,?,?,?,?,?,?,?,14.71536,18.93554,5.86154,82.05667,15.22495,middle
54,62,45,0.4375,?,?,?,?,?,?,29.78209,?,?,?,?,?,?,3,0,?,?,?,?,?,?,?,?,?,?,?,?,?,?,?,?,?,?,?,1195.492265,?,?,?,?,?,?,?,?,?,?,?,?,?,?,?,?,?,?,?,?,?,middle
?,?,?,0.79858,?,?,?,?,?,?,44.98737,?,?,?,?,45,0.93435,26,2,25.15569,7.79744,34.52966,5.36218,19.4723,1.81908,6,0,0,61.47231,65.44767,46.13194,41.38142,13.29742,35.31532,55.15188,70,0,?,723.492844,78.87749,?,2.5,8.26355,2.7,?,?,?,?,?,?,2.43404,0.50341,0,0,0,22.81501,14.07761,2.52954,95.40041,20.99459,low
