'GER-Total + GOER','GER-Total + PE-GNI','GER-Total + CE-GNI','Gross enrolment ratio. ISCED 5 and 6. Total','Distribution of students (\%). ISCED Level 5A','Distribution of students (\%). ISCED Level 5B','Distribution of students (\%). ISCED Level 6','Theoretical/practical orientation of the majority of students','Gross completion rate-ISCED 5A. Total','Inbound mobility rate. Total','Outbound mobility ratio (\%)','Gross outbound enrolment ratio','Popularity of the country for mobile students','Percentage of tertiary graduates in education','Percentage of tertiary graduates in humanities and arts','Percentage of tertiary graduates in social sciences-business and law','Percentage of tertiary graduates in science','Percentage of tertiary graduates in engineering-manufacturing and construction','Percentage of tertiary graduates in agriculture','Percentage of tertiary graduates in health and welfare','Percentage of tertiary graduates in services','Percentage of tertiary graduates in unspecified programmes','Field of study completed by the most students','Field of study completed by the least students','Pupil-teacher ratio. Tertiary','Tertiary students per 100 000 inhabitants','Public expenditure per pupil as a \% of GDP per capita. Tertiary','Educational expenditure by nature of spending as a \% of total educational expenditure on public institutions. Tertiary. Salaries','Educational expenditure by nature of spending as a \% of total educational expenditure on public institutions. Tertiary. Other current expenditure','Educational expenditure by nature of spending as a \% of total educational expenditure on public institutions. Tertiary. Total current expenditure','Educational expenditure by nature of spending as a \% of total educational expenditure on public institutions. Tertiary. Capital','Total expenditure on educational institutions and administration as a \% of GDP. All sources. Tertiary','Total expenditure on educational institutions and administration as a \% of GDP. Public sources. Tertiary','Total expenditure on educational institutions and administration as a \% of GDP. Private sources. Tertiary','The main source of investment in tertiary education','Percentage distribution of public current expenditure on education by level. Tertiary','Educational expenditure in tertiary as \% of total educational expenditure','Public expenditure on education as \% of GNI','Public expenditure on education as \% of GDP','Public expenditure per pupil as a \% of GDP per capita','The level of education in which country invests the most','Public expenditure on education as \% of total government expenditure','Public current expenditure on education as \% of total current government expenditure','Current expenditure on education as \% of GNI','Public current expenditure on education as \% of total public education expenditure','Total expenditure on educational institutions and administration as a \% of GDP. All sources','Total expenditure on educational institutions and administration as a \% of GDP. Public sources','Total expenditure on educational institutions and administration as a \% of GDP. Private sources','Total expenditure on educational institutions and administration as a \% of GDP. International sources','GNI per capita - class'
?,?,?,?,?,?,?,?,?,?,19,8,?,?,?,?,?,?,?,?,?,?,?,?,?,3883.188795,?,?,?,?,?,?,?,?,?,?,?,?,?,?,?,?,?,?,?,?,?,?,?,middle
78,?,?,77,?,?,?,?,?,0.57189,2,1,unpopular,2.05985,18.964,41.43936,14.16951,13.81629,2.16619,5,2.62197,0,social_sciences-business-law,unspecified,?,3087.38245,?,?,?,?,?,?,?,?,?,?,?,?,?,?,?,?,?,?,?,?,?,?,?,middle
65,68.9,68.55085,65,?,?,?,?,?,?,?,0,?,?,?,?,?,?,?,?,?,?,?,?,?,?,?,?,?,?,?,?,?,?,?,?,?,3.9,3.5,11.60155,?,8.52119,11.36752,3.55085,92.0196,?,?,?,?,middle
93,?,?,84,7.52137,92.47863,0,practical,1.79856,14.01709,56,9,unpopular,41.08108,4.86486,34.05405,9.18919,0,0,11,0,0,education,engineering-manufacturing-construction,?,1341.235542,?,?,?,?,?,?,?,?,?,?,?,?,?,?,?,?,?,?,?,?,?,?,?,high
?,?,?,?,84.66039,14.34799,0.99162,theoretical,39.15427,2.74833,4,2,unpopular,16.15908,26.02994,19.09034,7.51671,8.39952,3.64836,13,2.23416,4,humanities&arts,services,?,4930.831693,7.67896,?,?,?,?,?,0.3262,?,?,?,11.65396,3.1,3.2,15.84696,?,11.52024,?,?,?,?,3.17472,?,?,middle
111,115.8,115.08937,110,78.79487,17.51893,3.68621,theoretical,60.10397,21.24822,1,1,popular,8.19286,10.41552,44.52733,8.8194,7.76391,1.00035,16,3.09803,0,social_sciences-business-law,unspecified,?,5785.04711,21.51886,54.29341,32.72912,87.02252,12.97748,1.76448,0.81997,0.94451,private,24.79725,22.27661,5.8,5.6,20.52252,primary,?,?,5.08937,87.54397,6.64688,4.92674,1.72015,0,high
96,98.9,98.60706,93,82.08015,10.25852,7.66134,theoretical,30.64653,19.59496,4,3,popular,12.07672,8.63339,34.06316,9.73505,19.22279,1.81938,11,3.53326,0,social_sciences-business-law,unspecified,?,4173.975666,39.10568,56.54392,34.09492,90.63885,9.36115,1.51981,1.33515,0.18466,public,26.90855,27.71448,5.9,5.9,28.59132,tertiary,11.22049,?,5.60706,94.98172,5.76767,5.24938,0.5183,0,high
71,73,72.90023,70,80.18724,19.17754,0.63521,theoretical,16.93816,3.16831,6,1,unpopular,18.47133,19.63789,29.61245,9.80622,6.78019,0,8,7.55138,0,social_sciences-business-law,agriculture,?,1996.027979,19.55726,57.44185,41.09666,98.53852,1.46148,?,?,0.15584,?,14.19375,14.03889,3,2.8,13.56971,?,10.03568,15.87846,2.90023,97.46343,?,?,0.76368,?,middle
?,?,?,?,?,?,?,?,?,24.76578,12,4,popular,?,?,?,?,?,?,?,?,?,?,?,?,2771.765056,?,?,?,?,?,?,?,?,?,?,?,?,?,?,?,?,?,?,?,?,?,?,?,high
103,104.7,104.22987,97,60.3159,38.7243,0.95979,theoretical,25.92683,12.95345,10,6,popular,29.47415,7.07026,40.21211,5.83297,2.91648,0,1,13.16836,?,social_sciences-business-law,agriculture,?,4719.040215,51.54239,99.50951,0,99.50951,0.49049,?,1.94906,?,?,34.43212,32.50573,7.7,7.5,32.39238,?,13.50768,13.63269,7.22987,94.05787,?,7.02462,?,0.25804,high
101,102.5,101.94855,97,76.43045,22.74655,0.823,theoretical,48.6247,1.50394,5,4,unpopular,12.5702,5.30712,39.33792,2.26212,24.35419,7.85544,4,3.94602,0,social_sciences-business-law,unspecified,?,5993.382508,15.46073,71.05408,18.56322,89.6173,10.3827,1.21345,0.73836,?,?,17.54534,17.1275,5.5,5.4,25.67096,?,16.79579,20.20851,4.94855,89.54231,5.89058,5.17675,0.71383,0,middle
96,100.4,100.26111,94,47.44548,49.54313,3.01139,practical,19.58652,8.11257,3,2,popular,12.29587,11.12345,30.72751,5.17952,10.94817,2.35459,22,1.97969,3,social_sciences-business-law,services,?,4087.058741,35.63878,77.37796,19.62604,97.004,2.996,1.43909,1.2577,0.1432,public,22.42525,22.16835,6.4,6.6,29.29586,secondary,12.46998,?,6.26111,97.16433,6.63219,6.25064,0.34208,0,high
83,87.1,?,80,57.10616,42.89384,0,theoretical,?,?,12,3,?,?,?,?,?,?,?,?,?,?,?,?,?,2270.937637,24.42553,?,?,?,?,?,0.29562,?,?,?,8.66601,7.1,6.6,19.94503,secondary,?,?,?,?,?,5.95082,?,?,middle
97,71.1,71.09253,69,0,100,0,practical,0,5.98897,94,28,unpopular,13.68421,9.47368,44.21053,14.73684,7.36842,0,0,5.26316,5,social_sciences-business-law,agriculture,?,1948.590381,18.44113,?,?,?,?,?,0.35654,?,?,13.72393,13.48375,2.1,2.6,16.50238,tertiary,13.41028,15.07042,2.09253,98.24989,?,2.6078,?,?,high
67,69.2,68.04198,65,83.81524,16.18476,0,theoretical,?,?,35,2,?,?,?,?,?,?,?,?,?,?,?,?,?,767.010862,86.97363,?,?,?,?,?,0.6081,0,public,15.55051,15.11068,4.2,4,16.61233,tertiary,9.3666,13.20746,3.04198,72.87221,?,4.02431,0,?,middle
?,?,?,?,?,?,?,?,?,?,12,4,?,?,?,?,?,?,?,?,?,?,?,?,?,2733.721813,?,?,?,?,?,?,?,?,?,?,?,?,?,?,?,?,?,?,?,?,?,?,?,middle
?,?,?,?,87.0863,11.92803,0.98567,theoretical,?,0,0,?,unpopular,22.76259,2.23032,40.17046,5.45112,5.80692,1.78298,14,2.88872,5,social_sciences-business-law,agriculture,?,3356.744957,28.44258,70.8659,16.00487,86.87077,13.12923,0.88256,0.88256,?,?,16.28089,16.39821,5.9,5.8,?,?,18.12024,?,5.5648,93.85356,5.64855,5.64855,?,?,middle
86,85.2,85.05688,81,88.5759,10.08304,1.34106,theoretical,28.93685,3.50418,8,5,unpopular,5.47891,6.80733,51.60022,4.66765,15.16448,1.89184,7,7.64338,0,social_sciences-business-law,unspecified,?,3810.392726,15.92104,62.75944,31.13362,93.89306,6.10694,1.08872,0.53688,0.50062,public,14.52542,14.80771,4.2,4.1,23.70877,secondary,10.77236,?,4.05688,95.90845,4.05427,3.35399,0.62611,0.07417,middle
41,44.8,44.23341,41,73.72865,22.63417,3.63718,theoretical,?,?,6,0,?,8.60396,6.48461,56.40025,19.14804,4.186,4.08056,1,0.56938,0,social_sciences-business-law,unspecified,?,329.247522,219.78953,?,?,?,?,0.82685,0.63283,0.19403,public,19.89529,18.8408,3.8,3.8,22.27341,tertiary,20.82925,33.00635,3.23341,84.12535,5.67765,3.70573,1.97192,?,low
59,65.8,65.35989,59,?,?,?,?,?,6.19427,5,0,popular,30.15075,1.36396,39.6267,8.79397,0.78966,4.80976,9,5.1687,0,social_sciences-business-law,unspecified,?,317.012705,386.41938,56.64831,40.47155,97.11986,2.88014,?,0.73456,0.21647,public,18.75304,18.03359,6.8,6.8,27.60658,tertiary,25.07658,27.74179,6.35989,93.07919,?,6.30243,1.03485,?,low
?,?,?,?,?,10.24555,?,?,?,?,2,0,?,?,?,?,?,?,?,?,?,?,?,?,?,1360.271066,27.82781,?,?,?,?,?,0.37853,?,?,?,14.5373,2.7,2.6,?,?,?,?,?,?,?,2.60388,?,0,low
61,63.5,63.10883,60,80.15032,19.30414,0.54554,theoretical,?,0.84146,9,1,unpopular,10.27847,6.35306,59.21343,17.02333,3.99732,0,2,0,0,social_sciences-business-law,agriculture,?,1068.305546,29.45898,64.30049,5.42934,69.72983,30.27017,?,0.30856,?,?,7.69638,9.04275,3.5,3.5,13.12455,tertiary,17.89456,21.70132,3.10883,88.27667,?,3.44077,?,?,middle
84,80.8,79.92365,75,?,?,?,?,?,?,51,9,?,?,?,?,?,?,?,?,?,?,?,?,?,2080.389499,?,?,?,?,?,?,?,?,?,?,?,5.8,5.6,16.46107,?,14.39436,23.497,4.92365,84.27164,?,5.2371,?,0.29411,middle
?,?,?,?,81.37659,18.62341,0,theoretical,?,?,10,0,?,?,?,?,?,?,?,?,?,?,?,?,?,256.510406,96.20532,92.97025,2.86273,95.83298,4.16702,?,0.18353,?,?,20.88364,20.47402,1.2,1.2,?,?,12.03796,11.94565,1.16045,96.12125,?,1.10566,?,?,low
44,46.7,45.93785,44,?,?,?,?,?,?,15,0,?,?,?,?,?,?,?,?,?,?,?,?,?,188.809944,258.81906,?,?,?,?,?,?,?,?,18.40101,19.75874,2.7,2.5,13.15065,tertiary,10.12161,?,1.93785,72.01858,?,?,?,?,low
87,90.5,90.22907,86,56.44104,43.14838,0,theoretical,18.38291,0.97383,1,1,unpopular,18.03652,4.76826,28.24664,5.2281,14.79278,2.60742,19,7.23565,0,social_sciences-business-law,unspecified,?,5758.596121,16.23027,59.24033,35.41481,94.65514,5.34486,2.29469,0.53738,1.75731,private,23.66714,22.32997,4.5,4.2,15.71285,tertiary,17.81423,?,4.22907,94.35011,6.40096,3.76918,2.63178,0,middle
70,?,?,70,?,44.31694,?,?,?,0,2,0,unpopular,?,?,?,?,?,?,?,?,?,?,?,?,2320.895489,?,?,?,?,?,?,?,?,?,?,?,?,?,?,?,?,?,?,?,?,?,?,?,middle
89,85.4,84.9743,82,62.71052,34.28564,3.00384,theoretical,?,3.89974,12,7,unpopular,?,?,?,?,?,?,?,?,?,?,?,?,3769.269098,25.91726,?,?,80.50691,19.49309,?,0.80192,?,?,25.84592,28.03638,3.4,3.5,18.90471,tertiary,20.15065,22.98173,2.9743,87.2779,?,3.21039,?,0,high
?,?,?,?,87.90881,10.11331,1.97788,theoretical,38.99224,45.82711,6,4,popular,4.66711,6.7922,64.30397,3.01278,1.50639,0,6,13.35575,0,social_sciences-business-law,agriculture,?,5513.386928,22.89672,31.10477,18.36411,49.46888,50.53112,?,1.25319,?,?,32.4898,48.4117,2.9,2.6,13.56121,?,15.28786,13.42363,2.20254,75.38139,?,2.36555,?,?,high
85,89,?,84,67.47029,32.3908,0,theoretical,?,?,1,1,?,?,?,?,?,?,?,?,?,?,?,?,?,3605.183082,29.59194,46.11624,3.64299,49.75923,50.24077,?,0.89153,?,?,?,22.10541,5,4.8,17.05756,tertiary,?,?,?,?,6.51952,4.43963,2.0724,0,middle
?,?,?,?,58.82931,41.17069,0,theoretical,?,0,66,5,unpopular,12.23776,14.21911,44.05594,10.60606,1.3986,2.0979,5,0,10,social_sciences-business-law,services,?,745.299606,?,?,?,?,?,?,?,?,?,?,?,?,?,?,?,?,?,?,?,?,?,?,?,low
?,?,?,?,?,?,?,?,?,1.26014,5,0,unpopular,?,?,?,?,?,?,?,?,?,?,?,?,760.252581,?,?,?,?,?,?,?,?,?,?,?,?,?,?,?,?,?,?,?,?,?,?,?,middle
87,88.5,88.16026,84,66.49383,31.45616,2.05001,theoretical,41.57495,0.55921,5,3,unpopular,4.83481,11.86248,44.17811,7.81501,12.29697,3.45552,7,8.66066,0,social_sciences-business-law,unspecified,?,3392.027706,23.2607,61.25341,26.38841,87.64182,12.35818,1.0045,0.75837,0.23946,public,16.56123,18.31597,4.5,4.3,23.63679,?,?,?,4.16026,93.19499,4.55207,4.27708,0.26647,0,high
120,86.5,85.70238,79,60.05026,38.43887,1.51087,theoretical,13.93028,31.93001,84,41,unpopular,10.70651,10.05343,49.02038,6.887,6.41203,0,8,9.16287,0,social_sciences-business-law,agriculture,?,2920.489089,38.277,57.62099,26.76949,84.39048,15.60952,1.55782,1.00182,0.51172,public,20.21903,20.45646,7.5,7.3,35.11325,secondary,15.80353,?,6.70238,89.8113,7.95939,6.71166,1.19263,0.0551,high
89,91.6,91.10301,87,86.57083,7.50239,5.92678,theoretical,41.80382,8.00084,3,2,popular,15.11108,7.46759,34.05411,9.23439,14.1684,3.4403,9,4.51612,3,social_sciences-business-law,unspecified,?,4157.439615,23.02753,45.87483,45.30875,91.18358,8.81642,1.2311,0.93256,0.25055,public,22.48536,22.53438,4.6,4.2,21.54739,secondary,9.67143,?,4.10301,89.3184,4.72911,4.10724,0.57388,0,high
102,?,?,100,84.86006,11.87681,3.26313,theoretical,49.24686,7.53775,2,2,popular,7.60074,13.21516,32.74309,8.27145,11.05379,1.64913,23,2.88552,0,social_sciences-business-law,unspecified,?,4335.792078,?,?,?,?,?,?,?,?,?,?,?,?,?,?,?,?,?,?,?,?,?,?,?,high
77,?,?,77,98.62932,0,1.36713,theoretical,25.17984,1.85239,1,0,popular,?,?,?,?,?,?,?,?,?,?,?,?,3388.803213,?,?,?,?,?,?,?,?,?,?,?,?,?,?,?,?,?,?,?,?,?,?,?,middle
71,74.6,74.15999,71,83.88529,16.02205,0,theoretical,9.23451,0.50929,2,0,unpopular,14.95114,3.30622,35.37948,15.3315,11.04219,1.04746,19,0,0,social_sciences-business-law,services,?,2412.46857,17.68409,?,?,?,?,1.11009,0.41059,0.6995,private,13.16075,12.2358,3.6,3.5,11.4465,tertiary,13.13413,13.89414,3.15999,88.34127,4.66164,3.4649,1.14703,0,middle
25,?,?,25,61.13465,38.86535,0,theoretical,1.58282,?,9,0,?,24.37162,0,28.06236,11.89946,17.72192,11.96309,6,0,0,social_sciences-business-law,humanities&arts,?,209.696335,?,?,?,?,?,?,?,?,?,?,?,?,?,?,?,?,?,?,?,?,?,?,?,low
100,102,101.59598,96,63.47467,32.67957,3.84576,theoretical,24.56826,1.783,6,4,unpopular,7.60556,12.78958,37.60818,9.83478,10.71772,1.92325,11,8.49725,0,social_sciences-business-law,unspecified,?,5147.515858,23.98211,?,?,?,?,1.61594,1.07164,0.34933,public,22.79828,21.73776,6,5.7,25.78551,secondary,14.00014,?,5.59598,93.03952,6.00868,5.40014,0.40644,0.2021,high
53,57.7,55.88223,53,75.11643,24.74662,0,theoretical,4.75069,?,1,0,?,33.54964,7.81815,30.13553,10.35534,4.87855,7.67589,5,0,0,education,services,?,663.174851,24.39373,?,?,?,?,?,0.16608,?,?,3.28667,3.54349,4.7,4.7,21.19415,tertiary,25.37043,30.15772,2.88223,61.41616,?,4.68683,?,?,low
103,107.7,107.34254,101,93.23086,0,6.75399,theoretical,47.81878,4.64398,2,2,popular,6.07921,13.3727,23.02411,7.8251,23.97748,2.19118,18,5.12388,0,engineering-manufacturing-construction,unspecified,?,5659.78142,38.51359,62.86022,34.71696,97.57717,2.42283,1.92707,1.84891,0.07817,public,33.00667,31.8473,6.7,6.8,29.7497,tertiary,12.2579,?,6.34254,94.04495,6.51215,6.35744,0.15472,0,high
94,98.7,98.26464,93,71.78331,25.03838,3.1783,theoretical,?,11.5779,3,1,popular,?,?,?,?,?,?,?,?,?,?,?,?,3452.336404,38.43987,71.55594,18.58711,90.14305,9.85695,1.51497,1.22436,0.27035,public,23.03183,22.62832,5.7,5.9,25.64417,tertiary,10.37763,?,5.26464,91.59321,6.30564,5.64471,0.63987,0,high
?,?,?,?,91.11698,6.05794,2.82508,theoretical,?,0.78716,8,2,unpopular,3.5529,17.61223,41.62531,9.40672,8.03068,2.08662,16,1.8836,0,social_sciences-business-law,unspecified,?,2373.697449,?,?,?,?,?,?,?,?,?,?,?,?,?,?,?,?,?,?,?,?,?,?,?,middle
?,?,?,?,?,?,?,?,28.599,?,?,2,?,9.31042,16.42964,22.37,12.61223,12.98086,1.52061,21,2.9536,0,social_sciences-business-law,unspecified,?,?,?,59.62628,29.82624,89.45252,10.54748,1.30662,1.08197,0.20026,public,25.66129,27.16245,5,5.1,?,?,10.69161,?,4.83132,97.05116,5.27148,4.50623,0.74086,0,high
?,?,?,?,62.37886,34.08367,3.53746,theoretical,26.91213,4.18092,5,?,unpopular,8.75703,13.17625,30.28325,12.1348,15.40198,4.54978,13,3.10436,0,social_sciences-business-law,unspecified,?,5676.26696,?,?,?,?,?,?,?,?,?,?,?,?,?,?,?,?,?,?,?,?,?,?,?,high
?,?,?,?,?,?,0,?,?,?,6,1,?,?,?,?,?,?,?,?,?,?,?,?,?,905.918546,147.67588,?,?,68.62309,31.37691,?,0.8409,?,?,30.86761,36.23715,4.1,3.7,?,?,15.32707,17.32379,3.67469,90.42046,?,3.19494,?,0,low
71,73.6,73.37713,70,27.44678,72.55322,0,practical,2.42924,0.50384,10,1,unpopular,38.63498,1.27971,24.86289,5.78915,8.59232,1.21877,18,1.70628,0,education,unspecified,?,1009.889,19.19028,71.77377,22.30802,94.08179,5.91821,0.3588,0.16094,0.17535,private,5.35931,5.29366,3.6,3.7,13.44621,tertiary,16.71843,20.69801,3.37713,92.76775,?,3.46728,0.17535,0.2641,middle
74,?,?,74,95.93237,4.02171,0,theoretical,?,0.72876,2,0,unpopular,43.79055,0.99273,32.33844,2.14119,9.77809,2.7511,5,2.74461,0,education,unspecified,?,2229.017882,39.91672,75.86371,1.13554,6.05722,93.94278,0.96255,0.88975,0.08671,public,?,?,?,?,?,?,?,?,?,?,?,?,?,0,middle
91,95.1,94.59272,90,88.70112,9.54621,1.75267,theoretical,37.94463,4.01234,2,1,popular,11.46699,12.50702,39.93656,6.81423,8.81428,2.40989,9,9.15394,0,social_sciences-business-law,unspecified,?,3889.491054,25.23029,51.13089,37.43308,88.56397,11.43603,?,0.84071,?,?,19.58625,20.11094,5.1,4.9,23.68057,tertiary,9.81511,?,4.59272,90.01347,?,4.60027,?,0,high
110,107.2,106.64126,98,96.46003,1.80599,1.73398,theoretical,61.67097,4.92493,16,12,unpopular,20.3848,10.27764,36.94593,6.57574,9.05991,0,15,1.16902,0,social_sciences-business-law,agriculture,?,5675.683324,28.74169,85.0483,8.46847,93.51677,6.48323,1.23433,1.12542,0.10891,public,21.96016,21.46367,9.2,7.6,25.14441,tertiary,14.74091,?,8.64126,93.75007,7.75225,7.00509,0.74716,0,high
66,69.3,?,66,?,?,?,?,?,?,1,0,?,?,?,?,?,?,?,?,?,?,?,?,?,1720.331451,68.7199,?,?,?,?,?,1.19393,?,?,?,36.07652,3.3,3.3,12.82124,tertiary,10.49991,?,?,?,?,3.31029,?,?,middle
76,79.1,78.71715,76,76.1361,22.28523,1.57867,theoretical,14.64412,0,1,0,unpopular,19.51568,0,38.98158,6.03977,16.72884,6.25112,6,0,6,social_sciences-business-law,humanities&arts,?,2077.913013,23.13097,?,?,72.88275,27.11725,?,0.46838,?,?,13.0939,16.05356,3.1,3,12.17584,tertiary,17.14149,?,2.71715,88.1968,?,2.9313,?,?,middle
113,113.7,113.07521,106,72.89095,22.71956,4.38949,theoretical,50.44797,6.95277,10,7,unpopular,8.46576,11.96186,30.82074,11.16814,12.03154,1.3308,16,5.13962,3,social_sciences-business-law,agriculture,?,4336.020647,33.16768,64.31858,25.19272,89.5113,10.4887,1.57269,1.24939,0.28836,public,21.67909,22.2214,7.7,6.5,25.00149,tertiary,9.72077,?,7.07521,91.71739,6.44,5.92323,0.48183,0,high
?,?,?,?,78.16931,18.90432,2.92637,theoretical,38.55289,?,4,?,?,?,?,?,?,?,?,?,?,?,?,?,?,4727.136786,19.96682,65.42751,16.35688,81.78439,18.21561,1.55836,0.84504,0.71332,public,17.72952,16.88245,6.1,5.6,18.59809,primary,?,?,5.77377,94.12749,6.99698,5.42915,1.56783,0,high
91,94.5,94.27097,90,97.81701,0,1.93027,theoretical,33.96477,3.52984,2,1,popular,?,?,?,?,?,?,?,?,?,?,?,?,3274.285988,25.7882,60.37273,31.33806,91.71079,8.28921,0.99094,0.65481,0.31374,public,18.32715,18.76402,4.5,4.5,24.49827,tertiary,?,?,4.27097,94.46282,4.70093,4.19132,0.46114,0,high
?,?,?,?,?,?,?,?,?,?,9,2,?,?,?,?,?,?,?,?,?,?,?,?,?,2373.056419,58.37545,?,?,?,?,?,1.37813,?,?,?,21.84405,6.7,6.4,19.66251,tertiary,11.47758,?,?,?,?,5.88561,?,?,middle
89,91.7,?,88,78.27227,19.80573,1.922,theoretical,40.77422,3.69102,1,1,popular,7.06306,15.18981,26.72374,3.12527,17.38071,2.54646,13,8.85929,7,social_sciences-business-law,agriculture,?,3010.043298,25.25403,44.55738,36.56488,81.12226,18.87774,1.56147,0.55065,1.01081,private,?,20.08586,3.7,3.8,22.80604,tertiary,?,?,?,?,5.24657,3.57249,1.67408,0,high
82,?,?,80,87.38863,11.86743,0.74394,theoretical,?,11.11134,6,2,popular,?,?,?,?,?,?,?,?,?,?,?,?,4084.154813,?,?,?,?,?,?,?,?,?,?,?,?,?,?,?,?,?,?,?,?,?,?,?,middle
91,?,?,89,?,?,?,?,?,1.9621,6,2,unpopular,?,?,?,?,?,?,?,?,?,?,?,?,3738.609754,?,43.52485,42.83574,86.36059,13.63941,?,?,?,?,?,?,?,?,?,?,?,?,?,?,?,?,?,?,middle
74,79.3,78.86323,73,89.64706,9.50829,0.84464,theoretical,29.5203,6.30317,2,1,popular,20.91293,7.13071,40.38381,5.17854,9.9618,1.44646,8,7.26763,0,social_sciences-business-law,unspecified,?,4783.182511,18.87649,72.00529,21.76923,93.77453,6.22547,0.87215,0.87215,0,public,15.55665,15.51681,6.3,5.8,22.64396,?,18.64306,19.47574,5.86323,93.53433,5.76121,5.76121,0,0,low
62,64.4,?,61,37.11146,62.88854,0,practical,?,0.61287,3,1,unpopular,?,?,?,?,?,?,?,?,?,?,?,?,1849.598317,?,?,?,?,?,?,?,?,?,?,?,3.4,3.3,13.17615,?,13.19265,?,?,?,?,3.312,?,?,low
93,94.9,?,90,81.52478,16.56347,1.91175,theoretical,47.75975,1.56351,4,3,unpopular,8.31042,7.2217,54.31155,5.03296,9.28612,0.86269,9,5.65078,0,social_sciences-business-law,unspecified,?,5027.538982,15.86051,68.83656,20.9332,89.76977,10.23023,1.35012,0.70196,0.46506,public,?,15.88385,4.9,5,25.20848,secondary,11.33217,?,?,?,5.54927,4.74264,0.57569,0.23094,middle
79,77.7,77.4919,76,88.59226,10.62295,0.7848,theoretical,28.45036,15.04164,7,3,popular,4.85437,11.60136,45.77265,11.83541,13.11835,0,12,0.68192,0,social_sciences-business-law,agriculture,?,4661.154382,9.74628,97.38037,0.35587,97.73624,2.26376,?,0.4526,?,?,30.17224,27.19232,1.7,1.7,6.03643,?,7.17646,?,1.4919,88.07617,?,1.66886,?,?,middle
102,103.5,103.17457,98,70.39226,28.15869,1.44905,theoretical,44.34603,1.47636,4,4,unpopular,11.46962,7.17046,45.82741,4.96314,16.19071,1.91197,10,2.88239,0,social_sciences-business-law,unspecified,?,6126.681717,20.64924,58.58886,24.4451,83.03396,16.96604,1.64645,1.09806,0.50102,public,21.53057,23.56181,5.5,5.4,23.03688,primary,13.17788,?,5.17457,94.71094,5.85894,5.11077,0.68557,0.06261,middle
102,?,?,78,75.0372,18.30357,6.65923,theoretical,?,41.40625,130,24,unpopular,?,?,?,?,?,?,?,?,?,?,?,?,1060.453336,?,?,?,?,?,?,?,?,?,?,?,?,?,?,?,?,?,?,?,?,?,?,?,high
?,?,?,?,63.39396,34.31573,2.29031,theoretical,1.12397,1.76374,6,0,unpopular,0.89053,15.48884,59.55092,13.27524,4.96788,1.20221,3,0.79511,1,social_sciences-business-law,services,?,353.157746,?,?,?,?,?,?,?,0,?,?,?,?,?,?,?,?,?,?,?,?,?,0,?,low
69,73.4,73.12334,69,?,?,1.49573,?,?,1.13636,20,0,unpopular,?,?,?,?,?,?,?,?,?,?,?,?,68.577393,1837.41029,?,?,97.93111,2.06889,?,1.16204,?,?,31.30388,29.7982,4.4,4.4,?,tertiary,12.10378,14.61525,4.12334,93.30212,?,4.22029,?,0,low
?,?,?,?,55.26148,42.71086,2.02766,theoretical,17.77289,6.10022,5,2,popular,12.32374,5.98269,30.49761,10.77582,25.88432,0.74679,10,3.40296,0,social_sciences-business-law,unspecified,?,3753.809569,47.09767,63.04324,3.60412,66.64736,33.35264,?,1.65935,?,?,?,34.45404,5.3,5.1,19.08273,tertiary,21.30359,?,?,?,?,4.66659,?,?,middle
54,58.5,57.75542,54,86.06321,13.76804,0,theoretical,?,?,5,0,?,?,?,?,?,?,?,?,?,?,?,?,?,580.496399,146.78978,?,?,81.33519,18.66481,?,0.62909,0.0563,public,19.59379,19.78631,4.5,4.3,20.61002,tertiary,16.4105,23.17652,3.75542,83.32464,?,3.97294,0.61065,?,low
85,88.5,87.96174,81,88.27491,11.08856,0.63653,theoretical,33.56493,0,11,4,unpopular,10.46245,18.82584,38.04526,9.34733,6.82191,0,13,2.88619,1,social_sciences-business-law,agriculture,?,2605.80055,60.50813,50.37737,31.25632,81.63369,18.36631,1.35649,1.35649,0,public,20.77706,22.81373,7.5,6.9,34.20693,tertiary,16.11281,?,6.96174,92.45265,7.168,5.797,1.34336,0,high
47,50.3,49.76932,46,97.28261,2.71739,0,theoretical,?,?,25,1,?,?,?,?,?,?,?,?,?,?,?,?,?,402.723983,198.71343,?,?,?,?,?,0.80027,?,?,18.70563,18.79216,4.3,4.3,?,tertiary,15.24744,18.45813,3.76932,86.86681,?,4.25851,?,?,low
88,84.6,84.37673,81,75.35226,24.34858,0,theoretical,12.33492,1.78299,22,7,unpopular,29.72973,8.01726,31.93277,12.58233,5.85964,1.74881,7,1.04474,2,social_sciences-business-law,services,?,2609.60057,13.11863,?,?,98.6367,1.3633,?,0.29919,?,?,9.91598,9.36454,3.6,3.7,14.88575,secondary,13.68937,?,3.37673,93.47993,?,3.40659,?,?,middle
75,80.3,80.12629,75,95.61091,3.65614,0.73296,theoretical,18.01518,?,1,0,?,12.43289,4.0147,46.88298,6.08442,19.31333,1.60837,9,0.58135,0,social_sciences-business-law,unspecified,?,2415.355718,42.94839,67.19755,24.279,91.47654,8.52346,1.38059,0.96482,0.41578,public,18.73072,19.6634,5.3,5.3,18.26238,tertiary,?,?,5.12629,96.1376,6.19767,4.98893,1.20874,0,middle
92,94.9,94.09384,89,96.01071,2.66817,1.32112,theoretical,45.06315,0.60084,6,3,unpopular,14.67364,10.20724,41.35804,5.43685,11.69799,2.35012,8,6.02438,0,social_sciences-business-law,unspecified,?,6110.763369,5.8901,?,?,?,?,?,0.07349,?,?,7.2034,6.68271,5.9,5.4,17.35255,secondary,?,?,5.09384,86.03277,?,4.97379,?,?,middle
98,?,?,89,?,?,?,?,?,?,16,9,?,?,?,?,?,?,?,?,?,?,?,?,?,3835.969023,?,?,?,?,?,?,?,?,?,?,?,?,?,?,?,?,?,?,?,?,?,?,?,middle
66,?,?,65,?,?,?,?,?,1.92883,10,1,unpopular,?,?,?,?,?,?,?,?,?,?,?,?,1409.733661,?,62.56214,23.50087,86.06301,13.93699,?,?,?,?,?,?,?,?,?,?,?,?,?,?,?,?,?,?,middle
77,80.7,?,76,99.89572,0,0,theoretical,7.24945,?,7,1,?,29.59888,25.07239,29.08363,7.15807,3.72807,0.63873,4,0.72816,0,education,unspecified,?,1403.817237,35.39292,?,?,?,?,?,?,?,?,?,10.65271,4.7,4.7,14.06874,?,20.21654,?,?,?,?,?,?,?,low
101,106.1,106.05637,100,98.58397,0,1.23582,theoretical,45.01722,4.29679,2,1,popular,13.37033,8.984,37.57878,6.11502,7.89236,1.47326,19,5.2674,1,social_sciences-business-law,unspecified,?,3917.481584,42.66886,63.88893,26.23229,90.12122,9.87878,1.73694,1.21682,0.47839,public,28.04873,28.04873,6.1,6,26.0345,tertiary,11.6472,?,6.05637,100,6.25608,5.16948,1.03959,0,high
109,115.6,115.19318,108,71.66982,25.40829,2.92189,theoretical,47.66176,14.22744,2,1,popular,11.8073,13.89381,32.87866,12.37246,6.5742,1.07075,15,5.57677,1,social_sciences-business-law,unspecified,?,6095.334035,31.65781,?,?,?,?,1.6359,1.11094,0.52497,public,28.04065,26.75761,7.6,7.3,24.33177,tertiary,?,?,7.19318,94.79619,7.42397,6.13521,1.28877,0,high
34,38,37.59016,34,80.08306,18.36102,1.55592,theoretical,0.93722,6.58049,13,0,unpopular,?,?,?,?,?,?,?,?,?,?,?,?,107.564321,461.09071,?,?,89.79716,10.20284,0.38247,0.33757,0,public,12.47898,12.56922,4,3.9,29.60992,tertiary,16.9347,27.66514,3.59016,90.44653,4.08868,3.72442,0.36426,0,low
102,104.8,104.19867,98,96.23375,0,3.31188,theoretical,45.91768,7.00337,6,4,popular,17.62939,8.538,29.34542,7.07284,8.88321,0.77738,22,4.89881,0,social_sciences-business-law,unspecified,?,4595.91774,44.29483,62.88627,30.54642,93.43268,6.56732,?,1.27278,?,?,31.18365,29.62594,6.8,6.9,26.40293,tertiary,15.22653,?,6.19867,91.2702,?,5.81291,?,0,high
?,?,?,?,79.89188,20.07481,0,theoretical,14.76033,2.28918,13,3,unpopular,8.79569,15.88758,24.58861,21.52323,17.41663,0.83734,10,0.72812,0,social_sciences-business-law,unspecified,?,2785.210906,?,?,?,?,?,?,?,?,?,?,?,?,?,?,?,?,?,?,?,?,?,?,?,high
76,?,?,75,92.87573,6.98338,0,theoretical,22.46002,?,2,1,?,23.55071,6.5579,37.60139,4.47734,14.80225,1.11361,7,4.95853,0,social_sciences-business-law,unspecified,?,3782.250101,?,?,?,?,?,?,?,?,?,?,?,?,?,?,?,?,?,?,?,?,?,?,?,middle
69,73.1,72.79083,69,96.1041,3.8959,?,theoretical,?,?,1,0,?,?,?,?,?,?,?,?,?,?,?,?,?,3486.388963,20.03378,?,?,91.45494,8.54506,1.32358,0.69218,0.63139,public,17.86978,18.53815,4.1,3.8,13.66364,tertiary,10.60735,?,3.79083,93.52551,4.83079,3.74194,1.08885,0,middle
83,85,84.34559,82,69.20412,30.46057,0,theoretical,?,?,1,1,?,?,?,?,?,?,?,?,?,?,?,?,?,4124.583986,9.21609,66.07676,16.09611,82.17287,17.82713,1.3608,0.37432,0.98648,private,14.37753,13.82178,3,2.8,8.9452,secondary,17.061,?,2.34559,79.10096,4.79888,2.72138,2.0775,?,middle
90,94.4,94.08798,89,97.46588,0.87398,1.66014,theoretical,61.18565,0.85429,1,1,unpopular,16.30748,8.01938,42.59962,6.82924,8.90766,1.73032,9,6.2036,1,social_sciences-business-law,unspecified,?,5627.209926,20.92867,61.33113,19.2539,80.58503,19.41497,1.51088,1.03402,?,?,23.50052,22.77437,5.4,5.2,23.92509,primary,11.40871,?,5.08798,94.39328,5.82275,4.98075,?,?,high
99,102.8,102.67002,97,95.57383,0,4.39933,theoretical,46.84348,2.87623,3,2,unpopular,8.65168,8.21534,29.274,6.53742,18.33378,1.6016,21,6.53996,0,social_sciences-business-law,unspecified,?,3606.416488,31.42852,68.27174,23.26275,91.53449,8.46551,1.45088,0.94585,?,?,19.7606,20.15411,5.8,5.6,28.22039,secondary,10.95662,?,5.67002,97.36465,5.83651,5.32958,0.427,0.07993,high
?,?,?,95,?,?,?,?,?,?,?,?,?,?,?,?,?,?,?,?,?,?,?,?,?,6701.372243,?,?,?,?,?,?,?,?,?,?,?,?,?,?,?,?,?,?,?,?,?,?,?,high
?,?,?,?,79.00477,20.99523,0,theoretical,2.97251,39.13043,21,2,popular,5.8318,20.74893,37.3849,7.42787,16.57459,0,8,4.48128,?,social_sciences-business-law,agriculture,?,791.329778,?,?,?,?,?,?,?,?,?,?,?,?,?,?,?,?,?,?,?,?,?,?,?,high
104,?,?,100,74.89568,23.46698,1.63734,theoretical,?,1.81049,4,4,unpopular,?,?,?,?,?,?,?,?,?,?,?,?,6617.099777,?,?,?,?,?,?,?,?,?,?,?,?,?,?,?,?,?,?,?,?,?,?,?,high
68,72.4,71.71732,64,85.42192,13.09692,1.48116,theoretical,?,1.20921,11,4,unpopular,?,?,?,?,?,?,?,?,?,?,?,?,3654.287882,44.82461,59.8458,33.83259,93.67839,6.32161,?,1.41257,?,?,18.352,17.97629,8.4,9.1,46.8204,tertiary,22.3409,23.13017,7.71732,91.7606,?,8.79377,?,?,middle
83,?,?,82,97.04529,0,2.89768,theoretical,52.22676,1.34654,3,1,unpopular,1.48873,8.33508,59.97609,4.80318,12.31203,1.63381,9,2.68208,0,social_sciences-business-law,unspecified,?,4662.388998,?,?,?,?,?,?,?,?,?,?,?,?,?,?,?,?,?,?,?,?,?,?,?,middle
64,69,68.22855,64,95.5383,4.4617,0,theoretical,?,?,5,0,?,?,?,?,?,?,?,?,?,?,?,?,?,578.901462,191.04373,74.97565,18.42863,93.40428,6.59572,?,1.13821,?,?,25.31946,22.74969,5,5,18.26323,tertiary,18.18686,26.89212,4.22855,83.9243,?,4.99959,?,?,low
83,78.4,78.21394,74,83.22352,16.77648,0,theoretical,?,16.77648,72,9,unpopular,?,?,?,?,?,?,?,?,?,?,?,?,1112.194682,17.07167,?,?,?,?,?,?,?,?,?,4.5958,4.4,4.2,16.89829,secondary,10.87999,15.80554,4.21394,96.83648,?,4.18319,?,0,middle
84,79.5,77.66075,70,?,?,?,?,?,?,332,14,?,?,?,?,?,?,?,?,?,?,?,?,?,429.786566,?,?,?,?,?,?,?,?,?,46.83304,?,9.5,9.5,33.02768,?,?,?,7.66075,80.66615,?,?,?,?,middle
88,?,?,86,85.64434,14.07178,0,theoretical,16.9804,2.97388,5,2,unpopular,12.33526,29.27628,14.61957,17.60256,18.17946,0,7,0,0,humanities&arts,agriculture,?,3314.821967,?,?,?,?,?,?,?,?,?,?,?,?,?,?,?,?,?,?,?,?,?,?,?,high
49,53.7,53.21994,48,?,?,?,?,?,?,13,1,?,?,?,?,?,?,?,?,?,?,?,?,?,711.212268,194.63698,74.66485,19.78163,94.44648,5.55352,?,?,?,?,25.34644,24.57196,5.7,5.6,27.43653,tertiary,?,?,5.21994,91.69827,?,?,?,0,middle
81,84,83.87761,79,78.91847,19.27354,1.80798,theoretical,19.43126,4.18173,5,2,unpopular,9.42244,9.78987,37.0674,7.91825,15.73545,2.58813,9,8.32472,0,social_sciences-business-law,unspecified,?,3110.114386,45.64538,63.57303,32.54302,96.11605,3.88395,?,1.41962,?,?,28.66463,29.08181,5,4.9,28.25426,primary,9.10966,9.31916,4.87761,97.51491,?,4.88148,?,?,middle
87,?,?,81,0,0,0,practical,0,0,?,6,?,0,0,0,0,0,0,?,0,?,?,education,?,?,?,?,?,?,?,?,?,?,?,?,?,?,?,?,?,?,?,?,?,?,?,?,?,middle
?,?,?,?,53.59248,43.10552,3.30201,theoretical,?,22.78,10,?,popular,?,?,?,?,?,?,?,?,?,?,?,?,4204.424134,27.88367,?,?,93.28063,6.71937,?,1.11048,?,?,36.00357,35.0615,3.3,3.2,?,tertiary,20.28637,24.7346,3.02067,90.26325,?,3.16724,?,?,high
89,86.5,85.93464,82,94.38698,0.94446,4.66857,theoretical,48.97281,3.38811,13,7,unpopular,13.67768,6.63468,31.85087,7.91558,12.85582,1.9038,19,5.94936,0,social_sciences-business-law,unspecified,?,4319.000445,19.19311,51.43113,27.07554,78.50667,21.49333,?,0.6395,0.27158,public,17.03007,19.62595,4.5,4.2,20.07664,primary,10.5566,?,3.93464,87.47362,4.61989,3.87582,0.72524,0,high
97,100.8,100.41064,95,73.4089,23.62348,2.96763,theoretical,37.96289,1.6836,2,2,unpopular,7.45405,6.15924,44.30791,5.51945,15.59866,2.84351,9,9.44958,0,social_sciences-business-law,unspecified,?,5607.436945,24.37023,62.62653,27.05729,89.68383,10.31617,1.27512,1.04668,0.18938,public,24.45019,24.04664,5.8,5.7,28.32974,secondary,11.36223,?,5.41064,93.62407,5.93677,5.21019,0.68333,0,high
104,108,107.54039,103,81.41463,14.83747,3.7479,theoretical,41.06939,2.98131,1,1,popular,13.70824,8.78414,26.99943,8.77418,16.2981,1.68905,16,8.20593,0,social_sciences-business-law,unspecified,?,4078.431514,28.53515,63.02524,18.55519,81.58043,18.41957,1.34778,1.05424,0.29354,public,21.01343,23.43326,5,5,23.81675,tertiary,10.86045,?,4.54039,90.26097,5.58879,4.77383,0.81496,0,high
77,78,77.70085,76,97.39196,1.52323,1.0848,theoretical,6.30638,?,7,1,?,7.22961,45.10443,17.02791,11.07369,7.00749,3.41418,6,0,3,humanities&arts,services,?,1224.756694,26.36929,50.61445,12.99175,63.60619,36.39381,?,?,?,?,12.22993,16.42822,2,2,8.4036,tertiary,11.5866,?,1.70085,85.44089,?,?,?,?,middle
96,99.8,99.47424,93,89.46629,6.14142,4.39229,theoretical,33.78657,6.93017,3,3,popular,15.15592,6.36751,23.85612,7.58613,17.80224,1.1206,25,3.14455,0,health-welfare,unspecified,?,4851.982155,41.77461,61.20409,35.54695,96.75104,3.24896,1.75713,1.52955,0.15808,public,29.78304,29.02195,6.8,7,30.01032,tertiary,13.36582,?,6.47424,94.78501,6.45141,6.22165,0.16027,0.0695,high
88,90.9,90.54258,86,70.98484,20.92311,8.09205,theoretical,29.92524,15.36163,5,2,popular,9.88525,8.11158,37.19061,7.5078,12.27447,1.87489,16,7.1347,1,social_sciences-business-law,unspecified,?,3177.53216,41.5909,67.80701,22.28913,90.09614,9.90386,1.23417,1.23417,?,?,24.96765,25.30709,4.9,5.2,27.06336,tertiary,15.94123,?,4.54258,92.13666,5.55996,5.077,?,0,high
73,?,?,72,93.32915,6.38336,0,theoretical,11.12926,?,3,1,?,?,?,?,?,?,?,?,?,?,?,?,?,2665.394552,?,?,?,?,?,?,?,?,?,?,?,?,?,?,?,?,?,?,?,?,?,?,?,middle
70,73.1,?,69,80.65683,18.68194,0.66123,theoretical,?,1.72716,3,1,unpopular,?,?,?,?,?,?,?,?,?,?,?,?,2565.735357,15.73542,?,?,?,?,?,0.35653,?,?,?,10.07537,4.1,4,15.53345,?,14.7477,?,?,?,?,3.9353,?,?,low
?,?,?,?,83.35495,15.69285,0.95221,theoretical,?,0.78514,1,1,unpopular,?,?,?,?,?,?,?,?,?,?,?,?,3654.355972,16.95367,?,?,89.23825,10.76175,?,0.61955,?,?,?,16.50964,3.9,3.8,?,?,22.30574,?,?,?,?,3.75264,?,?,middle
73,?,?,70,95.97338,3.58947,0,theoretical,28.59412,?,8,3,?,10.24833,13.45441,37.72239,11.61972,7.73721,2.298,11,6.27317,0,social_sciences-business-law,unspecified,?,2938.042523,?,?,?,?,?,?,?,?,?,?,?,?,?,?,?,?,?,?,?,?,?,?,?,middle
76,75.1,74.81001,72,?,?,?,?,?,?,20,4,?,?,?,?,?,?,?,?,?,?,?,?,?,1623.892124,71.9107,?,?,100,0,?,0.50017,?,?,11.48151,10.43287,3.1,11.2,?,?,11.68881,15.20921,2.81001,90.86677,?,10.52543,?,0,middle
?,?,?,?,85.43219,14.05315,0.51466,theoretical,?,?,6,1,?,?,?,?,?,?,?,?,?,?,?,?,?,887.390989,83.39767,60.5331,37.05933,97.59243,2.40757,?,0.50971,?,?,18.26521,16.73141,5.1,4.4,?,?,13.90979,20.95431,4.54319,89.39721,?,4.19284,?,0.36271,low
80,84.5,83.86427,78,88.59509,8.94659,2.45831,theoretical,?,0.58994,5,2,unpopular,?,?,?,?,?,?,?,?,?,?,?,?,3539.894399,49.41412,?,?,76.41803,23.58197,?,1.74921,?,?,24.01524,28.17329,6.5,6.2,?,?,21.51043,?,5.86427,89.64923,?,6.20874,?,?,middle
83,?,?,82,69.19764,29.5339,1.26845,theoretical,22.87366,0.73209,1,1,unpopular,11.8475,8.15795,44.7621,6.97712,13.30015,4.46944,6,4.57726,0,social_sciences-business-law,unspecified,?,4892.506324,?,?,?,?,?,?,?,?,?,?,?,?,?,?,?,?,?,?,?,?,?,?,?,middle
92,?,?,91,85.2067,13.44309,1.35021,theoretical,?,1.42975,1,1,popular,8.69106,4.96549,44.33315,5.04189,21.21762,4.13268,5,4.74764,1,social_sciences-business-law,unspecified,?,5744.41637,?,?,?,?,?,?,?,?,?,?,?,?,?,?,?,?,?,?,?,?,?,?,?,middle
?,?,?,?,81.49548,18.45806,0,theoretical,?,?,9,?,?,?,?,?,?,?,?,?,?,?,?,?,?,1121.975773,?,?,?,?,?,?,?,?,?,?,?,?,?,?,?,?,?,?,?,?,?,?,?,high
94,99.2,98.75048,93,77.03648,19.52777,3.43575,theoretical,42.16235,15.72921,1,1,popular,10.96008,15.72332,30.92791,12.74975,9.60166,0.88681,17,1.44265,1,social_sciences-business-law,agriculture,?,3981.291377,25.73493,0,0,0,0,1.38021,0.33362,0.98946,private,17.72735,16.39469,6.2,6.3,28.57424,secondary,12.01053,?,5.75048,92.45376,6.52495,4.43381,2.03402,0.05712,high
57,63.3,?,57,99.80027,?,0,?,?,?,7,0,?,?,?,?,?,?,?,?,?,?,?,?,?,189.252163,870.91983,?,?,?,?,?,?,?,?,?,28.29679,6.3,6.2,23.19783,?,18.33023,?,?,?,?,?,?,?,low
96,101.6,?,96,75.55084,22.10224,2.34692,theoretical,37.82113,3.35234,0,0,popular,10.33105,12.46201,37.99122,8.47871,6.99013,1.02575,16,7.00994,0,social_sciences-business-law,unspecified,?,6603.936992,21.66195,59.38621,29.66351,89.04972,10.95028,2.87491,1.04262,1.83229,private,?,25.65289,5.6,5.6,22.00412,secondary,?,?,?,?,7.52517,5.22313,2.30204,0,high
91,?,?,90,91.81213,8.04874,0,theoretical,?,?,2,1,?,3.9465,3.97298,40.86876,7.78705,7.81353,5.08542,28,2.91352,0,social_sciences-business-law,unspecified,?,4838.578616,?,?,?,?,?,?,?,?,?,?,?,?,?,?,?,?,?,?,?,?,?,?,?,middle
?,?,?,?,98.96753,0,1.03247,theoretical,10.49368,0,8,?,unpopular,34.33058,11.70799,22.57163,6.47796,14.40083,3.65978,5,2.02755,0,education,unspecified,?,1012.547965,?,?,?,?,?,?,?,?,?,?,?,?,?,?,?,?,?,?,?,?,?,?,?,middle
?,?,?,?,?,34.7279,?,?,?,0,2,1,unpopular,27.50447,3.8174,32.84401,0,16.76247,7.98936,4,3.341,4,social_sciences-business-law,science,?,2324.116987,43.35043,43.79979,41.09424,84.89403,15.10597,?,?,?,?,15.22495,14.71536,7.1,6.8,?,?,18.6917,18.93554,5.86154,82.05667,?,?,?,?,middle
54,?,?,54,?,?,?,?,?,?,3,0,?,?,?,?,?,?,?,?,?,?,?,?,?,1195.492265,?,?,?,?,?,?,?,?,?,?,?,?,?,?,?,?,?,?,?,?,?,?,?,middle
?,?,?,?,?,?,?,?,?,0.93435,26,2,unpopular,25.15569,7.79744,34.52966,5.36218,19.4723,1.81908,6,0,0,social_sciences-business-law,services,?,723.492844,78.87749,?,?,?,?,?,0.50341,0,public,20.99459,22.81501,2.7,2.5,?,?,8.26355,14.07761,2.52954,95.40041,?,2.43404,0,0,low
